Date,Time,Time Zone,Category,Item,Qty,Price Point Name,SKU,Modifiers Applied,Gross Sales,Discounts,Net Sales,Tax,Transaction ID,Payment ID,Device Name,Notes,Details,Event Type,Location,Dining Option,Customer ID,Customer Name,Customer Reference ID,Unit,Count,Itemization Type,Fulfillment Note,Channel,Token
2026-08-29,11:27:12,Central Time (US & Canada),Plates,Salmon Plate,1,Regular,,,$19.00,$0.00,$19.00,$1.57,TXN100000,PAY500000,Counter iPad 1,,,Payment,Bluebird Bowl Co. - Main St,To Go,,Test Customer A,,ea,1,Physical Item,,Square Point of Sale,tok00000
2026-08-29,11:36:22,Central Time (US & Canada),Beverages,Fountain Drink,2,Regular,,,$5.50,$0.00,$5.50,$0.45,TXN100001,PAY500001,Counter iPad 1,,,Payment,Bluebird Bowl Co. - Main St,To Go,,,,ea,2,Physical Item,,Square Point of Sale,tok00001
2026-08-29,11:54:10,Central Time (US & Canada),Bowls,Chicken Bowl,1,Regular,,,$12.00,$0.00,$12.00,$0.99,TXN100002,PAY500002,Counter iPad 1,,,Payment,Bluebird Bowl Co. - Main St,To Go,,,,ea,1,Physical Item,,Square Point of Sale,tok00002
2026-08-29,12:06:38,Central Time (US & Canada),Bowls,Chicken Bowl,1,Regular,,,$12.00,$0.00,$12.00,$0.99,TXN100003,PAY500003,Counter iPad 1,,,Payment,Bluebird Bowl Co. - Main St,For Here,,,,ea,1,Physical Item,,Square Point of Sale,tok00003
2026-08-29,12:24:32,Central Time (US & Canada),Plates,Salmon Plate,1,Regular,,,$19.00,$0.00,$19.00,$1.57,TXN100004,PAY500004,Counter iPad 1,,,Payment,Bluebird Bowl Co. - Main St,To Go,,,,ea,1,Physical Item,,Square Point of Sale,tok00004
2026-08-29,12:37:46,Central Time (US & Canada),Bowls,Chicken Bowl,1,Regular,,,$12.00,$0.00,$12.00,$0.99,TXN100005,PAY500005,Counter iPad 1,,,Payment,Bluebird Bowl Co. - Main St,To Go,,,,ea,1,Physical Item,,Square Point of Sale,tok00005
2026-08-29,12:41:54,Central Time (US & Canada),Bowls,Chicken Bowl,1,Regular,,,$12.00,$0.00,$12.00,$0.99,TXN100006,PAY500006,Counter iPad 1,,,Payment,Bluebird Bowl Co. - Main St,To Go,,,,ea,1,Physical Item,,Square Point of Sale,tok00006
2026-08-29,12:51:54,Central Time (US & Canada),Bowls,Chicken Bowl,1,Regular,,,$12.00,$0.00,$12.00,$0.99,TXN100007,PAY500007,Counter iPad 1,,,Payment,Bluebird Bowl Co. - Main St,To Go,,,,ea,1,Physical Item,,Square Point of Sale,tok00007
2026-08-29,13:08:30,Central Time (US & Canada),Plates,Salmon Plate,1,Regular,,,$19.00,$0.00,$19.00,$1.57,TXN100008,PAY500008,Counter iPad 1,,,Payment,Bluebird Bowl Co. - Main St,To Go,,,,ea,1,Physical Item,,Square Point of Sale,tok00008
2026-08-29,13:10:46,Central Time (US & Canada),Plates,Salmon Plate,1,Regular,,,$19.00,$0.00,$19.00,$1.57,TXN100009,PAY500009,Counter iPad 1,,,Payment,Bluebird Bowl Co. - Main St,For Here,,,,ea,1,Physical Item,,Square Point of Sale,tok00009
2026-08-29,13:11:59,Central Time (US & Canada),Bowls,Chicken Bowl,2,Regular,,,$24.00,$0.00,$24.00,$1.98,TXN100010,PAY500010,Counter iPad 1,,,Payment,Bluebird Bowl Co. - Main St,For Here,,,,ea,2,Physical Item,,Square Point of Sale,tok00010
2026-08-29,13:12:38,Central Time (US & Canada),Plates,Salmon Plate,1,Regular,,,$19.00,$0.00,$19.00,$1.57,TXN100011,PAY500011,Counter iPad 1,,,Payment,Bluebird Bowl Co. - Main St,To Go,,,,ea,1,Physical Item,,Square Point of Sale,tok00011
2026-08-29,13:20:53,Central Time (US & Canada),Bowls,Chicken Bowl,1,Regular,,,$12.00,$0.00,$12.00,$0.99,TXN100012,PAY500012,Counter iPad 1,,,Payment,Bluebird Bowl Co. - Main St,To Go,,,,ea,1,Physical Item,,Square Point of Sale,tok00012
2026-08-29,14:01:57,Central Time (US & Canada),Plates,Salmon Plate,1,Regular,,,$19.00,$0.00,$19.00,$1.57,TXN100013,PAY500013,Counter iPad 1,,,Payment,Bluebird Bowl Co. - Main St,To Go,,,,ea,1,Physical Item,,Square Point of Sale,tok00013
2026-08-29,14:03:17,Central Time (US & Canada),Bowls,Chicken Bowl,1,Regular,,,$12.00,$0.00,$12.00,$0.99,TXN100014,PAY500014,Counter iPad 1,,,Payment,Bluebird Bowl Co. - Main St,For Here,,,,ea,1,Physical Item,,Square Point of Sale,tok00014
2026-08-29,14:08:12,Central Time (US & Canada),Plates,Salmon Plate,1,Regular,,,$19.00,$0.00,$19.00,$1.57,TXN100015,PAY500015,Counter iPad 1,,,Payment,Bluebird Bowl Co. - Main St,For Here,,,,ea,1,Physical Item,,Square Point of Sale,tok00015
2026-08-29,14:46:40,Central Time (US & Canada),Beverages,Fountain Drink,2,Regular,,,$5.50,$0.00,$5.50,$0.45,TXN100016,PAY500016,Counter iPad 1,,,Payment,Bluebird Bowl Co. - Main St,For Here,,,,ea,2,Physical Item,,Square Point of Sale,tok00016
2026-08-29,14:51:09,Central Time (US & Canada),Bowls,Veggie Bowl,1,Regular,,Extra Avocado,$13.50,$0.00,$13.50,$1.11,TXN100017,PAY500017,Counter iPad 1,,,Payment,Bluebird Bowl Co. - Main St,To Go,,,,ea,1,Physical Item,,Square Point of Sale,tok00017
2026-08-29,15:26:50,Central Time (US & Canada),Plates,Salmon Plate,1,Regular,,,$19.00,$0.00,$19.00,$1.57,TXN100018,PAY500018,Counter iPad 1,,,Payment,Bluebird Bowl Co. - Main St,To Go,,,,ea,1,Physical Item,,Square Point of Sale,tok00018
2026-08-29,16:11:28,Central Time (US & Canada),Bowls,Veggie Bowl,2,Regular,,,$27.00,$0.00,$27.00,$2.23,TXN100019,PAY500019,Counter iPad 1,,,Payment,Bluebird Bowl Co. - Main St,For Here,,,,ea,2,Physical Item,,Square Point of Sale,tok00019
2026-08-29,16:16:48,Central Time (US & Canada),Bowls,Chicken Bowl,1,Regular,,,$12.00,$0.00,$12.00,$0.99,TXN100020,PAY500020,Counter iPad 1,,,Payment,Bluebird Bowl Co. - Main St,For Here,,,,ea,1,Physical Item,,Square Point of Sale,tok00020
2026-08-29,16:29:47,Central Time (US & Canada),Kids,Kids Plate,1,Regular,,,$7.00,$0.00,$7.00,$0.58,TXN100021,PAY500021,Counter iPad 1,,,Payment,Bluebird Bowl Co. - Main St,To Go,,,,ea,1,Physical Item,,Square Point of Sale,tok00021
2026-08-29,17:07:26,Central Time (US & Canada),Beverages,Fountain Drink,2,Regular,,,$5.50,$0.00,$5.50,$0.45,TXN100022,PAY500022,Counter iPad 1,,,Payment,Bluebird Bowl Co. - Main St,For Here,,,,ea,2,Physical Item,,Square Point of Sale,tok00022
2026-08-29,17:34:02,Central Time (US & Canada),Plates,Salmon Plate,1,Regular,,,$19.00,$0.00,$19.00,$1.57,TXN100023,PAY500023,Counter iPad 1,,,Payment,Bluebird Bowl Co. - Main St,To Go,,,,ea,1,Physical Item,,Square Point of Sale,tok00023
2026-08-29,17:37:06,Central Time (US & Canada),Bowls,Steak Bowl,1,Regular,,,$16.00,$0.00,$16.00,$1.32,TXN100024,PAY500024,Counter iPad 1,,,Payment,Bluebird Bowl Co. - Main St,To Go,,,,ea,1,Physical Item,,Square Point of Sale,tok00024
2026-08-29,18:00:33,Central Time (US & Canada),Bowls,Chicken Bowl,1,Regular,,,$12.00,$0.00,$12.00,$0.99,TXN100025,PAY500025,Counter iPad 1,,,Payment,Bluebird Bowl Co. - Main St,To Go,,,,ea,1,Physical Item,,Square Point of Sale,tok00025
2026-08-29,18:06:43,Central Time (US & Canada),Kids,Kids Plate,1,Regular,,,$7.00,$0.00,$7.00,$0.58,TXN100026,PAY500026,Counter iPad 1,,,Payment,Bluebird Bowl Co. - Main St,To Go,,,,ea,1,Physical Item,,Square Point of Sale,tok00026
2026-08-29,18:12:38,Central Time (US & Canada),Beverages,Fountain Drink,1,Regular,,,$2.75,$0.00,$2.75,$0.23,TXN100027,PAY500027,Counter iPad 1,,,Payment,Bluebird Bowl Co. - Main St,To Go,,,,ea,1,Physical Item,,Square Point of Sale,tok00027
2026-08-29,18:14:22,Central Time (US & Canada),Bowls,Steak Bowl,1,Regular,,,$16.00,$0.00,$16.00,$1.32,TXN100028,PAY500028,Counter iPad 1,,,Payment,Bluebird Bowl Co. - Main St,For Here,,,,ea,1,Physical Item,,Square Point of Sale,tok00028
2026-08-29,18:28:20,Central Time (US & Canada),Bowls,Chicken Bowl,1,Regular,,,$12.00,$0.00,$12.00,$0.99,TXN100029,PAY500029,Counter iPad 1,,,Payment,Bluebird Bowl Co. - Main St,For Here,,,,ea,1,Physical Item,,Square Point of Sale,tok00029
2026-08-29,19:10:21,Central Time (US & Canada),Plates,Salmon Plate,1,Regular,,,$19.00,$0.00,$19.00,$1.57,TXN100030,PAY500030,Counter iPad 1,,,Payment,Bluebird Bowl Co. - Main St,For Here,,,,ea,1,Physical Item,,Square Point of Sale,tok00030
2026-08-29,19:13:35,Central Time (US & Canada),Bowls,Chicken Bowl,1,Regular,,,$12.00,$0.00,$12.00,$0.99,TXN100031,PAY500031,Counter iPad 1,,,Payment,Bluebird Bowl Co. - Main St,To Go,,,,ea,1,Physical Item,,Square Point of Sale,tok00031
2026-08-29,19:25:08,Central Time (US & Canada),Bowls,Chicken Bowl,1,Regular,,,$12.00,$0.00,$12.00,$0.99,TXN100032,PAY500032,Counter iPad 1,,,Payment,Bluebird Bowl Co. - Main St,For Here,,,,ea,1,Physical Item,,Square Point of Sale,tok00032
2026-08-29,19:28:51,Central Time (US & Canada),Bowls,Veggie Bowl,2,Regular,,,$27.00,$0.00,$27.00,$2.23,TXN100033,PAY500033,Counter iPad 1,,,Payment,Bluebird Bowl Co. - Main St,For Here,,,,ea,2,Physical Item,,Square Point of Sale,tok00033
2026-08-30,11:05:25,Central Time (US & Canada),Bowls,Chicken Bowl,1,Regular,,Extra Avocado,$12.00,$0.00,$12.00,$0.99,TXN100034,PAY500034,Counter iPad 1,,,Payment,Bluebird Bowl Co. - Main St,For Here,,,,ea,1,Physical Item,,Square Point of Sale,tok00034
2026-08-30,11:16:28,Central Time (US & Canada),Beverages,Fountain Drink,1,Regular,,,$2.75,$0.00,$2.75,$0.23,TXN100035,PAY500035,Counter iPad 1,,,Payment,Bluebird Bowl Co. - Main St,For Here,,,,ea,1,Physical Item,,Square Point of Sale,tok00035
2026-08-30,11:18:01,Central Time (US & Canada),Beverages,Fountain Drink,2,Regular,,,$5.50,$0.00,$5.50,$0.45,TXN100036,PAY500036,Counter iPad 1,,,Payment,Bluebird Bowl Co. - Main St,To Go,,,,ea,2,Physical Item,,Square Point of Sale,tok00036
2026-08-30,11:28:38,Central Time (US & Canada),Plates,Salmon Plate,1,Regular,,,$19.00,$0.00,$19.00,$1.57,TXN100037,PAY500037,Counter iPad 1,,,Payment,Bluebird Bowl Co. - Main St,For Here,,,,ea,1,Physical Item,,Square Point of Sale,tok00037
2026-08-30,11:29:08,Central Time (US & Canada),Plates,Salmon Plate,1,Regular,,,$19.00,$0.00,$19.00,$1.57,TXN100038,PAY500038,Counter iPad 1,,,Payment,Bluebird Bowl Co. - Main St,To Go,,,,ea,1,Physical Item,,Square Point of Sale,tok00038
2026-08-30,11:32:42,Central Time (US & Canada),Bowls,Chicken Bowl,1,Regular,,,$12.00,$0.00,$12.00,$0.99,TXN100039,PAY500039,Counter iPad 1,,,Payment,Bluebird Bowl Co. - Main St,To Go,,,,ea,1,Physical Item,,Square Point of Sale,tok00039
2026-08-30,11:35:51,Central Time (US & Canada),Beverages,Fountain Drink,1,Regular,,,$2.75,$0.00,$2.75,$0.23,TXN100040,PAY500040,Counter iPad 1,,,Payment,Bluebird Bowl Co. - Main St,For Here,,,,ea,1,Physical Item,,Square Point of Sale,tok00040
2026-08-30,11:35:59,Central Time (US & Canada),Bowls,Chicken Bowl,1,Regular,,,$12.00,$0.00,$12.00,$0.99,TXN100041,PAY500041,Counter iPad 1,,,Payment,Bluebird Bowl Co. - Main St,For Here,,,,ea,1,Physical Item,,Square Point of Sale,tok00041
2026-08-30,12:26:58,Central Time (US & Canada),Beverages,Fountain Drink,1,Regular,,,$2.75,$0.00,$2.75,$0.23,TXN100042,PAY500042,Counter iPad 1,,,Payment,Bluebird Bowl Co. - Main St,To Go,,,,ea,1,Physical Item,,Square Point of Sale,tok00042
2026-08-30,12:31:47,Central Time (US & Canada),Beverages,Fountain Drink,1,Regular,,,$2.75,$0.00,$2.75,$0.23,TXN100043,PAY500043,Counter iPad 1,,,Payment,Bluebird Bowl Co. - Main St,For Here,,,,ea,1,Physical Item,,Square Point of Sale,tok00043
2026-08-30,12:37:06,Central Time (US & Canada),Bowls,Chicken Bowl,1,Regular,,,$12.00,$0.00,$12.00,$0.99,TXN100044,PAY500044,Counter iPad 1,,,Payment,Bluebird Bowl Co. - Main St,For Here,,,,ea,1,Physical Item,,Square Point of Sale,tok00044
2026-08-30,13:00:35,Central Time (US & Canada),Bowls,Chicken Bowl,2,Regular,,,$24.00,$0.00,$24.00,$1.98,TXN100045,PAY500045,Counter iPad 1,,,Payment,Bluebird Bowl Co. - Main St,To Go,,,,ea,2,Physical Item,,Square Point of Sale,tok00045
2026-08-30,13:09:36,Central Time (US & Canada),Beverages,Fountain Drink,2,Regular,,,$5.50,$0.00,$5.50,$0.45,TXN100046,PAY500046,Counter iPad 1,,,Payment,Bluebird Bowl Co. - Main St,To Go,,,,ea,2,Physical Item,,Square Point of Sale,tok00046
2026-08-30,13:56:41,Central Time (US & Canada),Bowls,Chicken Bowl,1,Regular,,,$12.00,$0.00,$12.00,$0.99,TXN100047,PAY500047,Counter iPad 1,,,Payment,Bluebird Bowl Co. - Main St,For Here,,,,ea,1,Physical Item,,Square Point of Sale,tok00047
2026-08-30,14:49:16,Central Time (US & Canada),Bowls,Chicken Bowl,1,Regular,,,$12.00,$0.00,$12.00,$0.99,TXN100048,PAY500048,Counter iPad 1,,,Payment,Bluebird Bowl Co. - Main St,For Here,,,,ea,1,Physical Item,,Square Point of Sale,tok00048
2026-08-30,15:03:51,Central Time (US & Canada),Bowls,Veggie Bowl,2,Regular,,,$27.00,$0.00,$27.00,$2.23,TXN100049,PAY500049,Counter iPad 1,,,Payment,Bluebird Bowl Co. - Main St,To Go,,,,ea,2,Physical Item,,Square Point of Sale,tok00049
2026-08-30,16:23:16,Central Time (US & Canada),Bowls,Chicken Bowl,1,Regular,,,$12.00,$0.00,$12.00,$0.99,TXN100050,PAY500050,Counter iPad 1,,,Payment,Bluebird Bowl Co. - Main St,For Here,,,,ea,1,Physical Item,,Square Point of Sale,tok00050
2026-08-30,16:42:30,Central Time (US & Canada),Bowls,Steak Bowl,1,Regular,,Extra Avocado,$16.00,$0.00,$16.00,$1.32,TXN100051,PAY500051,Counter iPad 1,,,Payment,Bluebird Bowl Co. - Main St,To Go,,,,ea,1,Physical Item,,Square Point of Sale,tok00051
2026-08-30,16:44:57,Central Time (US & Canada),Plates,Salmon Plate,1,Regular,,,$19.00,$0.00,$19.00,$1.57,TXN100052,PAY500052,Counter iPad 1,,,Payment,Bluebird Bowl Co. - Main St,For Here,,,,ea,1,Physical Item,,Square Point of Sale,tok00052
2026-08-30,16:59:15,Central Time (US & Canada),Plates,Salmon Plate,1,Regular,,,$19.00,$0.00,$19.00,$1.57,TXN100053,PAY500053,Counter iPad 1,,,Payment,Bluebird Bowl Co. - Main St,To Go,,,,ea,1,Physical Item,,Square Point of Sale,tok00053
2026-08-30,17:22:27,Central Time (US & Canada),Bowls,Chicken Bowl,1,Regular,,,$12.00,$0.00,$12.00,$0.99,TXN100054,PAY500054,Counter iPad 1,,,Payment,Bluebird Bowl Co. - Main St,To Go,,,,ea,1,Physical Item,,Square Point of Sale,tok00054
2026-08-30,17:23:43,Central Time (US & Canada),Bowls,Veggie Bowl,1,Regular,,,$13.50,$0.00,$13.50,$1.11,TXN100055,PAY500055,Counter iPad 1,,,Payment,Bluebird Bowl Co. - Main St,To Go,,,,ea,1,Physical Item,,Square Point of Sale,tok00055
2026-08-30,17:43:38,Central Time (US & Canada),Beverages,Fountain Drink,2,Regular,,,$5.50,$0.00,$5.50,$0.45,TXN100056,PAY500056,Counter iPad 1,,,Payment,Bluebird Bowl Co. - Main St,To Go,,,,ea,2,Physical Item,,Square Point of Sale,tok00056
2026-08-30,17:50:40,Central Time (US & Canada),Beverages,Fountain Drink,2,Regular,,,$5.50,$0.00,$5.50,$0.45,TXN100057,PAY500057,Counter iPad 1,,,Payment,Bluebird Bowl Co. - Main St,For Here,,,,ea,2,Physical Item,,Square Point of Sale,tok00057
2026-08-30,18:38:39,Central Time (US & Canada),Bowls,Chicken Bowl,1,Regular,,,$12.00,$0.00,$12.00,$0.99,TXN100058,PAY500058,Counter iPad 1,,,Payment,Bluebird Bowl Co. - Main St,For Here,,,,ea,1,Physical Item,,Square Point of Sale,tok00058
2026-08-30,18:39:03,Central Time (US & Canada),Plates,Salmon Plate,1,Regular,,,$19.00,$0.00,$19.00,$1.57,TXN100059,PAY500059,Counter iPad 1,,,Payment,Bluebird Bowl Co. - Main St,To Go,,,,ea,1,Physical Item,,Square Point of Sale,tok00059
2026-08-30,18:46:41,Central Time (US & Canada),Bowls,Steak Bowl,1,Regular,,,$16.00,$0.00,$16.00,$1.32,TXN100060,PAY500060,Counter iPad 1,,,Payment,Bluebird Bowl Co. - Main St,For Here,,,,ea,1,Physical Item,,Square Point of Sale,tok00060
2026-08-30,19:17:38,Central Time (US & Canada),Plates,Salmon Plate,1,Regular,,,$19.00,$0.00,$19.00,$1.57,TXN100061,PAY500061,Counter iPad 1,,,Payment,Bluebird Bowl Co. - Main St,To Go,,,,ea,1,Physical Item,,Square Point of Sale,tok00061
2026-08-30,19:20:25,Central Time (US & Canada),Plates,Salmon Plate,1,Regular,,,$19.00,$0.00,$19.00,$1.57,TXN100062,PAY500062,Counter iPad 1,,,Payment,Bluebird Bowl Co. - Main St,For Here,,,,ea,1,Physical Item,,Square Point of Sale,tok00062
2026-08-30,19:24:27,Central Time (US & Canada),Beverages,Fountain Drink,1,Regular,,,$2.75,$0.00,$2.75,$0.23,TXN100063,PAY500063,Counter iPad 1,,,Payment,Bluebird Bowl Co. - Main St,To Go,,,,ea,1,Physical Item,,Square Point of Sale,tok00063
2026-08-30,19:25:32,Central Time (US & Canada),Bowls,Chicken Bowl,1,Regular,,,$12.00,$0.00,$12.00,$0.99,TXN100064,PAY500064,Counter iPad 1,,,Payment,Bluebird Bowl Co. - Main St,For Here,,,,ea,1,Physical Item,,Square Point of Sale,tok00064
2026-08-30,19:27:29,Central Time (US & Canada),Bowls,Chicken Bowl,2,Regular,,,$24.00,$0.00,$24.00,$1.98,TXN100065,PAY500065,Counter iPad 1,,,Payment,Bluebird Bowl Co. - Main St,For Here,,,,ea,2,Physical Item,,Square Point of Sale,tok00065
2026-08-30,19:56:36,Central Time (US & Canada),Plates,Salmon Plate,1,Regular,,,$19.00,$0.00,$19.00,$1.57,TXN100066,PAY500066,Counter iPad 1,,,Payment,Bluebird Bowl Co. - Main St,To Go,,,,ea,1,Physical Item,,Square Point of Sale,tok00066
2026-08-30,20:19:10,Central Time (US & Canada),Bowls,Veggie Bowl,1,Regular,,,$13.50,$0.00,$13.50,$1.11,TXN100067,PAY500067,Counter iPad 1,,,Payment,Bluebird Bowl Co. - Main St,To Go,,,,ea,1,Physical Item,,Square Point of Sale,tok00067
2026-08-31,11:02:02,Central Time (US & Canada),Bowls,Chicken Bowl,1,Regular,,Extra Avocado,$12.00,$0.00,$12.00,$0.99,TXN100068,PAY500068,Counter iPad 1,,,Payment,Bluebird Bowl Co. - Main St,For Here,,,,ea,1,Physical Item,,Square Point of Sale,tok00068
2026-08-31,11:06:25,Central Time (US & Canada),Beverages,Fountain Drink,1,Regular,,,$2.75,$0.00,$2.75,$0.23,TXN100069,PAY500069,Counter iPad 1,,,Payment,Bluebird Bowl Co. - Main St,For Here,,,,ea,1,Physical Item,,Square Point of Sale,tok00069
2026-08-31,11:11:12,Central Time (US & Canada),Plates,Salmon Plate,1,Regular,,,$19.00,$0.00,$19.00,$1.57,TXN100070,PAY500070,Counter iPad 1,,,Payment,Bluebird Bowl Co. - Main St,For Here,,,,ea,1,Physical Item,,Square Point of Sale,tok00070
2026-08-31,11:15:47,Central Time (US & Canada),Plates,Salmon Plate,2,Regular,,,$38.00,$0.00,$38.00,$3.14,TXN100071,PAY500071,Counter iPad 1,,,Payment,Bluebird Bowl Co. - Main St,For Here,,,,ea,2,Physical Item,,Square Point of Sale,tok00071
2026-08-31,11:16:24,Central Time (US & Canada),Bowls,Chicken Bowl,1,Regular,,,$12.00,$0.00,$12.00,$0.99,TXN100072,PAY500072,Counter iPad 1,,,Payment,Bluebird Bowl Co. - Main St,For Here,,,,ea,1,Physical Item,,Square Point of Sale,tok00072
2026-08-31,12:37:37,Central Time (US & Canada),Bowls,Steak Bowl,2,Regular,,,$32.00,$0.00,$32.00,$2.64,TXN100073,PAY500073,Counter iPad 1,,,Payment,Bluebird Bowl Co. - Main St,To Go,,,,ea,2,Physical Item,,Square Point of Sale,tok00073
2026-08-31,12:52:02,Central Time (US & Canada),Bowls,Veggie Bowl,2,Regular,,,$27.00,$0.00,$27.00,$2.23,TXN100074,PAY500074,Counter iPad 1,,,Payment,Bluebird Bowl Co. - Main St,For Here,,,,ea,2,Physical Item,,Square Point of Sale,tok00074
2026-08-31,13:26:41,Central Time (US & Canada),Beverages,Fountain Drink,1,Regular,,,$2.75,$0.00,$2.75,$0.23,TXN100075,PAY500075,Counter iPad 1,,,Payment,Bluebird Bowl Co. - Main St,To Go,,,,ea,1,Physical Item,,Square Point of Sale,tok00075
2026-08-31,13:43:37,Central Time (US & Canada),Bowls,Chicken Bowl,1,Regular,,,$12.00,$0.00,$12.00,$0.99,TXN100076,PAY500076,Counter iPad 1,,,Payment,Bluebird Bowl Co. - Main St,To Go,,,,ea,1,Physical Item,,Square Point of Sale,tok00076
2026-08-31,14:29:06,Central Time (US & Canada),Bowls,Chicken Bowl,1,Regular,,,$12.00,$0.00,$12.00,$0.99,TXN100077,PAY500077,Counter iPad 1,,,Payment,Bluebird Bowl Co. - Main St,To Go,,,,ea,1,Physical Item,,Square Point of Sale,tok00077
2026-08-31,14:51:25,Central Time (US & Canada),Bowls,Chicken Bowl,2,Regular,,,$24.00,$0.00,$24.00,$1.98,TXN100078,PAY500078,Counter iPad 1,,,Payment,Bluebird Bowl Co. - Main St,For Here,,,,ea,2,Physical Item,,Square Point of Sale,tok00078
2026-08-31,15:10:55,Central Time (US & Canada),Beverages,Fountain Drink,2,Regular,,,$5.50,$0.00,$5.50,$0.45,TXN100079,PAY500079,Counter iPad 1,,,Payment,Bluebird Bowl Co. - Main St,For Here,,,,ea,2,Physical Item,,Square Point of Sale,tok00079
2026-08-31,16:00:31,Central Time (US & Canada),Bowls,Chicken Bowl,2,Regular,,,$24.00,$0.00,$24.00,$1.98,TXN100080,PAY500080,Counter iPad 1,,,Payment,Bluebird Bowl Co. - Main St,To Go,,,,ea,2,Physical Item,,Square Point of Sale,tok00080
2026-08-31,16:16:06,Central Time (US & Canada),Plates,Salmon Plate,1,Regular,,,$19.00,$0.00,$19.00,$1.57,TXN100081,PAY500081,Counter iPad 1,,,Payment,Bluebird Bowl Co. - Main St,For Here,,,,ea,1,Physical Item,,Square Point of Sale,tok00081
2026-08-31,16:35:41,Central Time (US & Canada),Plates,Salmon Plate,1,Regular,,,$19.00,$0.00,$19.00,$1.57,TXN100082,PAY500082,Counter iPad 1,,,Payment,Bluebird Bowl Co. - Main St,To Go,,,,ea,1,Physical Item,,Square Point of Sale,tok00082
2026-08-31,16:50:08,Central Time (US & Canada),Beverages,Fountain Drink,1,Regular,,,$2.75,$0.00,$2.75,$0.23,TXN100083,PAY500083,Counter iPad 1,,,Payment,Bluebird Bowl Co. - Main St,To Go,,,,ea,1,Physical Item,,Square Point of Sale,tok00083
2026-08-31,17:14:20,Central Time (US & Canada),Beverages,Fountain Drink,1,Regular,,,$2.75,$0.00,$2.75,$0.23,TXN100084,PAY500084,Counter iPad 1,,,Payment,Bluebird Bowl Co. - Main St,For Here,,,,ea,1,Physical Item,,Square Point of Sale,tok00084
2026-08-31,17:24:35,Central Time (US & Canada),Bowls,Chicken Bowl,1,Regular,,Extra Avocado,$12.00,$0.00,$12.00,$0.99,TXN100085,PAY500085,Counter iPad 1,,,Payment,Bluebird Bowl Co. - Main St,For Here,,,,ea,1,Physical Item,,Square Point of Sale,tok00085
2026-08-31,17:53:37,Central Time (US & Canada),Bowls,Steak Bowl,1,Regular,,,$16.00,$0.00,$16.00,$1.32,TXN100086,PAY500086,Counter iPad 1,,,Payment,Bluebird Bowl Co. - Main St,For Here,,,,ea,1,Physical Item,,Square Point of Sale,tok00086
2026-08-31,18:16:14,Central Time (US & Canada),Kids,Kids Plate,1,Regular,,,$7.00,$0.00,$7.00,$0.58,TXN100087,PAY500087,Counter iPad 1,,,Payment,Bluebird Bowl Co. - Main St,To Go,,,,ea,1,Physical Item,,Square Point of Sale,tok00087
2026-08-31,18:29:10,Central Time (US & Canada),Bowls,Chicken Bowl,1,Regular,,,$12.00,$0.00,$12.00,$0.99,TXN100088,PAY500088,Counter iPad 1,,,Payment,Bluebird Bowl Co. - Main St,For Here,,,,ea,1,Physical Item,,Square Point of Sale,tok00088
2026-08-31,18:33:22,Central Time (US & Canada),Bowls,Veggie Bowl,1,Regular,,,$13.50,$0.00,$13.50,$1.11,TXN100089,PAY500089,Counter iPad 1,,,Payment,Bluebird Bowl Co. - Main St,To Go,,,,ea,1,Physical Item,,Square Point of Sale,tok00089
2026-08-31,18:41:20,Central Time (US & Canada),Plates,Salmon Plate,1,Regular,,,$19.00,$0.00,$19.00,$1.57,TXN100090,PAY500090,Counter iPad 1,,,Payment,Bluebird Bowl Co. - Main St,To Go,,,,ea,1,Physical Item,,Square Point of Sale,tok00090
2026-08-31,19:08:40,Central Time (US & Canada),Bowls,Steak Bowl,2,Regular,,,$32.00,$0.00,$32.00,$2.64,TXN100091,PAY500091,Counter iPad 1,,,Payment,Bluebird Bowl Co. - Main St,To Go,,,,ea,2,Physical Item,,Square Point of Sale,tok00091
2026-08-31,19:10:20,Central Time (US & Canada),Beverages,Fountain Drink,2,Regular,,,$5.50,$0.00,$5.50,$0.45,TXN100092,PAY500092,Counter iPad 1,,,Payment,Bluebird Bowl Co. - Main St,For Here,,,,ea,2,Physical Item,,Square Point of Sale,tok00092
2026-08-31,19:12:22,Central Time (US & Canada),Plates,Salmon Plate,2,Regular,,,$38.00,$0.00,$38.00,$3.14,TXN100093,PAY500093,Counter iPad 1,,,Payment,Bluebird Bowl Co. - Main St,To Go,,,,ea,2,Physical Item,,Square Point of Sale,tok00093
2026-08-31,19:24:20,Central Time (US & Canada),Beverages,Fountain Drink,1,Regular,,,$2.75,$0.00,$2.75,$0.23,TXN100094,PAY500094,Counter iPad 1,,,Payment,Bluebird Bowl Co. - Main St,For Here,,,,ea,1,Physical Item,,Square Point of Sale,tok00094
2026-08-31,19:26:29,Central Time (US & Canada),Bowls,Chicken Bowl,1,Regular,,,$12.00,$0.00,$12.00,$0.99,TXN100095,PAY500095,Counter iPad 1,,,Payment,Bluebird Bowl Co. - Main St,For Here,,,,ea,1,Physical Item,,Square Point of Sale,tok00095
2026-08-31,19:38:40,Central Time (US & Canada),Bowls,Chicken Bowl,1,Regular,,,$12.00,$0.00,$12.00,$0.99,TXN100096,PAY500096,Counter iPad 1,,,Payment,Bluebird Bowl Co. - Main St,For Here,,,,ea,1,Physical Item,,Square Point of Sale,tok00096
2026-08-31,20:02:55,Central Time (US & Canada),Bowls,Chicken Bowl,1,Regular,,,$12.00,$0.00,$12.00,$0.99,TXN100097,PAY500097,Counter iPad 1,,,Payment,Bluebird Bowl Co. - Main St,For Here,,Test Customer A,,ea,1,Physical Item,,Square Point of Sale,tok00097
2026-08-31,20:18:29,Central Time (US & Canada),Bowls,Steak Bowl,1,Regular,,,$16.00,$0.00,$16.00,$1.32,TXN100098,PAY500098,Counter iPad 1,,,Payment,Bluebird Bowl Co. - Main St,To Go,,,,ea,1,Physical Item,,Square Point of Sale,tok00098
2026-08-31,20:30:51,Central Time (US & Canada),Bowls,Chicken Bowl,2,Regular,,,$24.00,$0.00,$24.00,$1.98,TXN100099,PAY500099,Counter iPad 1,,,Payment,Bluebird Bowl Co. - Main St,To Go,,,,ea,2,Physical Item,,Square Point of Sale,tok00099
2026-08-31,20:37:48,Central Time (US & Canada),Beverages,Fountain Drink,2,Regular,,,$5.50,$0.00,$5.50,$0.45,TXN100100,PAY500100,Counter iPad 1,,,Payment,Bluebird Bowl Co. - Main St,For Here,,,,ea,2,Physical Item,,Square Point of Sale,tok00100
2026-08-31,20:40:48,Central Time (US & Canada),Bowls,Chicken Bowl,1,Regular,,,$12.00,$0.00,$12.00,$0.99,TXN100101,PAY500101,Counter iPad 1,,,Payment,Bluebird Bowl Co. - Main St,To Go,,,,ea,1,Physical Item,,Square Point of Sale,tok00101
2026-09-01,11:25:28,Central Time (US & Canada),Bowls,Chicken Bowl,1,Regular,,Extra Avocado,$12.00,$0.00,$12.00,$0.99,TXN100102,PAY500102,Counter iPad 1,,,Payment,Bluebird Bowl Co. - Main St,For Here,,,,ea,1,Physical Item,,Square Point of Sale,tok00102
2026-09-01,12:06:49,Central Time (US & Canada),Plates,Salmon Plate,2,Regular,,,$38.00,$0.00,$38.00,$3.14,TXN100103,PAY500103,Counter iPad 1,,,Payment,Bluebird Bowl Co. - Main St,For Here,,,,ea,2,Physical Item,,Square Point of Sale,tok00103
2026-09-01,12:12:51,Central Time (US & Canada),Plates,Salmon Plate,2,Regular,,,$38.00,$0.00,$38.00,$3.14,TXN100104,PAY500104,Counter iPad 1,,,Payment,Bluebird Bowl Co. - Main St,To Go,,,,ea,2,Physical Item,,Square Point of Sale,tok00104
2026-09-01,12:19:44,Central Time (US & Canada),Bowls,Chicken Bowl,1,Regular,,,$12.00,$0.00,$12.00,$0.99,TXN100105,PAY500105,Counter iPad 1,,,Payment,Bluebird Bowl Co. - Main St,To Go,,,,ea,1,Physical Item,,Square Point of Sale,tok00105
2026-09-01,12:21:10,Central Time (US & Canada),Plates,Salmon Plate,1,Regular,,,$19.00,$0.00,$19.00,$1.57,TXN100106,PAY500106,Counter iPad 1,,,Payment,Bluebird Bowl Co. - Main St,To Go,,,,ea,1,Physical Item,,Square Point of Sale,tok00106
2026-09-01,12:30:03,Central Time (US & Canada),Bowls,Chicken Bowl,1,Regular,,,$12.00,$0.00,$12.00,$0.99,TXN100107,PAY500107,Counter iPad 1,,,Payment,Bluebird Bowl Co. - Main St,To Go,,,,ea,1,Physical Item,,Square Point of Sale,tok00107
2026-09-01,12:59:06,Central Time (US & Canada),Bowls,Steak Bowl,2,Regular,,,$32.00,$0.00,$32.00,$2.64,TXN100108,PAY500108,Counter iPad 1,,,Payment,Bluebird Bowl Co. - Main St,For Here,,,,ea,2,Physical Item,,Square Point of Sale,tok00108
2026-09-01,13:11:40,Central Time (US & Canada),Beverages,Fountain Drink,1,Regular,,,$2.75,$0.00,$2.75,$0.23,TXN100109,PAY500109,Counter iPad 1,,,Payment,Bluebird Bowl Co. - Main St,To Go,,,,ea,1,Physical Item,,Square Point of Sale,tok00109
2026-09-01,13:12:52,Central Time (US & Canada),Bowls,Chicken Bowl,1,Regular,,,$12.00,$0.00,$12.00,$0.99,TXN100110,PAY500110,Counter iPad 1,,,Payment,Bluebird Bowl Co. - Main St,For Here,,,,ea,1,Physical Item,,Square Point of Sale,tok00110
2026-09-01,13:19:00,Central Time (US & Canada),Bowls,Chicken Bowl,1,Regular,,,$12.00,$0.00,$12.00,$0.99,TXN100111,PAY500111,Counter iPad 1,,,Payment,Bluebird Bowl Co. - Main St,For Here,,,,ea,1,Physical Item,,Square Point of Sale,tok00111
2026-09-01,13:29:58,Central Time (US & Canada),Beverages,Fountain Drink,1,Regular,,,$2.75,$0.00,$2.75,$0.23,TXN100112,PAY500112,Counter iPad 1,,,Payment,Bluebird Bowl Co. - Main St,To Go,,,,ea,1,Physical Item,,Square Point of Sale,tok00112
2026-09-01,13:45:21,Central Time (US & Canada),Beverages,Fountain Drink,2,Regular,,,$5.50,$0.00,$5.50,$0.45,TXN100113,PAY500113,Counter iPad 1,,,Payment,Bluebird Bowl Co. - Main St,To Go,,,,ea,2,Physical Item,,Square Point of Sale,tok00113
2026-09-01,13:45:35,Central Time (US & Canada),Plates,Salmon Plate,1,Regular,,,$19.00,$0.00,$19.00,$1.57,TXN100114,PAY500114,Counter iPad 1,,,Payment,Bluebird Bowl Co. - Main St,For Here,,,,ea,1,Physical Item,,Square Point of Sale,tok00114
2026-09-01,14:17:41,Central Time (US & Canada),Beverages,Fountain Drink,2,Regular,,,$5.50,$0.00,$5.50,$0.45,TXN100115,PAY500115,Counter iPad 1,,,Payment,Bluebird Bowl Co. - Main St,For Here,,,,ea,2,Physical Item,,Square Point of Sale,tok00115
2026-09-01,14:26:58,Central Time (US & Canada),Bowls,Steak Bowl,2,Regular,,,$32.00,$0.00,$32.00,$2.64,TXN100116,PAY500116,Counter iPad 1,,,Payment,Bluebird Bowl Co. - Main St,For Here,,,,ea,2,Physical Item,,Square Point of Sale,tok00116
2026-09-01,14:28:48,Central Time (US & Canada),Bowls,Chicken Bowl,1,Regular,,,$12.00,$0.00,$12.00,$0.99,TXN100117,PAY500117,Counter iPad 1,,,Payment,Bluebird Bowl Co. - Main St,To Go,,,,ea,1,Physical Item,,Square Point of Sale,tok00117
2026-09-01,14:53:03,Central Time (US & Canada),Plates,Salmon Plate,1,Regular,,,$19.00,$0.00,$19.00,$1.57,TXN100118,PAY500118,Counter iPad 1,,,Payment,Bluebird Bowl Co. - Main St,To Go,,,,ea,1,Physical Item,,Square Point of Sale,tok00118
2026-09-01,15:05:41,Central Time (US & Canada),Bowls,Chicken Bowl,1,Regular,,Extra Avocado,$12.00,$0.00,$12.00,$0.99,TXN100119,PAY500119,Counter iPad 1,,,Payment,Bluebird Bowl Co. - Main St,For Here,,,,ea,1,Physical Item,,Square Point of Sale,tok00119
2026-09-01,15:18:29,Central Time (US & Canada),Bowls,Chicken Bowl,1,Regular,,,$12.00,$0.00,$12.00,$0.99,TXN100120,PAY500120,Counter iPad 1,,,Payment,Bluebird Bowl Co. - Main St,To Go,,,,ea,1,Physical Item,,Square Point of Sale,tok00120
2026-09-01,15:18:36,Central Time (US & Canada),Bowls,Veggie Bowl,2,Regular,,,$27.00,$0.00,$27.00,$2.23,TXN100121,PAY500121,Counter iPad 1,,,Payment,Bluebird Bowl Co. - Main St,To Go,,,,ea,2,Physical Item,,Square Point of Sale,tok00121
2026-09-01,15:36:03,Central Time (US & Canada),Plates,Salmon Plate,1,Regular,,,$19.00,$0.00,$19.00,$1.57,TXN100122,PAY500122,Counter iPad 1,,,Payment,Bluebird Bowl Co. - Main St,To Go,,,,ea,1,Physical Item,,Square Point of Sale,tok00122
2026-09-01,15:58:52,Central Time (US & Canada),Beverages,Fountain Drink,1,Regular,,,$2.75,$0.00,$2.75,$0.23,TXN100123,PAY500123,Counter iPad 1,,,Payment,Bluebird Bowl Co. - Main St,For Here,,,,ea,1,Physical Item,,Square Point of Sale,tok00123
2026-09-01,16:10:08,Central Time (US & Canada),Bowls,Chicken Bowl,1,Regular,,,$12.00,$0.00,$12.00,$0.99,TXN100124,PAY500124,Counter iPad 1,,,Payment,Bluebird Bowl Co. - Main St,To Go,,,,ea,1,Physical Item,,Square Point of Sale,tok00124
2026-09-01,17:02:35,Central Time (US & Canada),Bowls,Chicken Bowl,1,Regular,,,$12.00,$0.00,$12.00,$0.99,TXN100125,PAY500125,Counter iPad 1,,,Payment,Bluebird Bowl Co. - Main St,To Go,,,,ea,1,Physical Item,,Square Point of Sale,tok00125
2026-09-01,17:04:37,Central Time (US & Canada),Bowls,Steak Bowl,2,Regular,,,$32.00,$0.00,$32.00,$2.64,TXN100126,PAY500126,Counter iPad 1,,,Payment,Bluebird Bowl Co. - Main St,To Go,,,,ea,2,Physical Item,,Square Point of Sale,tok00126
2026-09-01,17:05:49,Central Time (US & Canada),Beverages,Fountain Drink,1,Regular,,,$2.75,$0.00,$2.75,$0.23,TXN100127,PAY500127,Counter iPad 1,,,Payment,Bluebird Bowl Co. - Main St,For Here,,,,ea,1,Physical Item,,Square Point of Sale,tok00127
2026-09-01,17:18:10,Central Time (US & Canada),Bowls,Veggie Bowl,1,Regular,,,$13.50,$0.00,$13.50,$1.11,TXN100128,PAY500128,Counter iPad 1,,,Payment,Bluebird Bowl Co. - Main St,To Go,,,,ea,1,Physical Item,,Square Point of Sale,tok00128
2026-09-01,18:03:40,Central Time (US & Canada),Beverages,Fountain Drink,1,Regular,,,$2.75,$0.00,$2.75,$0.23,TXN100129,PAY500129,Counter iPad 1,,,Payment,Bluebird Bowl Co. - Main St,For Here,,,,ea,1,Physical Item,,Square Point of Sale,tok00129
2026-09-01,18:30:41,Central Time (US & Canada),Plates,Salmon Plate,1,Regular,,,$19.00,$0.00,$19.00,$1.57,TXN100130,PAY500130,Counter iPad 1,,,Payment,Bluebird Bowl Co. - Main St,To Go,,,,ea,1,Physical Item,,Square Point of Sale,tok00130
2026-09-01,18:59:32,Central Time (US & Canada),Bowls,Chicken Bowl,1,Regular,,,$12.00,$0.00,$12.00,$0.99,TXN100131,PAY500131,Counter iPad 1,,,Payment,Bluebird Bowl Co. - Main St,For Here,,,,ea,1,Physical Item,,Square Point of Sale,tok00131
2026-09-01,20:03:35,Central Time (US & Canada),Beverages,Fountain Drink,1,Regular,,,$2.75,$0.00,$2.75,$0.23,TXN100132,PAY500132,Counter iPad 1,,,Payment,Bluebird Bowl Co. - Main St,For Here,,,,ea,1,Physical Item,,Square Point of Sale,tok00132
2026-09-01,20:14:10,Central Time (US & Canada),Bowls,Chicken Bowl,1,Regular,,,$12.00,$0.00,$12.00,$0.99,TXN100133,PAY500133,Counter iPad 1,,,Payment,Bluebird Bowl Co. - Main St,For Here,,,,ea,1,Physical Item,,Square Point of Sale,tok00133
2026-09-01,20:38:18,Central Time (US & Canada),Bowls,Chicken Bowl,1,Regular,,,$12.00,$0.00,$12.00,$0.99,TXN100134,PAY500134,Counter iPad 1,,,Payment,Bluebird Bowl Co. - Main St,For Here,,,,ea,1,Physical Item,,Square Point of Sale,tok00134
2026-09-01,20:43:28,Central Time (US & Canada),Bowls,Chicken Bowl,1,Regular,,,$12.00,$0.00,$12.00,$0.99,TXN100135,PAY500135,Counter iPad 1,,,Payment,Bluebird Bowl Co. - Main St,For Here,,,,ea,1,Physical Item,,Square Point of Sale,tok00135
2026-09-02,11:35:31,Central Time (US & Canada),Bowls,Chicken Bowl,1,Regular,,Extra Avocado,$12.00,$0.00,$12.00,$0.99,TXN100136,PAY500136,Counter iPad 1,,,Payment,Bluebird Bowl Co. - Main St,For Here,,,,ea,1,Physical Item,,Square Point of Sale,tok00136
2026-09-02,11:44:10,Central Time (US & Canada),Bowls,Chicken Bowl,1,Regular,,,$12.00,$0.00,$12.00,$0.99,TXN100137,PAY500137,Counter iPad 1,,,Payment,Bluebird Bowl Co. - Main St,For Here,,,,ea,1,Physical Item,,Square Point of Sale,tok00137
2026-09-02,12:01:04,Central Time (US & Canada),Bowls,Chicken Bowl,1,Regular,,,$12.00,$0.00,$12.00,$0.99,TXN100138,PAY500138,Counter iPad 1,,,Payment,Bluebird Bowl Co. - Main St,To Go,,,,ea,1,Physical Item,,Square Point of Sale,tok00138
2026-09-02,12:15:35,Central Time (US & Canada),Plates,Salmon Plate,1,Regular,,,$19.00,$0.00,$19.00,$1.57,TXN100139,PAY500139,Counter iPad 1,,,Payment,Bluebird Bowl Co. - Main St,For Here,,,,ea,1,Physical Item,,Square Point of Sale,tok00139
2026-09-02,12:15:42,Central Time (US & Canada),Bowls,Chicken Bowl,1,Regular,,,$12.00,$0.00,$12.00,$0.99,TXN100140,PAY500140,Counter iPad 1,,,Payment,Bluebird Bowl Co. - Main St,For Here,,,,ea,1,Physical Item,,Square Point of Sale,tok00140
2026-09-02,13:39:24,Central Time (US & Canada),Plates,Salmon Plate,1,Regular,,,$19.00,$0.00,$19.00,$1.57,TXN100141,PAY500141,Counter iPad 1,,,Payment,Bluebird Bowl Co. - Main St,To Go,,,,ea,1,Physical Item,,Square Point of Sale,tok00141
2026-09-02,13:44:37,Central Time (US & Canada),Bowls,Steak Bowl,2,Regular,,,$32.00,$0.00,$32.00,$2.64,TXN100142,PAY500142,Counter iPad 1,,,Payment,Bluebird Bowl Co. - Main St,For Here,,,,ea,2,Physical Item,,Square Point of Sale,tok00142
2026-09-02,13:48:44,Central Time (US & Canada),Bowls,Chicken Bowl,1,Regular,,,$12.00,$0.00,$12.00,$0.99,TXN100143,PAY500143,Counter iPad 1,,,Payment,Bluebird Bowl Co. - Main St,For Here,,,,ea,1,Physical Item,,Square Point of Sale,tok00143
2026-09-02,14:02:29,Central Time (US & Canada),Beverages,Fountain Drink,1,Regular,,,$2.75,$0.00,$2.75,$0.23,TXN100144,PAY500144,Counter iPad 1,,,Payment,Bluebird Bowl Co. - Main St,For Here,,,,ea,1,Physical Item,,Square Point of Sale,tok00144
2026-09-02,14:34:13,Central Time (US & Canada),Beverages,Fountain Drink,1,Regular,,,$2.75,$0.00,$2.75,$0.23,TXN100145,PAY500145,Counter iPad 1,,,Payment,Bluebird Bowl Co. - Main St,To Go,,,,ea,1,Physical Item,,Square Point of Sale,tok00145
2026-09-02,14:42:42,Central Time (US & Canada),Bowls,Veggie Bowl,2,Regular,,,$27.00,$0.00,$27.00,$2.23,TXN100146,PAY500146,Counter iPad 1,,,Payment,Bluebird Bowl Co. - Main St,To Go,,,,ea,2,Physical Item,,Square Point of Sale,tok00146
2026-09-02,14:48:18,Central Time (US & Canada),Plates,Salmon Plate,1,Regular,,,$19.00,$0.00,$19.00,$1.57,TXN100147,PAY500147,Counter iPad 1,,,Payment,Bluebird Bowl Co. - Main St,For Here,,,,ea,1,Physical Item,,Square Point of Sale,tok00147
2026-09-02,15:21:19,Central Time (US & Canada),Plates,Salmon Plate,1,Regular,,,$19.00,$0.00,$19.00,$1.57,TXN100148,PAY500148,Counter iPad 1,,,Payment,Bluebird Bowl Co. - Main St,For Here,,,,ea,1,Physical Item,,Square Point of Sale,tok00148
2026-09-02,15:43:06,Central Time (US & Canada),Bowls,Chicken Bowl,2,Regular,,,$24.00,$0.00,$24.00,$1.98,TXN100149,PAY500149,Counter iPad 1,,,Payment,Bluebird Bowl Co. - Main St,For Here,,,,ea,2,Physical Item,,Square Point of Sale,tok00149
2026-09-02,15:54:32,Central Time (US & Canada),Bowls,Steak Bowl,2,Regular,,,$32.00,$0.00,$32.00,$2.64,TXN100150,PAY500150,Counter iPad 1,,,Payment,Bluebird Bowl Co. - Main St,For Here,,,,ea,2,Physical Item,,Square Point of Sale,tok00150
2026-09-02,16:16:05,Central Time (US & Canada),Beverages,Fountain Drink,1,Regular,,,$2.75,$0.00,$2.75,$0.23,TXN100151,PAY500151,Counter iPad 1,,,Payment,Bluebird Bowl Co. - Main St,For Here,,,,ea,1,Physical Item,,Square Point of Sale,tok00151
2026-09-02,16:17:52,Central Time (US & Canada),Bowls,Chicken Bowl,2,Regular,,,$24.00,$0.00,$24.00,$1.98,TXN100152,PAY500152,Counter iPad 1,,,Payment,Bluebird Bowl Co. - Main St,To Go,,,,ea,2,Physical Item,,Square Point of Sale,tok00152
2026-09-02,17:10:46,Central Time (US & Canada),Bowls,Veggie Bowl,2,Regular,,Extra Avocado,$27.00,$0.00,$27.00,$2.23,TXN100153,PAY500153,Counter iPad 1,,,Payment,Bluebird Bowl Co. - Main St,For Here,,,,ea,2,Physical Item,,Square Point of Sale,tok00153
2026-09-02,17:21:53,Central Time (US & Canada),Bowls,Steak Bowl,1,Regular,,,$16.00,$0.00,$16.00,$1.32,TXN100154,PAY500154,Counter iPad 1,,,Payment,Bluebird Bowl Co. - Main St,For Here,,,,ea,1,Physical Item,,Square Point of Sale,tok00154
2026-09-02,17:25:01,Central Time (US & Canada),Bowls,Chicken Bowl,1,Regular,,,$12.00,$0.00,$12.00,$0.99,TXN100155,PAY500155,Counter iPad 1,,,Payment,Bluebird Bowl Co. - Main St,To Go,,,,ea,1,Physical Item,,Square Point of Sale,tok00155
2026-09-02,17:35:32,Central Time (US & Canada),Bowls,Chicken Bowl,2,Regular,,,$24.00,$0.00,$24.00,$1.98,TXN100156,PAY500156,Counter iPad 1,,,Payment,Bluebird Bowl Co. - Main St,To Go,,,,ea,2,Physical Item,,Square Point of Sale,tok00156
2026-09-02,17:46:54,Central Time (US & Canada),Beverages,Fountain Drink,2,Regular,,,$5.50,$0.00,$5.50,$0.45,TXN100157,PAY500157,Counter iPad 1,,,Payment,Bluebird Bowl Co. - Main St,To Go,,,,ea,2,Physical Item,,Square Point of Sale,tok00157
2026-09-02,18:33:29,Central Time (US & Canada),Plates,Salmon Plate,1,Regular,,,$19.00,$0.00,$19.00,$1.57,TXN100158,PAY500158,Counter iPad 1,,,Payment,Bluebird Bowl Co. - Main St,To Go,,,,ea,1,Physical Item,,Square Point of Sale,tok00158
2026-09-02,18:43:51,Central Time (US & Canada),Beverages,Fountain Drink,2,Regular,,,$5.50,$0.00,$5.50,$0.45,TXN100159,PAY500159,Counter iPad 1,,,Payment,Bluebird Bowl Co. - Main St,To Go,,,,ea,2,Physical Item,,Square Point of Sale,tok00159
2026-09-02,19:00:52,Central Time (US & Canada),Plates,Salmon Plate,2,Regular,,,$38.00,$0.00,$38.00,$3.14,TXN100160,PAY500160,Counter iPad 1,,,Payment,Bluebird Bowl Co. - Main St,To Go,,,,ea,2,Physical Item,,Square Point of Sale,tok00160
2026-09-02,19:21:34,Central Time (US & Canada),Bowls,Chicken Bowl,2,Regular,,,$24.00,$0.00,$24.00,$1.98,TXN100161,PAY500161,Counter iPad 1,,,Payment,Bluebird Bowl Co. - Main St,To Go,,,,ea,2,Physical Item,,Square Point of Sale,tok00161
2026-09-02,19:31:11,Central Time (US & Canada),Bowls,Chicken Bowl,1,Regular,,,$12.00,$0.00,$12.00,$0.99,TXN100162,PAY500162,Counter iPad 1,,,Payment,Bluebird Bowl Co. - Main St,For Here,,,,ea,1,Physical Item,,Square Point of Sale,tok00162
2026-09-02,19:38:33,Central Time (US & Canada),Plates,Salmon Plate,2,Regular,,,$38.00,$0.00,$38.00,$3.14,TXN100163,PAY500163,Counter iPad 1,,,Payment,Bluebird Bowl Co. - Main St,To Go,,,,ea,2,Physical Item,,Square Point of Sale,tok00163
2026-09-02,20:03:27,Central Time (US & Canada),Bowls,Chicken Bowl,1,Regular,,,$12.00,$0.00,$12.00,$0.99,TXN100164,PAY500164,Counter iPad 1,,,Payment,Bluebird Bowl Co. - Main St,For Here,,,,ea,1,Physical Item,,Square Point of Sale,tok00164
2026-09-02,20:18:51,Central Time (US & Canada),Bowls,Chicken Bowl,1,Regular,,,$12.00,$0.00,$12.00,$0.99,TXN100165,PAY500165,Counter iPad 1,,,Payment,Bluebird Bowl Co. - Main St,For Here,,,,ea,1,Physical Item,,Square Point of Sale,tok00165
2026-09-02,20:37:39,Central Time (US & Canada),Plates,Salmon Plate,1,Regular,,,$19.00,$0.00,$19.00,$1.57,TXN100166,PAY500166,Counter iPad 1,,,Payment,Bluebird Bowl Co. - Main St,For Here,,,,ea,1,Physical Item,,Square Point of Sale,tok00166
2026-09-02,20:46:42,Central Time (US & Canada),Bowls,Chicken Bowl,1,Regular,,,$12.00,$0.00,$12.00,$0.99,TXN100167,PAY500167,Counter iPad 1,,,Payment,Bluebird Bowl Co. - Main St,For Here,,,,ea,1,Physical Item,,Square Point of Sale,tok00167
2026-09-02,20:49:06,Central Time (US & Canada),Bowls,Chicken Bowl,1,Regular,,,$12.00,$0.00,$12.00,$0.99,TXN100168,PAY500168,Counter iPad 1,,,Payment,Bluebird Bowl Co. - Main St,For Here,,,,ea,1,Physical Item,,Square Point of Sale,tok00168
2026-09-02,20:50:22,Central Time (US & Canada),Beverages,Fountain Drink,1,Regular,,,$2.75,$0.00,$2.75,$0.23,TXN100169,PAY500169,Counter iPad 1,,,Payment,Bluebird Bowl Co. - Main St,To Go,,,,ea,1,Physical Item,,Square Point of Sale,tok00169
2026-09-03,11:08:32,Central Time (US & Canada),Beverages,Fountain Drink,1,Regular,,,$2.75,$0.00,$2.75,$0.23,TXN100170,PAY500170,Counter iPad 1,,,Payment,Bluebird Bowl Co. - Main St,For Here,,,,ea,1,Physical Item,,Square Point of Sale,tok00170
2026-09-03,11:58:23,Central Time (US & Canada),Plates,Salmon Plate,2,Regular,,,$38.00,$0.00,$38.00,$3.14,TXN100171,PAY500171,Counter iPad 1,,,Payment,Bluebird Bowl Co. - Main St,To Go,,,,ea,2,Physical Item,,Square Point of Sale,tok00171
2026-09-03,12:05:42,Central Time (US & Canada),Bowls,Chicken Bowl,1,Regular,,,$12.00,$0.00,$12.00,$0.99,TXN100172,PAY500172,Counter iPad 1,,,Payment,Bluebird Bowl Co. - Main St,To Go,,,,ea,1,Physical Item,,Square Point of Sale,tok00172
2026-09-03,12:08:48,Central Time (US & Canada),Bowls,Steak Bowl,2,Regular,,,$32.00,$0.00,$32.00,$2.64,TXN100173,PAY500173,Counter iPad 1,,,Payment,Bluebird Bowl Co. - Main St,For Here,,,,ea,2,Physical Item,,Square Point of Sale,tok00173
2026-09-03,12:30:56,Central Time (US & Canada),Beverages,Fountain Drink,1,Regular,,,$2.75,$0.00,$2.75,$0.23,TXN100174,PAY500174,Counter iPad 1,,,Payment,Bluebird Bowl Co. - Main St,To Go,,,,ea,1,Physical Item,,Square Point of Sale,tok00174
2026-09-03,12:31:54,Central Time (US & Canada),Bowls,Chicken Bowl,1,Regular,,,$12.00,$0.00,$12.00,$0.99,TXN100175,PAY500175,Counter iPad 1,,,Payment,Bluebird Bowl Co. - Main St,To Go,,,,ea,1,Physical Item,,Square Point of Sale,tok00175
2026-09-03,12:35:57,Central Time (US & Canada),Bowls,Chicken Bowl,1,Regular,,,$12.00,$0.00,$12.00,$0.99,TXN100176,PAY500176,Counter iPad 1,,,Payment,Bluebird Bowl Co. - Main St,To Go,,,,ea,1,Physical Item,,Square Point of Sale,tok00176
2026-09-03,12:36:23,Central Time (US & Canada),Plates,Salmon Plate,2,Regular,,,$38.00,$0.00,$38.00,$3.14,TXN100177,PAY500177,Counter iPad 1,,,Payment,Bluebird Bowl Co. - Main St,To Go,,,,ea,2,Physical Item,,Square Point of Sale,tok00177
2026-09-03,12:50:38,Central Time (US & Canada),Bowls,Chicken Bowl,2,Regular,,,$24.00,$0.00,$24.00,$1.98,TXN100178,PAY500178,Counter iPad 1,,,Payment,Bluebird Bowl Co. - Main St,For Here,,,,ea,2,Physical Item,,Square Point of Sale,tok00178
2026-09-03,13:15:18,Central Time (US & Canada),Beverages,Fountain Drink,1,Regular,,,$2.75,$0.00,$2.75,$0.23,TXN100179,PAY500179,Counter iPad 1,,,Payment,Bluebird Bowl Co. - Main St,To Go,,,,ea,1,Physical Item,,Square Point of Sale,tok00179
2026-09-03,13:38:57,Central Time (US & Canada),Beverages,Fountain Drink,1,Regular,,,$2.75,$0.00,$2.75,$0.23,TXN100180,PAY500180,Counter iPad 1,,,Payment,Bluebird Bowl Co. - Main St,For Here,,,,ea,1,Physical Item,,Square Point of Sale,tok00180
2026-09-03,13:46:52,Central Time (US & Canada),Plates,Salmon Plate,1,Regular,,,$19.00,$0.00,$19.00,$1.57,TXN100181,PAY500181,Counter iPad 1,,,Payment,Bluebird Bowl Co. - Main St,For Here,,,,ea,1,Physical Item,,Square Point of Sale,tok00181
2026-09-03,14:03:15,Central Time (US & Canada),Bowls,Chicken Bowl,1,Regular,,,$12.00,$0.00,$12.00,$0.99,TXN100182,PAY500182,Counter iPad 1,,,Payment,Bluebird Bowl Co. - Main St,For Here,,,,ea,1,Physical Item,,Square Point of Sale,tok00182
2026-09-03,14:17:34,Central Time (US & Canada),Beverages,Fountain Drink,2,Regular,,,$5.50,$0.00,$5.50,$0.45,TXN100183,PAY500183,Counter iPad 1,,,Payment,Bluebird Bowl Co. - Main St,To Go,,,,ea,2,Physical Item,,Square Point of Sale,tok00183
2026-09-03,14:42:37,Central Time (US & Canada),Bowls,Chicken Bowl,1,Regular,,,$12.00,$0.00,$12.00,$0.99,TXN100184,PAY500184,Counter iPad 1,,,Payment,Bluebird Bowl Co. - Main St,To Go,,,,ea,1,Physical Item,,Square Point of Sale,tok00184
2026-09-03,14:44:59,Central Time (US & Canada),Plates,Salmon Plate,2,Regular,,,$38.00,$0.00,$38.00,$3.14,TXN100185,PAY500185,Counter iPad 1,,,Payment,Bluebird Bowl Co. - Main St,For Here,,,,ea,2,Physical Item,,Square Point of Sale,tok00185
2026-09-03,14:45:04,Central Time (US & Canada),Bowls,Chicken Bowl,2,Regular,,,$24.00,$0.00,$24.00,$1.98,TXN100186,PAY500186,Counter iPad 1,,,Payment,Bluebird Bowl Co. - Main St,To Go,,,,ea,2,Physical Item,,Square Point of Sale,tok00186
2026-09-03,14:57:41,Central Time (US & Canada),Plates,Salmon Plate,1,Regular,,,$19.00,$0.00,$19.00,$1.57,TXN100187,PAY500187,Counter iPad 1,,,Payment,Bluebird Bowl Co. - Main St,To Go,,,,ea,1,Physical Item,,Square Point of Sale,tok00187
2026-09-03,15:46:01,Central Time (US & Canada),Beverages,Fountain Drink,1,Regular,,,$2.75,$0.00,$2.75,$0.23,TXN100188,PAY500188,Counter iPad 1,,,Payment,Bluebird Bowl Co. - Main St,For Here,,,,ea,1,Physical Item,,Square Point of Sale,tok00188
2026-09-03,15:55:34,Central Time (US & Canada),Bowls,Steak Bowl,2,Regular,,,$32.00,$0.00,$32.00,$2.64,TXN100189,PAY500189,Counter iPad 1,,,Payment,Bluebird Bowl Co. - Main St,For Here,,,,ea,2,Physical Item,,Square Point of Sale,tok00189
2026-09-03,16:10:41,Central Time (US & Canada),Beverages,Fountain Drink,1,Regular,,,$2.75,$0.00,$2.75,$0.23,TXN100190,PAY500190,Counter iPad 1,,,Payment,Bluebird Bowl Co. - Main St,For Here,,,,ea,1,Physical Item,,Square Point of Sale,tok00190
2026-09-03,16:18:41,Central Time (US & Canada),Bowls,Veggie Bowl,1,Regular,,,$13.50,$0.00,$13.50,$1.11,TXN100191,PAY500191,Counter iPad 1,,,Payment,Bluebird Bowl Co. - Main St,For Here,,,,ea,1,Physical Item,,Square Point of Sale,tok00191
2026-09-03,16:27:56,Central Time (US & Canada),Beverages,Fountain Drink,2,Regular,,,$5.50,$0.00,$5.50,$0.45,TXN100192,PAY500192,Counter iPad 1,,,Payment,Bluebird Bowl Co. - Main St,For Here,,,,ea,2,Physical Item,,Square Point of Sale,tok00192
2026-09-03,16:39:01,Central Time (US & Canada),Bowls,Chicken Bowl,1,Regular,,,$12.00,$0.00,$12.00,$0.99,TXN100193,PAY500193,Counter iPad 1,,,Payment,Bluebird Bowl Co. - Main St,To Go,,,,ea,1,Physical Item,,Square Point of Sale,tok00193
2026-09-03,16:42:57,Central Time (US & Canada),Plates,Salmon Plate,1,Regular,,,$19.00,$0.00,$19.00,$1.57,TXN100194,PAY500194,Counter iPad 1,,,Payment,Bluebird Bowl Co. - Main St,For Here,,Test Customer A,,ea,1,Physical Item,,Square Point of Sale,tok00194
2026-09-03,16:43:49,Central Time (US & Canada),Beverages,Fountain Drink,2,Regular,,,$5.50,$0.00,$5.50,$0.45,TXN100195,PAY500195,Counter iPad 1,,,Payment,Bluebird Bowl Co. - Main St,To Go,,,,ea,2,Physical Item,,Square Point of Sale,tok00195
2026-09-03,18:04:21,Central Time (US & Canada),Beverages,Fountain Drink,1,Regular,,,$2.75,$0.00,$2.75,$0.23,TXN100196,PAY500196,Counter iPad 1,,,Payment,Bluebird Bowl Co. - Main St,For Here,,,,ea,1,Physical Item,,Square Point of Sale,tok00196
2026-09-03,18:26:43,Central Time (US & Canada),Bowls,Chicken Bowl,1,Regular,,,$12.00,$0.00,$12.00,$0.99,TXN100197,PAY500197,Counter iPad 1,,,Payment,Bluebird Bowl Co. - Main St,To Go,,,,ea,1,Physical Item,,Square Point of Sale,tok00197
2026-09-03,19:13:30,Central Time (US & Canada),Bowls,Chicken Bowl,1,Regular,,,$12.00,$0.00,$12.00,$0.99,TXN100198,PAY500198,Counter iPad 1,,,Payment,Bluebird Bowl Co. - Main St,For Here,,,,ea,1,Physical Item,,Square Point of Sale,tok00198
2026-09-03,19:41:03,Central Time (US & Canada),Plates,Salmon Plate,1,Regular,,,$19.00,$0.00,$19.00,$1.57,TXN100199,PAY500199,Counter iPad 1,,,Payment,Bluebird Bowl Co. - Main St,To Go,,,,ea,1,Physical Item,,Square Point of Sale,tok00199
2026-09-03,20:24:51,Central Time (US & Canada),Bowls,Chicken Bowl,1,Regular,,,$12.00,$0.00,$12.00,$0.99,TXN100200,PAY500200,Counter iPad 1,,,Payment,Bluebird Bowl Co. - Main St,For Here,,,,ea,1,Physical Item,,Square Point of Sale,tok00200
2026-09-03,20:38:46,Central Time (US & Canada),Beverages,Fountain Drink,1,Regular,,,$2.75,$0.00,$2.75,$0.23,TXN100201,PAY500201,Counter iPad 1,,,Payment,Bluebird Bowl Co. - Main St,For Here,,,,ea,1,Physical Item,,Square Point of Sale,tok00201
2026-09-03,20:46:36,Central Time (US & Canada),Plates,Salmon Plate,1,Regular,,,$19.00,$0.00,$19.00,$1.57,TXN100202,PAY500202,Counter iPad 1,,,Payment,Bluebird Bowl Co. - Main St,For Here,,,,ea,1,Physical Item,,Square Point of Sale,tok00202
2026-09-03,20:56:12,Central Time (US & Canada),Bowls,Chicken Bowl,1,Regular,,,$12.00,$0.00,$12.00,$0.99,TXN100203,PAY500203,Counter iPad 1,,,Payment,Bluebird Bowl Co. - Main St,For Here,,,,ea,1,Physical Item,,Square Point of Sale,tok00203
2026-09-04,11:16:41,Central Time (US & Canada),Bowls,Chicken Bowl,2,Regular,,Extra Avocado,$24.00,$0.00,$24.00,$1.98,TXN100204,PAY500204,Counter iPad 1,,,Payment,Bluebird Bowl Co. - Main St,To Go,,,,ea,2,Physical Item,,Square Point of Sale,tok00204
2026-09-04,11:48:14,Central Time (US & Canada),Plates,Salmon Plate,1,Regular,,,$19.00,$0.00,$19.00,$1.57,TXN100205,PAY500205,Counter iPad 1,,,Payment,Bluebird Bowl Co. - Main St,For Here,,,,ea,1,Physical Item,,Square Point of Sale,tok00205
2026-09-04,11:58:49,Central Time (US & Canada),Bowls,Steak Bowl,1,Regular,,,$16.00,$0.00,$16.00,$1.32,TXN100206,PAY500206,Counter iPad 1,,,Payment,Bluebird Bowl Co. - Main St,For Here,,,,ea,1,Physical Item,,Square Point of Sale,tok00206
2026-09-04,12:17:09,Central Time (US & Canada),Plates,Salmon Plate,1,Regular,,,$19.00,$0.00,$19.00,$1.57,TXN100207,PAY500207,Counter iPad 1,,,Payment,Bluebird Bowl Co. - Main St,For Here,,,,ea,1,Physical Item,,Square Point of Sale,tok00207
2026-09-04,12:21:38,Central Time (US & Canada),Plates,Salmon Plate,1,Regular,,,$19.00,$0.00,$19.00,$1.57,TXN100208,PAY500208,Counter iPad 1,,,Payment,Bluebird Bowl Co. - Main St,For Here,,,,ea,1,Physical Item,,Square Point of Sale,tok00208
2026-09-04,12:32:43,Central Time (US & Canada),Plates,Salmon Plate,1,Regular,,,$19.00,$0.00,$19.00,$1.57,TXN100209,PAY500209,Counter iPad 1,,,Payment,Bluebird Bowl Co. - Main St,To Go,,,,ea,1,Physical Item,,Square Point of Sale,tok00209
2026-09-04,12:59:27,Central Time (US & Canada),Beverages,Fountain Drink,2,Regular,,,$5.50,$0.00,$5.50,$0.45,TXN100210,PAY500210,Counter iPad 1,,,Payment,Bluebird Bowl Co. - Main St,For Here,,,,ea,2,Physical Item,,Square Point of Sale,tok00210
2026-09-04,13:03:25,Central Time (US & Canada),Beverages,Fountain Drink,2,Regular,,,$5.50,$0.00,$5.50,$0.45,TXN100211,PAY500211,Counter iPad 1,,,Payment,Bluebird Bowl Co. - Main St,To Go,,,,ea,2,Physical Item,,Square Point of Sale,tok00211
2026-09-04,13:06:24,Central Time (US & Canada),Beverages,Fountain Drink,2,Regular,,,$5.50,$0.00,$5.50,$0.45,TXN100212,PAY500212,Counter iPad 1,,,Payment,Bluebird Bowl Co. - Main St,For Here,,,,ea,2,Physical Item,,Square Point of Sale,tok00212
2026-09-04,13:21:57,Central Time (US & Canada),Bowls,Steak Bowl,1,Regular,,,$16.00,$0.00,$16.00,$1.32,TXN100213,PAY500213,Counter iPad 1,,,Payment,Bluebird Bowl Co. - Main St,To Go,,,,ea,1,Physical Item,,Square Point of Sale,tok00213
2026-09-04,13:24:19,Central Time (US & Canada),Bowls,Steak Bowl,1,Regular,,,$16.00,$0.00,$16.00,$1.32,TXN100214,PAY500214,Counter iPad 1,,,Payment,Bluebird Bowl Co. - Main St,For Here,,,,ea,1,Physical Item,,Square Point of Sale,tok00214
2026-09-04,13:30:58,Central Time (US & Canada),Beverages,Fountain Drink,2,Regular,,,$5.50,$0.00,$5.50,$0.45,TXN100215,PAY500215,Counter iPad 1,,,Payment,Bluebird Bowl Co. - Main St,For Here,,,,ea,2,Physical Item,,Square Point of Sale,tok00215
2026-09-04,14:17:23,Central Time (US & Canada),Beverages,Fountain Drink,1,Regular,,,$2.75,$0.00,$2.75,$0.23,TXN100216,PAY500216,Counter iPad 1,,,Payment,Bluebird Bowl Co. - Main St,To Go,,,,ea,1,Physical Item,,Square Point of Sale,tok00216
2026-09-04,14:32:07,Central Time (US & Canada),Bowls,Steak Bowl,2,Regular,,,$32.00,$0.00,$32.00,$2.64,TXN100217,PAY500217,Counter iPad 1,,,Payment,Bluebird Bowl Co. - Main St,To Go,,,,ea,2,Physical Item,,Square Point of Sale,tok00217
2026-09-04,14:55:58,Central Time (US & Canada),Bowls,Chicken Bowl,1,Regular,,,$12.00,$0.00,$12.00,$0.99,TXN100218,PAY500218,Counter iPad 1,,,Payment,Bluebird Bowl Co. - Main St,To Go,,,,ea,1,Physical Item,,Square Point of Sale,tok00218
2026-09-04,15:14:52,Central Time (US & Canada),Bowls,Veggie Bowl,1,Regular,,,$13.50,$0.00,$13.50,$1.11,TXN100219,PAY500219,Counter iPad 1,,,Payment,Bluebird Bowl Co. - Main St,For Here,,,,ea,1,Physical Item,,Square Point of Sale,tok00219
2026-09-04,15:39:30,Central Time (US & Canada),Beverages,Fountain Drink,1,Regular,,,$2.75,$0.00,$2.75,$0.23,TXN100220,PAY500220,Counter iPad 1,,,Payment,Bluebird Bowl Co. - Main St,For Here,,,,ea,1,Physical Item,,Square Point of Sale,tok00220
2026-09-04,15:40:20,Central Time (US & Canada),Bowls,Steak Bowl,1,Regular,,Extra Avocado,$16.00,$0.00,$16.00,$1.32,TXN100221,PAY500221,Counter iPad 1,,,Payment,Bluebird Bowl Co. - Main St,For Here,,,,ea,1,Physical Item,,Square Point of Sale,tok00221
2026-09-04,15:54:20,Central Time (US & Canada),Bowls,Steak Bowl,1,Regular,,,$16.00,$0.00,$16.00,$1.32,TXN100222,PAY500222,Counter iPad 1,,,Payment,Bluebird Bowl Co. - Main St,To Go,,,,ea,1,Physical Item,,Square Point of Sale,tok00222
2026-09-04,16:28:21,Central Time (US & Canada),Kids,Kids Plate,1,Regular,,,$7.00,$0.00,$7.00,$0.58,TXN100223,PAY500223,Counter iPad 1,,,Payment,Bluebird Bowl Co. - Main St,For Here,,,,ea,1,Physical Item,,Square Point of Sale,tok00223
2026-09-04,16:51:34,Central Time (US & Canada),Beverages,Fountain Drink,1,Regular,,,$2.75,$0.00,$2.75,$0.23,TXN100224,PAY500224,Counter iPad 1,,,Payment,Bluebird Bowl Co. - Main St,For Here,,,,ea,1,Physical Item,,Square Point of Sale,tok00224
2026-09-04,16:56:26,Central Time (US & Canada),Beverages,Fountain Drink,1,Regular,,,$2.75,$0.00,$2.75,$0.23,TXN100225,PAY500225,Counter iPad 1,,,Payment,Bluebird Bowl Co. - Main St,To Go,,,,ea,1,Physical Item,,Square Point of Sale,tok00225
2026-09-04,17:16:52,Central Time (US & Canada),Plates,Salmon Plate,2,Regular,,,$38.00,$0.00,$38.00,$3.14,TXN100226,PAY500226,Counter iPad 1,,,Payment,Bluebird Bowl Co. - Main St,To Go,,,,ea,2,Physical Item,,Square Point of Sale,tok00226
2026-09-04,17:41:50,Central Time (US & Canada),Bowls,Chicken Bowl,1,Regular,,,$12.00,$0.00,$12.00,$0.99,TXN100227,PAY500227,Counter iPad 1,,,Payment,Bluebird Bowl Co. - Main St,To Go,,,,ea,1,Physical Item,,Square Point of Sale,tok00227
2026-09-04,17:58:03,Central Time (US & Canada),Beverages,Fountain Drink,2,Regular,,,$5.50,$0.00,$5.50,$0.45,TXN100228,PAY500228,Counter iPad 1,,,Payment,Bluebird Bowl Co. - Main St,To Go,,,,ea,2,Physical Item,,Square Point of Sale,tok00228
2026-09-04,18:21:15,Central Time (US & Canada),Plates,Salmon Plate,2,Regular,,,$38.00,$0.00,$38.00,$3.14,TXN100229,PAY500229,Counter iPad 1,,,Payment,Bluebird Bowl Co. - Main St,To Go,,,,ea,2,Physical Item,,Square Point of Sale,tok00229
2026-09-04,18:26:45,Central Time (US & Canada),Bowls,Steak Bowl,1,Regular,,,$16.00,$0.00,$16.00,$1.32,TXN100230,PAY500230,Counter iPad 1,,,Payment,Bluebird Bowl Co. - Main St,For Here,,,,ea,1,Physical Item,,Square Point of Sale,tok00230
2026-09-04,18:37:27,Central Time (US & Canada),Bowls,Veggie Bowl,1,Regular,,,$13.50,$0.00,$13.50,$1.11,TXN100231,PAY500231,Counter iPad 1,,,Payment,Bluebird Bowl Co. - Main St,To Go,,,,ea,1,Physical Item,,Square Point of Sale,tok00231
2026-09-04,18:51:08,Central Time (US & Canada),Bowls,Chicken Bowl,1,Regular,,,$12.00,$0.00,$12.00,$0.99,TXN100232,PAY500232,Counter iPad 1,,,Payment,Bluebird Bowl Co. - Main St,To Go,,,,ea,1,Physical Item,,Square Point of Sale,tok00232
2026-09-04,19:02:53,Central Time (US & Canada),Bowls,Veggie Bowl,1,Regular,,,$13.50,$0.00,$13.50,$1.11,TXN100233,PAY500233,Counter iPad 1,,,Payment,Bluebird Bowl Co. - Main St,To Go,,,,ea,1,Physical Item,,Square Point of Sale,tok00233
2026-09-04,19:08:20,Central Time (US & Canada),Bowls,Steak Bowl,1,Regular,,,$16.00,$0.00,$16.00,$1.32,TXN100234,PAY500234,Counter iPad 1,,,Payment,Bluebird Bowl Co. - Main St,For Here,,,,ea,1,Physical Item,,Square Point of Sale,tok00234
2026-09-04,20:02:36,Central Time (US & Canada),Beverages,Fountain Drink,1,Regular,,,$2.75,$0.00,$2.75,$0.23,TXN100235,PAY500235,Counter iPad 1,,,Payment,Bluebird Bowl Co. - Main St,For Here,,,,ea,1,Physical Item,,Square Point of Sale,tok00235
2026-09-04,20:18:49,Central Time (US & Canada),Bowls,Chicken Bowl,1,Regular,,,$12.00,$0.00,$12.00,$0.99,TXN100236,PAY500236,Counter iPad 1,,,Payment,Bluebird Bowl Co. - Main St,To Go,,,,ea,1,Physical Item,,Square Point of Sale,tok00236
2026-09-04,20:40:19,Central Time (US & Canada),Plates,Salmon Plate,1,Regular,,,$19.00,$0.00,$19.00,$1.57,TXN100237,PAY500237,Counter iPad 1,,,Payment,Bluebird Bowl Co. - Main St,For Here,,,,ea,1,Physical Item,,Square Point of Sale,tok00237
2026-09-05,11:00:42,Central Time (US & Canada),Beverages,Fountain Drink,2,Regular,,,$5.50,$0.00,$5.50,$0.45,TXN100238,PAY500238,Counter iPad 1,,,Payment,Bluebird Bowl Co. - Main St,For Here,,,,ea,2,Physical Item,,Square Point of Sale,tok00238
2026-09-05,11:11:14,Central Time (US & Canada),Beverages,Fountain Drink,1,Regular,,,$2.75,$0.00,$2.75,$0.23,TXN100239,PAY500239,Counter iPad 1,,,Payment,Bluebird Bowl Co. - Main St,To Go,,,,ea,1,Physical Item,,Square Point of Sale,tok00239
2026-09-05,11:47:13,Central Time (US & Canada),Bowls,Chicken Bowl,1,Regular,,,$12.00,$0.00,$12.00,$0.99,TXN100240,PAY500240,Counter iPad 1,,,Payment,Bluebird Bowl Co. - Main St,To Go,,,,ea,1,Physical Item,,Square Point of Sale,tok00240
2026-09-05,11:54:54,Central Time (US & Canada),Plates,Salmon Plate,1,Regular,,,$19.00,$0.00,$19.00,$1.57,TXN100241,PAY500241,Counter iPad 1,,,Payment,Bluebird Bowl Co. - Main St,To Go,,,,ea,1,Physical Item,,Square Point of Sale,tok00241
2026-09-05,12:29:39,Central Time (US & Canada),Beverages,Fountain Drink,1,Regular,,,$2.75,$0.00,$2.75,$0.23,TXN100242,PAY500242,Counter iPad 1,,,Payment,Bluebird Bowl Co. - Main St,For Here,,,,ea,1,Physical Item,,Square Point of Sale,tok00242
2026-09-05,12:41:36,Central Time (US & Canada),Bowls,Chicken Bowl,1,Regular,,,$12.00,$0.00,$12.00,$0.99,TXN100243,PAY500243,Counter iPad 1,,,Payment,Bluebird Bowl Co. - Main St,To Go,,,,ea,1,Physical Item,,Square Point of Sale,tok00243
2026-09-05,12:52:42,Central Time (US & Canada),Beverages,Fountain Drink,1,Regular,,,$2.75,$0.00,$2.75,$0.23,TXN100244,PAY500244,Counter iPad 1,,,Payment,Bluebird Bowl Co. - Main St,To Go,,,,ea,1,Physical Item,,Square Point of Sale,tok00244
2026-09-05,12:57:54,Central Time (US & Canada),Bowls,Steak Bowl,1,Regular,,,$16.00,$0.00,$16.00,$1.32,TXN100245,PAY500245,Counter iPad 1,,,Payment,Bluebird Bowl Co. - Main St,To Go,,,,ea,1,Physical Item,,Square Point of Sale,tok00245
2026-09-05,14:15:17,Central Time (US & Canada),Bowls,Steak Bowl,1,Regular,,,$16.00,$0.00,$16.00,$1.32,TXN100246,PAY500246,Counter iPad 1,,,Payment,Bluebird Bowl Co. - Main St,To Go,,,,ea,1,Physical Item,,Square Point of Sale,tok00246
2026-09-05,15:08:11,Central Time (US & Canada),Bowls,Chicken Bowl,1,Regular,,,$12.00,$0.00,$12.00,$0.99,TXN100247,PAY500247,Counter iPad 1,,,Payment,Bluebird Bowl Co. - Main St,To Go,,,,ea,1,Physical Item,,Square Point of Sale,tok00247
2026-09-05,15:16:41,Central Time (US & Canada),Beverages,Fountain Drink,1,Regular,,,$2.75,$0.00,$2.75,$0.23,TXN100248,PAY500248,Counter iPad 1,,,Payment,Bluebird Bowl Co. - Main St,To Go,,,,ea,1,Physical Item,,Square Point of Sale,tok00248
2026-09-05,15:24:41,Central Time (US & Canada),Bowls,Steak Bowl,1,Regular,,,$16.00,$0.00,$16.00,$1.32,TXN100249,PAY500249,Counter iPad 1,,,Payment,Bluebird Bowl Co. - Main St,To Go,,,,ea,1,Physical Item,,Square Point of Sale,tok00249
2026-09-05,15:46:44,Central Time (US & Canada),Bowls,Veggie Bowl,1,Regular,,,$13.50,$0.00,$13.50,$1.11,TXN100250,PAY500250,Counter iPad 1,,,Payment,Bluebird Bowl Co. - Main St,For Here,,,,ea,1,Physical Item,,Square Point of Sale,tok00250
2026-09-05,15:55:41,Central Time (US & Canada),Plates,Salmon Plate,1,Regular,,,$19.00,$0.00,$19.00,$1.57,TXN100251,PAY500251,Counter iPad 1,,,Payment,Bluebird Bowl Co. - Main St,For Here,,,,ea,1,Physical Item,,Square Point of Sale,tok00251
2026-09-05,16:19:58,Central Time (US & Canada),Bowls,Chicken Bowl,1,Regular,,,$12.00,$0.00,$12.00,$0.99,TXN100252,PAY500252,Counter iPad 1,,,Payment,Bluebird Bowl Co. - Main St,For Here,,,,ea,1,Physical Item,,Square Point of Sale,tok00252
2026-09-05,16:36:54,Central Time (US & Canada),Bowls,Steak Bowl,1,Regular,,,$16.00,$0.00,$16.00,$1.32,TXN100253,PAY500253,Counter iPad 1,,,Payment,Bluebird Bowl Co. - Main St,To Go,,,,ea,1,Physical Item,,Square Point of Sale,tok00253
2026-09-05,16:44:15,Central Time (US & Canada),Plates,Salmon Plate,1,Regular,,,$19.00,$0.00,$19.00,$1.57,TXN100254,PAY500254,Counter iPad 1,,,Payment,Bluebird Bowl Co. - Main St,For Here,,,,ea,1,Physical Item,,Square Point of Sale,tok00254
2026-09-05,17:00:45,Central Time (US & Canada),Bowls,Steak Bowl,1,Regular,,Extra Avocado,$16.00,$0.00,$16.00,$1.32,TXN100255,PAY500255,Counter iPad 1,,,Payment,Bluebird Bowl Co. - Main St,For Here,,,,ea,1,Physical Item,,Square Point of Sale,tok00255
2026-09-05,17:33:19,Central Time (US & Canada),Bowls,Chicken Bowl,1,Regular,,,$12.00,$0.00,$12.00,$0.99,TXN100256,PAY500256,Counter iPad 1,,,Payment,Bluebird Bowl Co. - Main St,To Go,,,,ea,1,Physical Item,,Square Point of Sale,tok00256
2026-09-05,17:44:53,Central Time (US & Canada),Bowls,Chicken Bowl,1,Regular,,,$12.00,$0.00,$12.00,$0.99,TXN100257,PAY500257,Counter iPad 1,,,Payment,Bluebird Bowl Co. - Main St,For Here,,,,ea,1,Physical Item,,Square Point of Sale,tok00257
2026-09-05,17:45:50,Central Time (US & Canada),Beverages,Fountain Drink,1,Regular,,,$2.75,$0.00,$2.75,$0.23,TXN100258,PAY500258,Counter iPad 1,,,Payment,Bluebird Bowl Co. - Main St,For Here,,,,ea,1,Physical Item,,Square Point of Sale,tok00258
2026-09-05,17:48:21,Central Time (US & Canada),Kids,Kids Plate,2,Regular,,,$14.00,$0.00,$14.00,$1.16,TXN100259,PAY500259,Counter iPad 1,,,Payment,Bluebird Bowl Co. - Main St,For Here,,,,ea,2,Physical Item,,Square Point of Sale,tok00259
2026-09-05,17:48:37,Central Time (US & Canada),Bowls,Steak Bowl,1,Regular,,,$16.00,$0.00,$16.00,$1.32,TXN100260,PAY500260,Counter iPad 1,,,Payment,Bluebird Bowl Co. - Main St,For Here,,,,ea,1,Physical Item,,Square Point of Sale,tok00260
2026-09-05,17:52:52,Central Time (US & Canada),Bowls,Chicken Bowl,1,Regular,,,$12.00,$0.00,$12.00,$0.99,TXN100261,PAY500261,Counter iPad 1,,,Payment,Bluebird Bowl Co. - Main St,To Go,,,,ea,1,Physical Item,,Square Point of Sale,tok00261
2026-09-05,18:07:56,Central Time (US & Canada),Beverages,Fountain Drink,2,Regular,,,$5.50,$0.00,$5.50,$0.45,TXN100262,PAY500262,Counter iPad 1,,,Payment,Bluebird Bowl Co. - Main St,For Here,,,,ea,2,Physical Item,,Square Point of Sale,tok00262
2026-09-05,18:22:48,Central Time (US & Canada),Bowls,Chicken Bowl,2,Regular,,,$24.00,$0.00,$24.00,$1.98,TXN100263,PAY500263,Counter iPad 1,,,Payment,Bluebird Bowl Co. - Main St,For Here,,,,ea,2,Physical Item,,Square Point of Sale,tok00263
2026-09-05,18:31:10,Central Time (US & Canada),Bowls,Chicken Bowl,1,Regular,,,$12.00,$0.00,$12.00,$0.99,TXN100264,PAY500264,Counter iPad 1,,,Payment,Bluebird Bowl Co. - Main St,To Go,,,,ea,1,Physical Item,,Square Point of Sale,tok00264
2026-09-05,18:32:25,Central Time (US & Canada),Plates,Salmon Plate,1,Regular,,,$19.00,$0.00,$19.00,$1.57,TXN100265,PAY500265,Counter iPad 1,,,Payment,Bluebird Bowl Co. - Main St,To Go,,,,ea,1,Physical Item,,Square Point of Sale,tok00265
2026-09-05,19:35:13,Central Time (US & Canada),Beverages,Fountain Drink,1,Regular,,,$2.75,$0.00,$2.75,$0.23,TXN100266,PAY500266,Counter iPad 1,,,Payment,Bluebird Bowl Co. - Main St,For Here,,,,ea,1,Physical Item,,Square Point of Sale,tok00266
2026-09-05,20:20:10,Central Time (US & Canada),Plates,Salmon Plate,2,Regular,,,$38.00,$0.00,$38.00,$3.14,TXN100267,PAY500267,Counter iPad 1,,,Payment,Bluebird Bowl Co. - Main St,To Go,,,,ea,2,Physical Item,,Square Point of Sale,tok00267
2026-09-05,20:20:36,Central Time (US & Canada),Bowls,Steak Bowl,2,Regular,,,$32.00,$0.00,$32.00,$2.64,TXN100268,PAY500268,Counter iPad 1,,,Payment,Bluebird Bowl Co. - Main St,To Go,,,,ea,2,Physical Item,,Square Point of Sale,tok00268
2026-09-05,20:38:56,Central Time (US & Canada),Plates,Salmon Plate,1,Regular,,,$19.00,$0.00,$19.00,$1.57,TXN100269,PAY500269,Counter iPad 1,,,Payment,Bluebird Bowl Co. - Main St,For Here,,,,ea,1,Physical Item,,Square Point of Sale,tok00269
2026-09-05,20:54:51,Central Time (US & Canada),Bowls,Chicken Bowl,1,Regular,,,$12.00,$0.00,$12.00,$0.99,TXN100270,PAY500270,Counter iPad 1,,,Payment,Bluebird Bowl Co. - Main St,To Go,,,,ea,1,Physical Item,,Square Point of Sale,tok00270
2026-09-05,20:57:30,Central Time (US & Canada),Bowls,Steak Bowl,1,Regular,,,$16.00,$0.00,$16.00,$1.32,TXN100271,PAY500271,Counter iPad 1,,,Payment,Bluebird Bowl Co. - Main St,For Here,,,,ea,1,Physical Item,,Square Point of Sale,tok00271
2026-09-06,11:13:59,Central Time (US & Canada),Plates,Salmon Plate,1,Regular,,,$19.00,$0.00,$19.00,$1.57,TXN100272,PAY500272,Counter iPad 1,,,Payment,Bluebird Bowl Co. - Main St,To Go,,,,ea,1,Physical Item,,Square Point of Sale,tok00272
2026-09-06,11:27:41,Central Time (US & Canada),Bowls,Chicken Bowl,1,Regular,,,$12.00,$0.00,$12.00,$0.99,TXN100273,PAY500273,Counter iPad 1,,,Payment,Bluebird Bowl Co. - Main St,For Here,,,,ea,1,Physical Item,,Square Point of Sale,tok00273
2026-09-06,11:42:07,Central Time (US & Canada),Beverages,Fountain Drink,1,Regular,,,$2.75,$0.00,$2.75,$0.23,TXN100274,PAY500274,Counter iPad 1,,,Payment,Bluebird Bowl Co. - Main St,To Go,,,,ea,1,Physical Item,,Square Point of Sale,tok00274
2026-09-06,11:44:36,Central Time (US & Canada),Beverages,Fountain Drink,1,Regular,,,$2.75,$0.00,$2.75,$0.23,TXN100275,PAY500275,Counter iPad 1,,,Payment,Bluebird Bowl Co. - Main St,To Go,,,,ea,1,Physical Item,,Square Point of Sale,tok00275
2026-09-06,11:48:00,Central Time (US & Canada),Plates,Salmon Plate,1,Regular,,,$19.00,$0.00,$19.00,$1.57,TXN100276,PAY500276,Counter iPad 1,,,Payment,Bluebird Bowl Co. - Main St,For Here,,,,ea,1,Physical Item,,Square Point of Sale,tok00276
2026-09-06,12:36:01,Central Time (US & Canada),Bowls,Chicken Bowl,1,Regular,,,$12.00,$0.00,$12.00,$0.99,TXN100277,PAY500277,Counter iPad 1,,,Payment,Bluebird Bowl Co. - Main St,For Here,,,,ea,1,Physical Item,,Square Point of Sale,tok00277
2026-09-06,12:43:01,Central Time (US & Canada),Plates,Salmon Plate,1,Regular,,,$19.00,$0.00,$19.00,$1.57,TXN100278,PAY500278,Counter iPad 1,,,Payment,Bluebird Bowl Co. - Main St,For Here,,,,ea,1,Physical Item,,Square Point of Sale,tok00278
2026-09-06,12:57:33,Central Time (US & Canada),Beverages,Fountain Drink,1,Regular,,,$2.75,$0.00,$2.75,$0.23,TXN100279,PAY500279,Counter iPad 1,,,Payment,Bluebird Bowl Co. - Main St,For Here,,,,ea,1,Physical Item,,Square Point of Sale,tok00279
2026-09-06,12:58:07,Central Time (US & Canada),Beverages,Fountain Drink,2,Regular,,,$5.50,$0.00,$5.50,$0.45,TXN100280,PAY500280,Counter iPad 1,,,Payment,Bluebird Bowl Co. - Main St,To Go,,,,ea,2,Physical Item,,Square Point of Sale,tok00280
2026-09-06,13:44:55,Central Time (US & Canada),Bowls,Steak Bowl,1,Regular,,,$16.00,$0.00,$16.00,$1.32,TXN100281,PAY500281,Counter iPad 1,,,Payment,Bluebird Bowl Co. - Main St,For Here,,,,ea,1,Physical Item,,Square Point of Sale,tok00281
2026-09-06,13:47:24,Central Time (US & Canada),Plates,Salmon Plate,2,Regular,,,$38.00,$0.00,$38.00,$3.14,TXN100282,PAY500282,Counter iPad 1,,,Payment,Bluebird Bowl Co. - Main St,For Here,,,,ea,2,Physical Item,,Square Point of Sale,tok00282
2026-09-06,14:10:58,Central Time (US & Canada),Beverages,Fountain Drink,1,Regular,,,$2.75,$0.00,$2.75,$0.23,TXN100283,PAY500283,Counter iPad 1,,,Payment,Bluebird Bowl Co. - Main St,For Here,,,,ea,1,Physical Item,,Square Point of Sale,tok00283
2026-09-06,14:13:17,Central Time (US & Canada),Bowls,Chicken Bowl,1,Regular,,,$12.00,$0.00,$12.00,$0.99,TXN100284,PAY500284,Counter iPad 1,,,Payment,Bluebird Bowl Co. - Main St,To Go,,,,ea,1,Physical Item,,Square Point of Sale,tok00284
2026-09-06,14:27:41,Central Time (US & Canada),Kids,Kids Plate,1,Regular,,,$7.00,$0.00,$7.00,$0.58,TXN100285,PAY500285,Counter iPad 1,,,Payment,Bluebird Bowl Co. - Main St,To Go,,,,ea,1,Physical Item,,Square Point of Sale,tok00285
2026-09-06,14:34:47,Central Time (US & Canada),Beverages,Fountain Drink,1,Regular,,,$2.75,$0.00,$2.75,$0.23,TXN100286,PAY500286,Counter iPad 1,,,Payment,Bluebird Bowl Co. - Main St,For Here,,,,ea,1,Physical Item,,Square Point of Sale,tok00286
2026-09-06,14:35:03,Central Time (US & Canada),Beverages,Fountain Drink,1,Regular,,,$2.75,$0.00,$2.75,$0.23,TXN100287,PAY500287,Counter iPad 1,,,Payment,Bluebird Bowl Co. - Main St,For Here,,,,ea,1,Physical Item,,Square Point of Sale,tok00287
2026-09-06,15:12:09,Central Time (US & Canada),Beverages,Fountain Drink,2,Regular,,,$5.50,$0.00,$5.50,$0.45,TXN100288,PAY500288,Counter iPad 1,,,Payment,Bluebird Bowl Co. - Main St,To Go,,,,ea,2,Physical Item,,Square Point of Sale,tok00288
2026-09-06,15:13:33,Central Time (US & Canada),Bowls,Chicken Bowl,1,Regular,,Extra Avocado,$12.00,$0.00,$12.00,$0.99,TXN100289,PAY500289,Counter iPad 1,,,Payment,Bluebird Bowl Co. - Main St,For Here,,,,ea,1,Physical Item,,Square Point of Sale,tok00289
2026-09-06,16:07:02,Central Time (US & Canada),Bowls,Chicken Bowl,1,Regular,,,$12.00,$0.00,$12.00,$0.99,TXN100290,PAY500290,Counter iPad 1,,,Payment,Bluebird Bowl Co. - Main St,For Here,,,,ea,1,Physical Item,,Square Point of Sale,tok00290
2026-09-06,16:20:28,Central Time (US & Canada),Plates,Salmon Plate,1,Regular,,,$19.00,$0.00,$19.00,$1.57,TXN100291,PAY500291,Counter iPad 1,,,Payment,Bluebird Bowl Co. - Main St,To Go,,Test Customer A,,ea,1,Physical Item,,Square Point of Sale,tok00291
2026-09-06,17:03:55,Central Time (US & Canada),Bowls,Chicken Bowl,2,Regular,,,$24.00,$0.00,$24.00,$1.98,TXN100292,PAY500292,Counter iPad 1,,,Payment,Bluebird Bowl Co. - Main St,To Go,,,,ea,2,Physical Item,,Square Point of Sale,tok00292
2026-09-06,17:06:00,Central Time (US & Canada),Bowls,Steak Bowl,1,Regular,,,$16.00,$0.00,$16.00,$1.32,TXN100293,PAY500293,Counter iPad 1,,,Payment,Bluebird Bowl Co. - Main St,For Here,,,,ea,1,Physical Item,,Square Point of Sale,tok00293
2026-09-06,17:22:59,Central Time (US & Canada),Bowls,Chicken Bowl,1,Regular,,,$12.00,$0.00,$12.00,$0.99,TXN100294,PAY500294,Counter iPad 1,,,Payment,Bluebird Bowl Co. - Main St,For Here,,,,ea,1,Physical Item,,Square Point of Sale,tok00294
2026-09-06,17:28:02,Central Time (US & Canada),Bowls,Steak Bowl,1,Regular,,,$16.00,$0.00,$16.00,$1.32,TXN100295,PAY500295,Counter iPad 1,,,Payment,Bluebird Bowl Co. - Main St,For Here,,,,ea,1,Physical Item,,Square Point of Sale,tok00295
2026-09-06,17:39:47,Central Time (US & Canada),Bowls,Chicken Bowl,1,Regular,,,$12.00,$0.00,$12.00,$0.99,TXN100296,PAY500296,Counter iPad 1,,,Payment,Bluebird Bowl Co. - Main St,To Go,,,,ea,1,Physical Item,,Square Point of Sale,tok00296
2026-09-06,18:21:23,Central Time (US & Canada),Beverages,Fountain Drink,2,Regular,,,$5.50,$0.00,$5.50,$0.45,TXN100297,PAY500297,Counter iPad 1,,,Payment,Bluebird Bowl Co. - Main St,To Go,,,,ea,2,Physical Item,,Square Point of Sale,tok00297
2026-09-06,18:36:38,Central Time (US & Canada),Bowls,Steak Bowl,2,Regular,,,$32.00,$0.00,$32.00,$2.64,TXN100298,PAY500298,Counter iPad 1,,,Payment,Bluebird Bowl Co. - Main St,To Go,,,,ea,2,Physical Item,,Square Point of Sale,tok00298
2026-09-06,19:02:25,Central Time (US & Canada),Beverages,Fountain Drink,2,Regular,,,$5.50,$0.00,$5.50,$0.45,TXN100299,PAY500299,Counter iPad 1,,,Payment,Bluebird Bowl Co. - Main St,To Go,,,,ea,2,Physical Item,,Square Point of Sale,tok00299
2026-09-06,19:19:14,Central Time (US & Canada),Beverages,Fountain Drink,1,Regular,,,$2.75,$0.00,$2.75,$0.23,TXN100300,PAY500300,Counter iPad 1,,,Payment,Bluebird Bowl Co. - Main St,For Here,,,,ea,1,Physical Item,,Square Point of Sale,tok00300
2026-09-06,20:03:19,Central Time (US & Canada),Bowls,Steak Bowl,1,Regular,,,$16.00,$0.00,$16.00,$1.32,TXN100301,PAY500301,Counter iPad 1,,,Payment,Bluebird Bowl Co. - Main St,For Here,,,,ea,1,Physical Item,,Square Point of Sale,tok00301
2026-09-06,20:04:02,Central Time (US & Canada),Kids,Kids Plate,1,Regular,,,$7.00,$0.00,$7.00,$0.58,TXN100302,PAY500302,Counter iPad 1,,,Payment,Bluebird Bowl Co. - Main St,To Go,,,,ea,1,Physical Item,,Square Point of Sale,tok00302
2026-09-06,20:08:19,Central Time (US & Canada),Bowls,Veggie Bowl,1,Regular,,,$13.50,$0.00,$13.50,$1.11,TXN100303,PAY500303,Counter iPad 1,,,Payment,Bluebird Bowl Co. - Main St,For Here,,,,ea,1,Physical Item,,Square Point of Sale,tok00303
2026-09-06,20:49:43,Central Time (US & Canada),Beverages,Fountain Drink,2,Regular,,,$5.50,$0.00,$5.50,$0.45,TXN100304,PAY500304,Counter iPad 1,,,Payment,Bluebird Bowl Co. - Main St,To Go,,,,ea,2,Physical Item,,Square Point of Sale,tok00304
2026-09-07,11:14:13,Central Time (US & Canada),Plates,Salmon Plate,2,Regular,,,$38.00,$0.00,$38.00,$3.14,TXN100305,PAY500305,Counter iPad 1,,,Payment,Bluebird Bowl Co. - Main St,To Go,,,,ea,2,Physical Item,,Square Point of Sale,tok00305
2026-09-07,11:52:14,Central Time (US & Canada),Bowls,Chicken Bowl,1,Regular,,Extra Avocado,$12.00,$0.00,$12.00,$0.99,TXN100306,PAY500306,Counter iPad 1,,,Payment,Bluebird Bowl Co. - Main St,For Here,,,,ea,1,Physical Item,,Square Point of Sale,tok00306
2026-09-07,11:58:58,Central Time (US & Canada),Plates,Salmon Plate,2,Regular,,,$38.00,$0.00,$38.00,$3.14,TXN100307,PAY500307,Counter iPad 1,,,Payment,Bluebird Bowl Co. - Main St,To Go,,,,ea,2,Physical Item,,Square Point of Sale,tok00307
2026-09-07,12:16:14,Central Time (US & Canada),Bowls,Chicken Bowl,1,Regular,,,$12.00,$0.00,$12.00,$0.99,TXN100308,PAY500308,Counter iPad 1,,,Payment,Bluebird Bowl Co. - Main St,To Go,,,,ea,1,Physical Item,,Square Point of Sale,tok00308
2026-09-07,12:16:41,Central Time (US & Canada),Bowls,Chicken Bowl,1,Regular,,,$12.00,$0.00,$12.00,$0.99,TXN100309,PAY500309,Counter iPad 1,,,Payment,Bluebird Bowl Co. - Main St,To Go,,,,ea,1,Physical Item,,Square Point of Sale,tok00309
2026-09-07,12:36:06,Central Time (US & Canada),Kids,Kids Plate,2,Regular,,,$14.00,$0.00,$14.00,$1.16,TXN100310,PAY500310,Counter iPad 1,,,Payment,Bluebird Bowl Co. - Main St,For Here,,,,ea,2,Physical Item,,Square Point of Sale,tok00310
2026-09-07,12:45:06,Central Time (US & Canada),Plates,Salmon Plate,2,Regular,,,$38.00,$0.00,$38.00,$3.14,TXN100311,PAY500311,Counter iPad 1,,,Payment,Bluebird Bowl Co. - Main St,To Go,,,,ea,2,Physical Item,,Square Point of Sale,tok00311
2026-09-07,12:56:29,Central Time (US & Canada),Beverages,Fountain Drink,1,Regular,,,$2.75,$0.00,$2.75,$0.23,TXN100312,PAY500312,Counter iPad 1,,,Payment,Bluebird Bowl Co. - Main St,To Go,,,,ea,1,Physical Item,,Square Point of Sale,tok00312
2026-09-07,13:07:00,Central Time (US & Canada),Beverages,Fountain Drink,1,Regular,,,$2.75,$0.00,$2.75,$0.23,TXN100313,PAY500313,Counter iPad 1,,,Payment,Bluebird Bowl Co. - Main St,For Here,,,,ea,1,Physical Item,,Square Point of Sale,tok00313
2026-09-07,13:08:12,Central Time (US & Canada),Kids,Kids Plate,2,Regular,,,$14.00,$0.00,$14.00,$1.16,TXN100314,PAY500314,Counter iPad 1,,,Payment,Bluebird Bowl Co. - Main St,To Go,,,,ea,2,Physical Item,,Square Point of Sale,tok00314
2026-09-07,13:11:15,Central Time (US & Canada),Bowls,Chicken Bowl,1,Regular,,,$12.00,$0.00,$12.00,$0.99,TXN100315,PAY500315,Counter iPad 1,,,Payment,Bluebird Bowl Co. - Main St,To Go,,,,ea,1,Physical Item,,Square Point of Sale,tok00315
2026-09-07,13:15:09,Central Time (US & Canada),Plates,Salmon Plate,1,Regular,,,$19.00,$0.00,$19.00,$1.57,TXN100316,PAY500316,Counter iPad 1,,,Payment,Bluebird Bowl Co. - Main St,To Go,,,,ea,1,Physical Item,,Square Point of Sale,tok00316
2026-09-07,13:38:56,Central Time (US & Canada),Bowls,Chicken Bowl,2,Regular,,,$24.00,$0.00,$24.00,$1.98,TXN100317,PAY500317,Counter iPad 1,,,Payment,Bluebird Bowl Co. - Main St,To Go,,,,ea,2,Physical Item,,Square Point of Sale,tok00317
2026-09-07,14:18:02,Central Time (US & Canada),Bowls,Chicken Bowl,1,Regular,,,$12.00,$0.00,$12.00,$0.99,TXN100318,PAY500318,Counter iPad 1,,,Payment,Bluebird Bowl Co. - Main St,To Go,,,,ea,1,Physical Item,,Square Point of Sale,tok00318
2026-09-07,14:23:31,Central Time (US & Canada),Plates,Salmon Plate,1,Regular,,,$19.00,$0.00,$19.00,$1.57,TXN100319,PAY500319,Counter iPad 1,,,Payment,Bluebird Bowl Co. - Main St,For Here,,,,ea,1,Physical Item,,Square Point of Sale,tok00319
2026-09-07,14:47:07,Central Time (US & Canada),Beverages,Fountain Drink,1,Regular,,,$2.75,$0.00,$2.75,$0.23,TXN100320,PAY500320,Counter iPad 1,,,Payment,Bluebird Bowl Co. - Main St,For Here,,,,ea,1,Physical Item,,Square Point of Sale,tok00320
2026-09-07,15:14:04,Central Time (US & Canada),Beverages,Fountain Drink,1,Regular,,,$2.75,$0.00,$2.75,$0.23,TXN100321,PAY500321,Counter iPad 1,,,Payment,Bluebird Bowl Co. - Main St,To Go,,,,ea,1,Physical Item,,Square Point of Sale,tok00321
2026-09-07,15:37:21,Central Time (US & Canada),Bowls,Chicken Bowl,1,Regular,,,$12.00,$0.00,$12.00,$0.99,TXN100322,PAY500322,Counter iPad 1,,,Payment,Bluebird Bowl Co. - Main St,For Here,,,,ea,1,Physical Item,,Square Point of Sale,tok00322
2026-09-07,15:49:18,Central Time (US & Canada),Bowls,Chicken Bowl,1,Regular,,Extra Avocado,$12.00,$0.00,$12.00,$0.99,TXN100323,PAY500323,Counter iPad 1,,,Payment,Bluebird Bowl Co. - Main St,For Here,,,,ea,1,Physical Item,,Square Point of Sale,tok00323
2026-09-07,16:15:19,Central Time (US & Canada),Bowls,Veggie Bowl,1,Regular,,,$13.50,$0.00,$13.50,$1.11,TXN100324,PAY500324,Counter iPad 1,,,Payment,Bluebird Bowl Co. - Main St,For Here,,,,ea,1,Physical Item,,Square Point of Sale,tok00324
2026-09-07,16:23:06,Central Time (US & Canada),Bowls,Chicken Bowl,1,Regular,,,$12.00,$0.00,$12.00,$0.99,TXN100325,PAY500325,Counter iPad 1,,,Payment,Bluebird Bowl Co. - Main St,To Go,,,,ea,1,Physical Item,,Square Point of Sale,tok00325
2026-09-07,16:38:44,Central Time (US & Canada),Bowls,Veggie Bowl,1,Regular,,,$13.50,$0.00,$13.50,$1.11,TXN100326,PAY500326,Counter iPad 1,,,Payment,Bluebird Bowl Co. - Main St,For Here,,,,ea,1,Physical Item,,Square Point of Sale,tok00326
2026-09-07,17:01:14,Central Time (US & Canada),Plates,Salmon Plate,2,Regular,,,$38.00,$0.00,$38.00,$3.14,TXN100327,PAY500327,Counter iPad 1,,,Payment,Bluebird Bowl Co. - Main St,For Here,,,,ea,2,Physical Item,,Square Point of Sale,tok00327
2026-09-07,17:08:53,Central Time (US & Canada),Bowls,Chicken Bowl,1,Regular,,,$12.00,$0.00,$12.00,$0.99,TXN100328,PAY500328,Counter iPad 1,,,Payment,Bluebird Bowl Co. - Main St,For Here,,,,ea,1,Physical Item,,Square Point of Sale,tok00328
2026-09-07,17:22:44,Central Time (US & Canada),Beverages,Fountain Drink,1,Regular,,,$2.75,$0.00,$2.75,$0.23,TXN100329,PAY500329,Counter iPad 1,,,Payment,Bluebird Bowl Co. - Main St,For Here,,,,ea,1,Physical Item,,Square Point of Sale,tok00329
2026-09-07,17:52:33,Central Time (US & Canada),Plates,Salmon Plate,1,Regular,,,$19.00,$0.00,$19.00,$1.57,TXN100330,PAY500330,Counter iPad 1,,,Payment,Bluebird Bowl Co. - Main St,To Go,,,,ea,1,Physical Item,,Square Point of Sale,tok00330
2026-09-07,17:54:49,Central Time (US & Canada),Bowls,Veggie Bowl,2,Regular,,,$27.00,$0.00,$27.00,$2.23,TXN100331,PAY500331,Counter iPad 1,,,Payment,Bluebird Bowl Co. - Main St,For Here,,,,ea,2,Physical Item,,Square Point of Sale,tok00331
2026-09-07,18:02:11,Central Time (US & Canada),Beverages,Fountain Drink,2,Regular,,,$5.50,$0.00,$5.50,$0.45,TXN100332,PAY500332,Counter iPad 1,,,Payment,Bluebird Bowl Co. - Main St,For Here,,,,ea,2,Physical Item,,Square Point of Sale,tok00332
2026-09-07,18:03:10,Central Time (US & Canada),Bowls,Chicken Bowl,2,Regular,,,$24.00,$0.00,$24.00,$1.98,TXN100333,PAY500333,Counter iPad 1,,,Payment,Bluebird Bowl Co. - Main St,To Go,,,,ea,2,Physical Item,,Square Point of Sale,tok00333
2026-09-07,18:19:10,Central Time (US & Canada),Bowls,Veggie Bowl,1,Regular,,,$13.50,$0.00,$13.50,$1.11,TXN100334,PAY500334,Counter iPad 1,,,Payment,Bluebird Bowl Co. - Main St,To Go,,,,ea,1,Physical Item,,Square Point of Sale,tok00334
2026-09-07,19:48:15,Central Time (US & Canada),Bowls,Steak Bowl,1,Regular,,,$16.00,$0.00,$16.00,$1.32,TXN100335,PAY500335,Counter iPad 1,,,Payment,Bluebird Bowl Co. - Main St,For Here,,,,ea,1,Physical Item,,Square Point of Sale,tok00335
2026-09-07,20:32:12,Central Time (US & Canada),Plates,Salmon Plate,1,Regular,,,$19.00,$0.00,$19.00,$1.57,TXN100336,PAY500336,Counter iPad 1,,,Payment,Bluebird Bowl Co. - Main St,To Go,,,,ea,1,Physical Item,,Square Point of Sale,tok00336
2026-09-07,20:42:31,Central Time (US & Canada),Kids,Kids Plate,1,Regular,,,$7.00,$0.00,$7.00,$0.58,TXN100337,PAY500337,Counter iPad 1,,,Payment,Bluebird Bowl Co. - Main St,To Go,,,,ea,1,Physical Item,,Square Point of Sale,tok00337
2026-09-08,11:13:30,Central Time (US & Canada),Bowls,Chicken Bowl,1,Regular,,,$12.00,$0.00,$12.00,$0.99,TXN100338,PAY500338,Counter iPad 1,,,Payment,Bluebird Bowl Co. - Main St,To Go,,,,ea,1,Physical Item,,Square Point of Sale,tok00338
2026-09-08,11:51:54,Central Time (US & Canada),Bowls,Steak Bowl,2,Regular,,,$32.00,$0.00,$32.00,$2.64,TXN100339,PAY500339,Counter iPad 1,,,Payment,Bluebird Bowl Co. - Main St,For Here,,,,ea,2,Physical Item,,Square Point of Sale,tok00339
2026-09-08,12:00:19,Central Time (US & Canada),Bowls,Chicken Bowl,1,Regular,,Extra Avocado,$12.00,$0.00,$12.00,$0.99,TXN100340,PAY500340,Counter iPad 1,,,Payment,Bluebird Bowl Co. - Main St,For Here,,,,ea,1,Physical Item,,Square Point of Sale,tok00340
2026-09-08,12:34:03,Central Time (US & Canada),Bowls,Steak Bowl,2,Regular,,,$32.00,$0.00,$32.00,$2.64,TXN100341,PAY500341,Counter iPad 1,,,Payment,Bluebird Bowl Co. - Main St,To Go,,,,ea,2,Physical Item,,Square Point of Sale,tok00341
2026-09-08,13:05:49,Central Time (US & Canada),Bowls,Chicken Bowl,1,Regular,,,$12.00,$0.00,$12.00,$0.99,TXN100342,PAY500342,Counter iPad 1,,,Payment,Bluebird Bowl Co. - Main St,For Here,,,,ea,1,Physical Item,,Square Point of Sale,tok00342
2026-09-08,13:26:56,Central Time (US & Canada),Bowls,Chicken Bowl,1,Regular,,,$12.00,$0.00,$12.00,$0.99,TXN100343,PAY500343,Counter iPad 1,,,Payment,Bluebird Bowl Co. - Main St,For Here,,,,ea,1,Physical Item,,Square Point of Sale,tok00343
2026-09-08,13:42:33,Central Time (US & Canada),Plates,Salmon Plate,1,Regular,,,$19.00,$0.00,$19.00,$1.57,TXN100344,PAY500344,Counter iPad 1,,,Payment,Bluebird Bowl Co. - Main St,For Here,,,,ea,1,Physical Item,,Square Point of Sale,tok00344
2026-09-08,13:44:00,Central Time (US & Canada),Beverages,Fountain Drink,1,Regular,,,$2.75,$0.00,$2.75,$0.23,TXN100345,PAY500345,Counter iPad 1,,,Payment,Bluebird Bowl Co. - Main St,For Here,,,,ea,1,Physical Item,,Square Point of Sale,tok00345
2026-09-08,14:04:45,Central Time (US & Canada),Beverages,Fountain Drink,1,Regular,,,$2.75,$0.00,$2.75,$0.23,TXN100346,PAY500346,Counter iPad 1,,,Payment,Bluebird Bowl Co. - Main St,For Here,,,,ea,1,Physical Item,,Square Point of Sale,tok00346
2026-09-08,14:08:49,Central Time (US & Canada),Bowls,Steak Bowl,1,Regular,,,$16.00,$0.00,$16.00,$1.32,TXN100347,PAY500347,Counter iPad 1,,,Payment,Bluebird Bowl Co. - Main St,For Here,,,,ea,1,Physical Item,,Square Point of Sale,tok00347
2026-09-08,14:30:20,Central Time (US & Canada),Bowls,Chicken Bowl,1,Regular,,,$12.00,$0.00,$12.00,$0.99,TXN100348,PAY500348,Counter iPad 1,,,Payment,Bluebird Bowl Co. - Main St,For Here,,,,ea,1,Physical Item,,Square Point of Sale,tok00348
2026-09-08,14:44:45,Central Time (US & Canada),Bowls,Steak Bowl,1,Regular,,,$16.00,$0.00,$16.00,$1.32,TXN100349,PAY500349,Counter iPad 1,,,Payment,Bluebird Bowl Co. - Main St,For Here,,,,ea,1,Physical Item,,Square Point of Sale,tok00349
2026-09-08,14:46:08,Central Time (US & Canada),Plates,Salmon Plate,2,Regular,,,$38.00,$0.00,$38.00,$3.14,TXN100350,PAY500350,Counter iPad 1,,,Payment,Bluebird Bowl Co. - Main St,For Here,,,,ea,2,Physical Item,,Square Point of Sale,tok00350
2026-09-08,15:14:34,Central Time (US & Canada),Bowls,Chicken Bowl,1,Regular,,,$12.00,$0.00,$12.00,$0.99,TXN100351,PAY500351,Counter iPad 1,,,Payment,Bluebird Bowl Co. - Main St,For Here,,,,ea,1,Physical Item,,Square Point of Sale,tok00351
2026-09-08,15:25:09,Central Time (US & Canada),Beverages,Fountain Drink,1,Regular,,,$2.75,$0.00,$2.75,$0.23,TXN100352,PAY500352,Counter iPad 1,,,Payment,Bluebird Bowl Co. - Main St,To Go,,,,ea,1,Physical Item,,Square Point of Sale,tok00352
2026-09-08,15:49:54,Central Time (US & Canada),Bowls,Chicken Bowl,1,Regular,,,$12.00,$0.00,$12.00,$0.99,TXN100353,PAY500353,Counter iPad 1,,,Payment,Bluebird Bowl Co. - Main St,For Here,,,,ea,1,Physical Item,,Square Point of Sale,tok00353
2026-09-08,16:00:45,Central Time (US & Canada),Bowls,Chicken Bowl,1,Regular,,,$12.00,$0.00,$12.00,$0.99,TXN100354,PAY500354,Counter iPad 1,,,Payment,Bluebird Bowl Co. - Main St,To Go,,,,ea,1,Physical Item,,Square Point of Sale,tok00354
2026-09-08,16:26:36,Central Time (US & Canada),Bowls,Steak Bowl,2,Regular,,,$32.00,$0.00,$32.00,$2.64,TXN100355,PAY500355,Counter iPad 1,,,Payment,Bluebird Bowl Co. - Main St,For Here,,,,ea,2,Physical Item,,Square Point of Sale,tok00355
2026-09-08,16:53:15,Central Time (US & Canada),Kids,Kids Plate,2,Regular,,,$14.00,$0.00,$14.00,$1.16,TXN100356,PAY500356,Counter iPad 1,,,Payment,Bluebird Bowl Co. - Main St,To Go,,,,ea,2,Physical Item,,Square Point of Sale,tok00356
2026-09-08,17:10:03,Central Time (US & Canada),Kids,Kids Plate,1,Regular,,,$7.00,$0.00,$7.00,$0.58,TXN100357,PAY500357,Counter iPad 1,,,Payment,Bluebird Bowl Co. - Main St,For Here,,,,ea,1,Physical Item,,Square Point of Sale,tok00357
2026-09-08,17:18:41,Central Time (US & Canada),Beverages,Fountain Drink,1,Regular,,,$2.75,$0.00,$2.75,$0.23,TXN100358,PAY500358,Counter iPad 1,,,Payment,Bluebird Bowl Co. - Main St,For Here,,,,ea,1,Physical Item,,Square Point of Sale,tok00358
2026-09-08,17:34:43,Central Time (US & Canada),Beverages,Fountain Drink,1,Regular,,,$2.75,$0.00,$2.75,$0.23,TXN100359,PAY500359,Counter iPad 1,,,Payment,Bluebird Bowl Co. - Main St,To Go,,,,ea,1,Physical Item,,Square Point of Sale,tok00359
2026-09-08,17:43:32,Central Time (US & Canada),Plates,Salmon Plate,1,Regular,,,$19.00,$0.00,$19.00,$1.57,TXN100360,PAY500360,Counter iPad 1,,,Payment,Bluebird Bowl Co. - Main St,To Go,,,,ea,1,Physical Item,,Square Point of Sale,tok00360
2026-09-08,18:21:35,Central Time (US & Canada),Bowls,Chicken Bowl,1,Regular,,,$12.00,$0.00,$12.00,$0.99,TXN100361,PAY500361,Counter iPad 1,,,Payment,Bluebird Bowl Co. - Main St,To Go,,,,ea,1,Physical Item,,Square Point of Sale,tok00361
2026-09-08,18:58:15,Central Time (US & Canada),Bowls,Chicken Bowl,1,Regular,,,$12.00,$0.00,$12.00,$0.99,TXN100362,PAY500362,Counter iPad 1,,,Payment,Bluebird Bowl Co. - Main St,For Here,,,,ea,1,Physical Item,,Square Point of Sale,tok00362
2026-09-08,19:11:23,Central Time (US & Canada),Bowls,Chicken Bowl,1,Regular,,,$12.00,$0.00,$12.00,$0.99,TXN100363,PAY500363,Counter iPad 1,,,Payment,Bluebird Bowl Co. - Main St,For Here,,,,ea,1,Physical Item,,Square Point of Sale,tok00363
2026-09-08,19:47:33,Central Time (US & Canada),Bowls,Chicken Bowl,2,Regular,,,$24.00,$0.00,$24.00,$1.98,TXN100364,PAY500364,Counter iPad 1,,,Payment,Bluebird Bowl Co. - Main St,To Go,,,,ea,2,Physical Item,,Square Point of Sale,tok00364
2026-09-08,19:53:32,Central Time (US & Canada),Plates,Salmon Plate,1,Regular,,,$19.00,$0.00,$19.00,$1.57,TXN100365,PAY500365,Counter iPad 1,,,Payment,Bluebird Bowl Co. - Main St,For Here,,,,ea,1,Physical Item,,Square Point of Sale,tok00365
2026-09-08,20:02:11,Central Time (US & Canada),Kids,Kids Plate,1,Regular,,,$7.00,$0.00,$7.00,$0.58,TXN100366,PAY500366,Counter iPad 1,,,Payment,Bluebird Bowl Co. - Main St,For Here,,,,ea,1,Physical Item,,Square Point of Sale,tok00366
2026-09-08,20:20:51,Central Time (US & Canada),Bowls,Chicken Bowl,1,Regular,,,$12.00,$0.00,$12.00,$0.99,TXN100367,PAY500367,Counter iPad 1,,,Payment,Bluebird Bowl Co. - Main St,To Go,,,,ea,1,Physical Item,,Square Point of Sale,tok00367
2026-09-08,20:27:52,Central Time (US & Canada),Beverages,Fountain Drink,1,Regular,,,$2.75,$0.00,$2.75,$0.23,TXN100368,PAY500368,Counter iPad 1,,,Payment,Bluebird Bowl Co. - Main St,For Here,,,,ea,1,Physical Item,,Square Point of Sale,tok00368
2026-09-08,20:28:11,Central Time (US & Canada),Beverages,Fountain Drink,2,Regular,,,$5.50,$0.00,$5.50,$0.45,TXN100369,PAY500369,Counter iPad 1,,,Payment,Bluebird Bowl Co. - Main St,To Go,,,,ea,2,Physical Item,,Square Point of Sale,tok00369
2026-09-08,20:30:17,Central Time (US & Canada),Beverages,Fountain Drink,1,Regular,,,$2.75,$0.00,$2.75,$0.23,TXN100370,PAY500370,Counter iPad 1,,,Payment,Bluebird Bowl Co. - Main St,To Go,,,,ea,1,Physical Item,,Square Point of Sale,tok00370
2026-09-09,11:50:57,Central Time (US & Canada),Bowls,Chicken Bowl,2,Regular,,,$24.00,$0.00,$24.00,$1.98,TXN100371,PAY500371,Counter iPad 1,,,Payment,Bluebird Bowl Co. - Main St,For Here,,,,ea,2,Physical Item,,Square Point of Sale,tok00371
2026-09-09,11:59:04,Central Time (US & Canada),Beverages,Fountain Drink,1,Regular,,,$2.75,$0.00,$2.75,$0.23,TXN100372,PAY500372,Counter iPad 1,,,Payment,Bluebird Bowl Co. - Main St,For Here,,,,ea,1,Physical Item,,Square Point of Sale,tok00372
2026-09-09,12:08:37,Central Time (US & Canada),Beverages,Fountain Drink,1,Regular,,,$2.75,$0.00,$2.75,$0.23,TXN100373,PAY500373,Counter iPad 1,,,Payment,Bluebird Bowl Co. - Main St,To Go,,,,ea,1,Physical Item,,Square Point of Sale,tok00373
2026-09-09,12:21:13,Central Time (US & Canada),Bowls,Veggie Bowl,1,Regular,,Extra Avocado,$13.50,$0.00,$13.50,$1.11,TXN100374,PAY500374,Counter iPad 1,,,Payment,Bluebird Bowl Co. - Main St,To Go,,,,ea,1,Physical Item,,Square Point of Sale,tok00374
2026-09-09,12:59:30,Central Time (US & Canada),Plates,Salmon Plate,1,Regular,,,$19.00,$0.00,$19.00,$1.57,TXN100375,PAY500375,Counter iPad 1,,,Payment,Bluebird Bowl Co. - Main St,For Here,,,,ea,1,Physical Item,,Square Point of Sale,tok00375
2026-09-09,13:00:13,Central Time (US & Canada),Bowls,Chicken Bowl,1,Regular,,,$12.00,$0.00,$12.00,$0.99,TXN100376,PAY500376,Counter iPad 1,,,Payment,Bluebird Bowl Co. - Main St,For Here,,,,ea,1,Physical Item,,Square Point of Sale,tok00376
2026-09-09,13:25:20,Central Time (US & Canada),Plates,Salmon Plate,2,Regular,,,$38.00,$0.00,$38.00,$3.14,TXN100377,PAY500377,Counter iPad 1,,,Payment,Bluebird Bowl Co. - Main St,For Here,,,,ea,2,Physical Item,,Square Point of Sale,tok00377
2026-09-09,13:31:22,Central Time (US & Canada),Kids,Kids Plate,1,Regular,,,$7.00,$0.00,$7.00,$0.58,TXN100378,PAY500378,Counter iPad 1,,,Payment,Bluebird Bowl Co. - Main St,For Here,,,,ea,1,Physical Item,,Square Point of Sale,tok00378
2026-09-09,13:59:58,Central Time (US & Canada),Bowls,Chicken Bowl,1,Regular,,,$12.00,$0.00,$12.00,$0.99,TXN100379,PAY500379,Counter iPad 1,,,Payment,Bluebird Bowl Co. - Main St,To Go,,,,ea,1,Physical Item,,Square Point of Sale,tok00379
2026-09-09,14:26:19,Central Time (US & Canada),Bowls,Chicken Bowl,1,Regular,,,$12.00,$0.00,$12.00,$0.99,TXN100380,PAY500380,Counter iPad 1,,,Payment,Bluebird Bowl Co. - Main St,For Here,,,,ea,1,Physical Item,,Square Point of Sale,tok00380
2026-09-09,14:46:01,Central Time (US & Canada),Plates,Salmon Plate,2,Regular,,,$38.00,$0.00,$38.00,$3.14,TXN100381,PAY500381,Counter iPad 1,,,Payment,Bluebird Bowl Co. - Main St,For Here,,,,ea,2,Physical Item,,Square Point of Sale,tok00381
2026-09-09,15:10:49,Central Time (US & Canada),Bowls,Veggie Bowl,1,Regular,,,$13.50,$0.00,$13.50,$1.11,TXN100382,PAY500382,Counter iPad 1,,,Payment,Bluebird Bowl Co. - Main St,For Here,,,,ea,1,Physical Item,,Square Point of Sale,tok00382
2026-09-09,15:20:05,Central Time (US & Canada),Beverages,Fountain Drink,1,Regular,,,$2.75,$0.00,$2.75,$0.23,TXN100383,PAY500383,Counter iPad 1,,,Payment,Bluebird Bowl Co. - Main St,To Go,,,,ea,1,Physical Item,,Square Point of Sale,tok00383
2026-09-09,15:44:07,Central Time (US & Canada),Plates,Salmon Plate,1,Regular,,,$19.00,$0.00,$19.00,$1.57,TXN100384,PAY500384,Counter iPad 1,,,Payment,Bluebird Bowl Co. - Main St,For Here,,,,ea,1,Physical Item,,Square Point of Sale,tok00384
2026-09-09,16:12:29,Central Time (US & Canada),Bowls,Chicken Bowl,1,Regular,,,$12.00,$0.00,$12.00,$0.99,TXN100385,PAY500385,Counter iPad 1,,,Payment,Bluebird Bowl Co. - Main St,For Here,,,,ea,1,Physical Item,,Square Point of Sale,tok00385
2026-09-09,16:58:37,Central Time (US & Canada),Bowls,Chicken Bowl,1,Regular,,,$12.00,$0.00,$12.00,$0.99,TXN100386,PAY500386,Counter iPad 1,,,Payment,Bluebird Bowl Co. - Main St,For Here,,,,ea,1,Physical Item,,Square Point of Sale,tok00386
2026-09-09,17:31:01,Central Time (US & Canada),Bowls,Veggie Bowl,2,Regular,,,$27.00,$0.00,$27.00,$2.23,TXN100387,PAY500387,Counter iPad 1,,,Payment,Bluebird Bowl Co. - Main St,To Go,,,,ea,2,Physical Item,,Square Point of Sale,tok00387
2026-09-09,17:31:09,Central Time (US & Canada),Beverages,Fountain Drink,1,Regular,,,$2.75,$0.00,$2.75,$0.23,TXN100388,PAY500388,Counter iPad 1,,,Payment,Bluebird Bowl Co. - Main St,For Here,,Test Customer A,,ea,1,Physical Item,,Square Point of Sale,tok00388
2026-09-09,18:09:20,Central Time (US & Canada),Bowls,Steak Bowl,1,Regular,,,$16.00,$0.00,$16.00,$1.32,TXN100389,PAY500389,Counter iPad 1,,,Payment,Bluebird Bowl Co. - Main St,For Here,,,,ea,1,Physical Item,,Square Point of Sale,tok00389
2026-09-09,18:20:30,Central Time (US & Canada),Beverages,Fountain Drink,1,Regular,,,$2.75,$0.00,$2.75,$0.23,TXN100390,PAY500390,Counter iPad 1,,,Payment,Bluebird Bowl Co. - Main St,To Go,,,,ea,1,Physical Item,,Square Point of Sale,tok00390
2026-09-09,18:23:48,Central Time (US & Canada),Bowls,Veggie Bowl,1,Regular,,Extra Avocado,$13.50,$0.00,$13.50,$1.11,TXN100391,PAY500391,Counter iPad 1,,,Payment,Bluebird Bowl Co. - Main St,To Go,,,,ea,1,Physical Item,,Square Point of Sale,tok00391
2026-09-09,18:36:56,Central Time (US & Canada),Beverages,Fountain Drink,1,Regular,,,$2.75,$0.00,$2.75,$0.23,TXN100392,PAY500392,Counter iPad 1,,,Payment,Bluebird Bowl Co. - Main St,To Go,,,,ea,1,Physical Item,,Square Point of Sale,tok00392
2026-09-09,18:37:35,Central Time (US & Canada),Plates,Salmon Plate,1,Regular,,,$19.00,$0.00,$19.00,$1.57,TXN100393,PAY500393,Counter iPad 1,,,Payment,Bluebird Bowl Co. - Main St,For Here,,,,ea,1,Physical Item,,Square Point of Sale,tok00393
2026-09-09,19:04:46,Central Time (US & Canada),Plates,Salmon Plate,1,Regular,,,$19.00,$0.00,$19.00,$1.57,TXN100394,PAY500394,Counter iPad 1,,,Payment,Bluebird Bowl Co. - Main St,To Go,,,,ea,1,Physical Item,,Square Point of Sale,tok00394
2026-09-09,19:31:45,Central Time (US & Canada),Kids,Kids Plate,2,Regular,,,$14.00,$0.00,$14.00,$1.16,TXN100395,PAY500395,Counter iPad 1,,,Payment,Bluebird Bowl Co. - Main St,For Here,,,,ea,2,Physical Item,,Square Point of Sale,tok00395
2026-09-09,19:37:44,Central Time (US & Canada),Bowls,Chicken Bowl,1,Regular,,,$12.00,$0.00,$12.00,$0.99,TXN100396,PAY500396,Counter iPad 1,,,Payment,Bluebird Bowl Co. - Main St,To Go,,,,ea,1,Physical Item,,Square Point of Sale,tok00396
2026-09-09,19:49:47,Central Time (US & Canada),Bowls,Chicken Bowl,1,Regular,,,$12.00,$0.00,$12.00,$0.99,TXN100397,PAY500397,Counter iPad 1,,,Payment,Bluebird Bowl Co. - Main St,To Go,,,,ea,1,Physical Item,,Square Point of Sale,tok00397
2026-09-09,20:06:09,Central Time (US & Canada),Bowls,Steak Bowl,2,Regular,,,$32.00,$0.00,$32.00,$2.64,TXN100398,PAY500398,Counter iPad 1,,,Payment,Bluebird Bowl Co. - Main St,To Go,,,,ea,2,Physical Item,,Square Point of Sale,tok00398
2026-09-09,20:20:58,Central Time (US & Canada),Bowls,Chicken Bowl,1,Regular,,,$12.00,$0.00,$12.00,$0.99,TXN100399,PAY500399,Counter iPad 1,,,Payment,Bluebird Bowl Co. - Main St,For Here,,,,ea,1,Physical Item,,Square Point of Sale,tok00399
2026-09-09,20:25:42,Central Time (US & Canada),Beverages,Fountain Drink,1,Regular,,,$2.75,$0.00,$2.75,$0.23,TXN100400,PAY500400,Counter iPad 1,,,Payment,Bluebird Bowl Co. - Main St,To Go,,,,ea,1,Physical Item,,Square Point of Sale,tok00400
2026-09-09,20:38:30,Central Time (US & Canada),Plates,Salmon Plate,2,Regular,,,$38.00,$0.00,$38.00,$3.14,TXN100401,PAY500401,Counter iPad 1,,,Payment,Bluebird Bowl Co. - Main St,For Here,,,,ea,2,Physical Item,,Square Point of Sale,tok00401
2026-09-09,20:38:43,Central Time (US & Canada),Beverages,Fountain Drink,1,Regular,,,$2.75,$0.00,$2.75,$0.23,TXN100402,PAY500402,Counter iPad 1,,,Payment,Bluebird Bowl Co. - Main St,To Go,,,,ea,1,Physical Item,,Square Point of Sale,tok00402
2026-09-09,20:45:13,Central Time (US & Canada),Bowls,Chicken Bowl,1,Regular,,,$12.00,$0.00,$12.00,$0.99,TXN100403,PAY500403,Counter iPad 1,,,Payment,Bluebird Bowl Co. - Main St,To Go,,,,ea,1,Physical Item,,Square Point of Sale,tok00403
2026-09-10,11:18:26,Central Time (US & Canada),Plates,Salmon Plate,2,Regular,,,$38.00,$0.00,$38.00,$3.14,TXN100404,PAY500404,Counter iPad 1,,,Payment,Bluebird Bowl Co. - Main St,For Here,,,,ea,2,Physical Item,,Square Point of Sale,tok00404
2026-09-10,11:45:44,Central Time (US & Canada),Bowls,Chicken Bowl,1,Regular,,,$12.00,$0.00,$12.00,$0.99,TXN100405,PAY500405,Counter iPad 1,,,Payment,Bluebird Bowl Co. - Main St,For Here,,,,ea,1,Physical Item,,Square Point of Sale,tok00405
2026-09-10,11:53:25,Central Time (US & Canada),Beverages,Fountain Drink,1,Regular,,,$2.75,$0.00,$2.75,$0.23,TXN100406,PAY500406,Counter iPad 1,,,Payment,Bluebird Bowl Co. - Main St,To Go,,,,ea,1,Physical Item,,Square Point of Sale,tok00406
2026-09-10,12:10:28,Central Time (US & Canada),Bowls,Chicken Bowl,1,Regular,,,$12.00,$0.00,$12.00,$0.99,TXN100407,PAY500407,Counter iPad 1,,,Payment,Bluebird Bowl Co. - Main St,To Go,,,,ea,1,Physical Item,,Square Point of Sale,tok00407
2026-09-10,12:16:42,Central Time (US & Canada),Plates,Salmon Plate,1,Regular,,,$19.00,$0.00,$19.00,$1.57,TXN100408,PAY500408,Counter iPad 1,,,Payment,Bluebird Bowl Co. - Main St,To Go,,,,ea,1,Physical Item,,Square Point of Sale,tok00408
2026-09-10,12:57:16,Central Time (US & Canada),Bowls,Chicken Bowl,1,Regular,,,$12.00,$0.00,$12.00,$0.99,TXN100409,PAY500409,Counter iPad 1,,,Payment,Bluebird Bowl Co. - Main St,For Here,,,,ea,1,Physical Item,,Square Point of Sale,tok00409
2026-09-10,13:49:05,Central Time (US & Canada),Beverages,Fountain Drink,2,Regular,,,$5.50,$0.00,$5.50,$0.45,TXN100410,PAY500410,Counter iPad 1,,,Payment,Bluebird Bowl Co. - Main St,For Here,,,,ea,2,Physical Item,,Square Point of Sale,tok00410
2026-09-10,14:26:44,Central Time (US & Canada),Plates,Salmon Plate,1,Regular,,,$19.00,$0.00,$19.00,$1.57,TXN100411,PAY500411,Counter iPad 1,,,Payment,Bluebird Bowl Co. - Main St,For Here,,,,ea,1,Physical Item,,Square Point of Sale,tok00411
2026-09-10,14:30:19,Central Time (US & Canada),Bowls,Steak Bowl,1,Regular,,,$16.00,$0.00,$16.00,$1.32,TXN100412,PAY500412,Counter iPad 1,,,Payment,Bluebird Bowl Co. - Main St,For Here,,,,ea,1,Physical Item,,Square Point of Sale,tok00412
2026-09-10,14:31:24,Central Time (US & Canada),Bowls,Chicken Bowl,1,Regular,,,$12.00,$0.00,$12.00,$0.99,TXN100413,PAY500413,Counter iPad 1,,,Payment,Bluebird Bowl Co. - Main St,For Here,,,,ea,1,Physical Item,,Square Point of Sale,tok00413
2026-09-10,14:33:43,Central Time (US & Canada),Plates,Salmon Plate,1,Regular,,,$19.00,$0.00,$19.00,$1.57,TXN100414,PAY500414,Counter iPad 1,,,Payment,Bluebird Bowl Co. - Main St,To Go,,,,ea,1,Physical Item,,Square Point of Sale,tok00414
2026-09-10,15:03:35,Central Time (US & Canada),Bowls,Chicken Bowl,1,Regular,,,$12.00,$0.00,$12.00,$0.99,TXN100415,PAY500415,Counter iPad 1,,,Payment,Bluebird Bowl Co. - Main St,For Here,,,,ea,1,Physical Item,,Square Point of Sale,tok00415
2026-09-10,15:06:08,Central Time (US & Canada),Bowls,Chicken Bowl,1,Regular,,,$12.00,$0.00,$12.00,$0.99,TXN100416,PAY500416,Counter iPad 1,,,Payment,Bluebird Bowl Co. - Main St,To Go,,,,ea,1,Physical Item,,Square Point of Sale,tok00416
2026-09-10,15:23:39,Central Time (US & Canada),Bowls,Chicken Bowl,1,Regular,,,$12.00,$0.00,$12.00,$0.99,TXN100417,PAY500417,Counter iPad 1,,,Payment,Bluebird Bowl Co. - Main St,To Go,,,,ea,1,Physical Item,,Square Point of Sale,tok00417
2026-09-10,15:47:44,Central Time (US & Canada),Bowls,Veggie Bowl,1,Regular,,,$13.50,$0.00,$13.50,$1.11,TXN100418,PAY500418,Counter iPad 1,,,Payment,Bluebird Bowl Co. - Main St,To Go,,,,ea,1,Physical Item,,Square Point of Sale,tok00418
2026-09-10,15:57:34,Central Time (US & Canada),Bowls,Chicken Bowl,1,Regular,,,$12.00,$0.00,$12.00,$0.99,TXN100419,PAY500419,Counter iPad 1,,,Payment,Bluebird Bowl Co. - Main St,For Here,,,,ea,1,Physical Item,,Square Point of Sale,tok00419
2026-09-10,16:22:10,Central Time (US & Canada),Bowls,Steak Bowl,1,Regular,,,$16.00,$0.00,$16.00,$1.32,TXN100420,PAY500420,Counter iPad 1,,,Payment,Bluebird Bowl Co. - Main St,For Here,,,,ea,1,Physical Item,,Square Point of Sale,tok00420
2026-09-10,16:35:59,Central Time (US & Canada),Beverages,Fountain Drink,1,Regular,,,$2.75,$0.00,$2.75,$0.23,TXN100421,PAY500421,Counter iPad 1,,,Payment,Bluebird Bowl Co. - Main St,To Go,,,,ea,1,Physical Item,,Square Point of Sale,tok00421
2026-09-10,16:43:08,Central Time (US & Canada),Plates,Salmon Plate,1,Regular,,,$19.00,$0.00,$19.00,$1.57,TXN100422,PAY500422,Counter iPad 1,,,Payment,Bluebird Bowl Co. - Main St,To Go,,,,ea,1,Physical Item,,Square Point of Sale,tok00422
2026-09-10,16:45:28,Central Time (US & Canada),Beverages,Fountain Drink,1,Regular,,,$2.75,$0.00,$2.75,$0.23,TXN100423,PAY500423,Counter iPad 1,,,Payment,Bluebird Bowl Co. - Main St,To Go,,,,ea,1,Physical Item,,Square Point of Sale,tok00423
2026-09-10,17:02:25,Central Time (US & Canada),Beverages,Fountain Drink,1,Regular,,,$2.75,$0.00,$2.75,$0.23,TXN100424,PAY500424,Counter iPad 1,,,Payment,Bluebird Bowl Co. - Main St,To Go,,,,ea,1,Physical Item,,Square Point of Sale,tok00424
2026-09-10,17:43:27,Central Time (US & Canada),Beverages,Fountain Drink,2,Regular,,,$5.50,$0.00,$5.50,$0.45,TXN100425,PAY500425,Counter iPad 1,,,Payment,Bluebird Bowl Co. - Main St,To Go,,,,ea,2,Physical Item,,Square Point of Sale,tok00425
2026-09-10,17:58:15,Central Time (US & Canada),Plates,Salmon Plate,2,Regular,,,$38.00,$0.00,$38.00,$3.14,TXN100426,PAY500426,Counter iPad 1,,,Payment,Bluebird Bowl Co. - Main St,To Go,,,,ea,2,Physical Item,,Square Point of Sale,tok00426
2026-09-10,18:36:47,Central Time (US & Canada),Beverages,Fountain Drink,1,Regular,,,$2.75,$0.00,$2.75,$0.23,TXN100427,PAY500427,Counter iPad 1,,,Payment,Bluebird Bowl Co. - Main St,To Go,,,,ea,1,Physical Item,,Square Point of Sale,tok00427
2026-09-10,19:29:00,Central Time (US & Canada),Kids,Kids Plate,1,Regular,,,$7.00,$0.00,$7.00,$0.58,TXN100428,PAY500428,Counter iPad 1,,,Payment,Bluebird Bowl Co. - Main St,For Here,,,,ea,1,Physical Item,,Square Point of Sale,tok00428
2026-09-10,19:29:23,Central Time (US & Canada),Bowls,Chicken Bowl,1,Regular,,,$12.00,$0.00,$12.00,$0.99,TXN100429,PAY500429,Counter iPad 1,,,Payment,Bluebird Bowl Co. - Main St,To Go,,,,ea,1,Physical Item,,Square Point of Sale,tok00429
2026-09-10,19:33:50,Central Time (US & Canada),Bowls,Chicken Bowl,2,Regular,,,$24.00,$0.00,$24.00,$1.98,TXN100430,PAY500430,Counter iPad 1,,,Payment,Bluebird Bowl Co. - Main St,To Go,,,,ea,2,Physical Item,,Square Point of Sale,tok00430
2026-09-10,20:14:28,Central Time (US & Canada),Beverages,Fountain Drink,2,Regular,,,$5.50,$0.00,$5.50,$0.45,TXN100431,PAY500431,Counter iPad 1,,,Payment,Bluebird Bowl Co. - Main St,For Here,,,,ea,2,Physical Item,,Square Point of Sale,tok00431
2026-09-10,20:14:40,Central Time (US & Canada),Kids,Kids Plate,2,Regular,,,$14.00,$0.00,$14.00,$1.16,TXN100432,PAY500432,Counter iPad 1,,,Payment,Bluebird Bowl Co. - Main St,To Go,,,,ea,2,Physical Item,,Square Point of Sale,tok00432
2026-09-10,20:19:30,Central Time (US & Canada),Bowls,Chicken Bowl,1,Regular,,,$12.00,$0.00,$12.00,$0.99,TXN100433,PAY500433,Counter iPad 1,,,Payment,Bluebird Bowl Co. - Main St,To Go,,,,ea,1,Physical Item,,Square Point of Sale,tok00433
2026-09-10,20:32:10,Central Time (US & Canada),Plates,Salmon Plate,1,Regular,,,$19.00,$0.00,$19.00,$1.57,TXN100434,PAY500434,Counter iPad 1,,,Payment,Bluebird Bowl Co. - Main St,To Go,,,,ea,1,Physical Item,,Square Point of Sale,tok00434
2026-09-10,20:40:17,Central Time (US & Canada),Beverages,Fountain Drink,1,Regular,,,$2.75,$0.00,$2.75,$0.23,TXN100435,PAY500435,Counter iPad 1,,,Payment,Bluebird Bowl Co. - Main St,To Go,,,,ea,1,Physical Item,,Square Point of Sale,tok00435
2026-09-10,20:46:36,Central Time (US & Canada),Beverages,Fountain Drink,2,Regular,,,$5.50,$0.00,$5.50,$0.45,TXN100436,PAY500436,Counter iPad 1,,,Payment,Bluebird Bowl Co. - Main St,To Go,,,,ea,2,Physical Item,,Square Point of Sale,tok00436
2026-09-11,11:23:21,Central Time (US & Canada),Bowls,Chicken Bowl,1,Regular,,,$12.00,$0.00,$12.00,$0.99,TXN100437,PAY500437,Counter iPad 1,,,Payment,Bluebird Bowl Co. - Main St,To Go,,,,ea,1,Physical Item,,Square Point of Sale,tok00437
2026-09-11,11:39:40,Central Time (US & Canada),Beverages,Fountain Drink,1,Regular,,,$2.75,$0.00,$2.75,$0.23,TXN100438,PAY500438,Counter iPad 1,,,Payment,Bluebird Bowl Co. - Main St,For Here,,,,ea,1,Physical Item,,Square Point of Sale,tok00438
2026-09-11,11:41:31,Central Time (US & Canada),Bowls,Chicken Bowl,1,Regular,,,$12.00,$0.00,$12.00,$0.99,TXN100439,PAY500439,Counter iPad 1,,,Payment,Bluebird Bowl Co. - Main St,For Here,,,,ea,1,Physical Item,,Square Point of Sale,tok00439
2026-09-11,12:06:48,Central Time (US & Canada),Bowls,Chicken Bowl,1,Regular,,,$12.00,$0.00,$12.00,$0.99,TXN100440,PAY500440,Counter iPad 1,,,Payment,Bluebird Bowl Co. - Main St,For Here,,,,ea,1,Physical Item,,Square Point of Sale,tok00440
2026-09-11,12:11:27,Central Time (US & Canada),Plates,Salmon Plate,1,Regular,,,$19.00,$0.00,$19.00,$1.57,TXN100441,PAY500441,Counter iPad 1,,,Payment,Bluebird Bowl Co. - Main St,To Go,,,,ea,1,Physical Item,,Square Point of Sale,tok00441
2026-09-11,12:15:31,Central Time (US & Canada),Bowls,Chicken Bowl,1,Regular,,Extra Avocado,$12.00,$0.00,$12.00,$0.99,TXN100442,PAY500442,Counter iPad 1,,,Payment,Bluebird Bowl Co. - Main St,For Here,,,,ea,1,Physical Item,,Square Point of Sale,tok00442
2026-09-11,12:23:45,Central Time (US & Canada),Bowls,Chicken Bowl,1,Regular,,,$12.00,$0.00,$12.00,$0.99,TXN100443,PAY500443,Counter iPad 1,,,Payment,Bluebird Bowl Co. - Main St,For Here,,,,ea,1,Physical Item,,Square Point of Sale,tok00443
2026-09-11,12:25:57,Central Time (US & Canada),Bowls,Steak Bowl,1,Regular,,,$16.00,$0.00,$16.00,$1.32,TXN100444,PAY500444,Counter iPad 1,,,Payment,Bluebird Bowl Co. - Main St,For Here,,,,ea,1,Physical Item,,Square Point of Sale,tok00444
2026-09-11,13:22:13,Central Time (US & Canada),Beverages,Fountain Drink,1,Regular,,,$2.75,$0.00,$2.75,$0.23,TXN100445,PAY500445,Counter iPad 1,,,Payment,Bluebird Bowl Co. - Main St,To Go,,,,ea,1,Physical Item,,Square Point of Sale,tok00445
2026-09-11,13:49:08,Central Time (US & Canada),Bowls,Chicken Bowl,1,Regular,,,$12.00,$0.00,$12.00,$0.99,TXN100446,PAY500446,Counter iPad 1,,,Payment,Bluebird Bowl Co. - Main St,To Go,,,,ea,1,Physical Item,,Square Point of Sale,tok00446
2026-09-11,14:14:08,Central Time (US & Canada),Beverages,Fountain Drink,1,Regular,,,$2.75,$0.00,$2.75,$0.23,TXN100447,PAY500447,Counter iPad 1,,,Payment,Bluebird Bowl Co. - Main St,For Here,,,,ea,1,Physical Item,,Square Point of Sale,tok00447
2026-09-11,14:29:18,Central Time (US & Canada),Bowls,Veggie Bowl,2,Regular,,,$27.00,$0.00,$27.00,$2.23,TXN100448,PAY500448,Counter iPad 1,,,Payment,Bluebird Bowl Co. - Main St,For Here,,,,ea,2,Physical Item,,Square Point of Sale,tok00448
2026-09-11,14:42:55,Central Time (US & Canada),Plates,Salmon Plate,1,Regular,,,$19.00,$0.00,$19.00,$1.57,TXN100449,PAY500449,Counter iPad 1,,,Payment,Bluebird Bowl Co. - Main St,To Go,,,,ea,1,Physical Item,,Square Point of Sale,tok00449
2026-09-11,15:10:23,Central Time (US & Canada),Beverages,Fountain Drink,1,Regular,,,$2.75,$0.00,$2.75,$0.23,TXN100450,PAY500450,Counter iPad 1,,,Payment,Bluebird Bowl Co. - Main St,For Here,,,,ea,1,Physical Item,,Square Point of Sale,tok00450
2026-09-11,15:18:07,Central Time (US & Canada),Plates,Salmon Plate,2,Regular,,,$38.00,$0.00,$38.00,$3.14,TXN100451,PAY500451,Counter iPad 1,,,Payment,Bluebird Bowl Co. - Main St,For Here,,,,ea,2,Physical Item,,Square Point of Sale,tok00451
2026-09-11,15:47:53,Central Time (US & Canada),Bowls,Chicken Bowl,1,Regular,,,$12.00,$0.00,$12.00,$0.99,TXN100452,PAY500452,Counter iPad 1,,,Payment,Bluebird Bowl Co. - Main St,For Here,,,,ea,1,Physical Item,,Square Point of Sale,tok00452
2026-09-11,16:12:18,Central Time (US & Canada),Beverages,Fountain Drink,1,Regular,,,$2.75,$0.00,$2.75,$0.23,TXN100453,PAY500453,Counter iPad 1,,,Payment,Bluebird Bowl Co. - Main St,To Go,,,,ea,1,Physical Item,,Square Point of Sale,tok00453
2026-09-11,16:25:29,Central Time (US & Canada),Bowls,Chicken Bowl,1,Regular,,,$12.00,$0.00,$12.00,$0.99,TXN100454,PAY500454,Counter iPad 1,,,Payment,Bluebird Bowl Co. - Main St,To Go,,,,ea,1,Physical Item,,Square Point of Sale,tok00454
2026-09-11,16:36:36,Central Time (US & Canada),Beverages,Fountain Drink,1,Regular,,,$2.75,$0.00,$2.75,$0.23,TXN100455,PAY500455,Counter iPad 1,,,Payment,Bluebird Bowl Co. - Main St,For Here,,,,ea,1,Physical Item,,Square Point of Sale,tok00455
2026-09-11,16:44:15,Central Time (US & Canada),Beverages,Fountain Drink,1,Regular,,,$2.75,$0.00,$2.75,$0.23,TXN100456,PAY500456,Counter iPad 1,,,Payment,Bluebird Bowl Co. - Main St,For Here,,,,ea,1,Physical Item,,Square Point of Sale,tok00456
2026-09-11,17:24:28,Central Time (US & Canada),Beverages,Fountain Drink,1,Regular,,,$2.75,$0.00,$2.75,$0.23,TXN100457,PAY500457,Counter iPad 1,,,Payment,Bluebird Bowl Co. - Main St,To Go,,,,ea,1,Physical Item,,Square Point of Sale,tok00457
2026-09-11,18:00:00,Central Time (US & Canada),Beverages,Fountain Drink,2,Regular,,,$5.50,$0.00,$5.50,$0.45,TXN100458,PAY500458,Counter iPad 1,,,Payment,Bluebird Bowl Co. - Main St,For Here,,,,ea,2,Physical Item,,Square Point of Sale,tok00458
2026-09-11,18:11:59,Central Time (US & Canada),Plates,Salmon Plate,1,Regular,,,$19.00,$0.00,$19.00,$1.57,TXN100459,PAY500459,Counter iPad 1,,,Payment,Bluebird Bowl Co. - Main St,To Go,,,,ea,1,Physical Item,,Square Point of Sale,tok00459
2026-09-11,18:20:26,Central Time (US & Canada),Bowls,Chicken Bowl,1,Regular,,,$12.00,$0.00,$12.00,$0.99,TXN100460,PAY500460,Counter iPad 1,,,Payment,Bluebird Bowl Co. - Main St,For Here,,,,ea,1,Physical Item,,Square Point of Sale,tok00460
2026-09-11,18:21:40,Central Time (US & Canada),Beverages,Fountain Drink,2,Regular,,,$5.50,$0.00,$5.50,$0.45,TXN100461,PAY500461,Counter iPad 1,,,Payment,Bluebird Bowl Co. - Main St,For Here,,,,ea,2,Physical Item,,Square Point of Sale,tok00461
2026-09-11,18:33:40,Central Time (US & Canada),Bowls,Chicken Bowl,2,Regular,,,$24.00,$0.00,$24.00,$1.98,TXN100462,PAY500462,Counter iPad 1,,,Payment,Bluebird Bowl Co. - Main St,To Go,,,,ea,2,Physical Item,,Square Point of Sale,tok00462
2026-09-11,18:35:32,Central Time (US & Canada),Bowls,Chicken Bowl,1,Regular,,,$12.00,$0.00,$12.00,$0.99,TXN100463,PAY500463,Counter iPad 1,,,Payment,Bluebird Bowl Co. - Main St,To Go,,,,ea,1,Physical Item,,Square Point of Sale,tok00463
2026-09-11,18:36:50,Central Time (US & Canada),Plates,Salmon Plate,1,Regular,,,$19.00,$0.00,$19.00,$1.57,TXN100464,PAY500464,Counter iPad 1,,,Payment,Bluebird Bowl Co. - Main St,To Go,,,,ea,1,Physical Item,,Square Point of Sale,tok00464
2026-09-11,19:20:49,Central Time (US & Canada),Plates,Salmon Plate,2,Regular,,,$38.00,$0.00,$38.00,$3.14,TXN100465,PAY500465,Counter iPad 1,,,Payment,Bluebird Bowl Co. - Main St,For Here,,,,ea,2,Physical Item,,Square Point of Sale,tok00465
2026-09-11,19:46:59,Central Time (US & Canada),Bowls,Chicken Bowl,1,Regular,,,$12.00,$0.00,$12.00,$0.99,TXN100466,PAY500466,Counter iPad 1,,,Payment,Bluebird Bowl Co. - Main St,For Here,,,,ea,1,Physical Item,,Square Point of Sale,tok00466
2026-09-11,20:06:59,Central Time (US & Canada),Beverages,Fountain Drink,2,Regular,,,$5.50,$0.00,$5.50,$0.45,TXN100467,PAY500467,Counter iPad 1,,,Payment,Bluebird Bowl Co. - Main St,To Go,,,,ea,2,Physical Item,,Square Point of Sale,tok00467
2026-09-11,20:42:02,Central Time (US & Canada),Bowls,Chicken Bowl,1,Regular,,,$12.00,$0.00,$12.00,$0.99,TXN100468,PAY500468,Counter iPad 1,,,Payment,Bluebird Bowl Co. - Main St,To Go,,,,ea,1,Physical Item,,Square Point of Sale,tok00468
2026-09-11,20:56:47,Central Time (US & Canada),Beverages,Fountain Drink,1,Regular,,,$2.75,$0.00,$2.75,$0.23,TXN100469,PAY500469,Counter iPad 1,,,Payment,Bluebird Bowl Co. - Main St,For Here,,,,ea,1,Physical Item,,Square Point of Sale,tok00469
2026-09-12,11:24:56,Central Time (US & Canada),Beverages,Fountain Drink,1,Regular,,,$2.75,$0.00,$2.75,$0.23,TXN100470,PAY500470,Counter iPad 1,,,Payment,Bluebird Bowl Co. - Main St,For Here,,,,ea,1,Physical Item,,Square Point of Sale,tok00470
2026-09-12,11:32:36,Central Time (US & Canada),Plates,Salmon Plate,1,Regular,,,$19.00,$0.00,$19.00,$1.57,TXN100471,PAY500471,Counter iPad 1,,,Payment,Bluebird Bowl Co. - Main St,To Go,,,,ea,1,Physical Item,,Square Point of Sale,tok00471
2026-09-12,11:47:30,Central Time (US & Canada),Kids,Kids Plate,2,Regular,,,$14.00,$0.00,$14.00,$1.16,TXN100472,PAY500472,Counter iPad 1,,,Payment,Bluebird Bowl Co. - Main St,For Here,,,,ea,2,Physical Item,,Square Point of Sale,tok00472
2026-09-12,12:18:01,Central Time (US & Canada),Plates,Salmon Plate,1,Regular,,,$19.00,$0.00,$19.00,$1.57,TXN100473,PAY500473,Counter iPad 1,,,Payment,Bluebird Bowl Co. - Main St,For Here,,,,ea,1,Physical Item,,Square Point of Sale,tok00473
2026-09-12,12:26:37,Central Time (US & Canada),Plates,Salmon Plate,2,Regular,,,$38.00,$0.00,$38.00,$3.14,TXN100474,PAY500474,Counter iPad 1,,,Payment,Bluebird Bowl Co. - Main St,For Here,,,,ea,2,Physical Item,,Square Point of Sale,tok00474
2026-09-12,12:34:22,Central Time (US & Canada),Bowls,Chicken Bowl,2,Regular,,,$24.00,$0.00,$24.00,$1.98,TXN100475,PAY500475,Counter iPad 1,,,Payment,Bluebird Bowl Co. - Main St,For Here,,,,ea,2,Physical Item,,Square Point of Sale,tok00475
2026-09-12,12:36:07,Central Time (US & Canada),Beverages,Fountain Drink,2,Regular,,,$5.50,$0.00,$5.50,$0.45,TXN100476,PAY500476,Counter iPad 1,,,Payment,Bluebird Bowl Co. - Main St,For Here,,,,ea,2,Physical Item,,Square Point of Sale,tok00476
2026-09-12,12:40:50,Central Time (US & Canada),Bowls,Chicken Bowl,1,Regular,,,$12.00,$0.00,$12.00,$0.99,TXN100477,PAY500477,Counter iPad 1,,,Payment,Bluebird Bowl Co. - Main St,To Go,,,,ea,1,Physical Item,,Square Point of Sale,tok00477
2026-09-12,13:17:17,Central Time (US & Canada),Beverages,Fountain Drink,1,Regular,,,$2.75,$0.00,$2.75,$0.23,TXN100478,PAY500478,Counter iPad 1,,,Payment,Bluebird Bowl Co. - Main St,For Here,,,,ea,1,Physical Item,,Square Point of Sale,tok00478
2026-09-12,13:20:40,Central Time (US & Canada),Bowls,Chicken Bowl,1,Regular,,,$12.00,$0.00,$12.00,$0.99,TXN100479,PAY500479,Counter iPad 1,,,Payment,Bluebird Bowl Co. - Main St,For Here,,,,ea,1,Physical Item,,Square Point of Sale,tok00479
2026-09-12,13:36:12,Central Time (US & Canada),Beverages,Fountain Drink,2,Regular,,,$5.50,$0.00,$5.50,$0.45,TXN100480,PAY500480,Counter iPad 1,,,Payment,Bluebird Bowl Co. - Main St,For Here,,,,ea,2,Physical Item,,Square Point of Sale,tok00480
2026-09-12,13:40:43,Central Time (US & Canada),Plates,Salmon Plate,1,Regular,,,$19.00,$0.00,$19.00,$1.57,TXN100481,PAY500481,Counter iPad 1,,,Payment,Bluebird Bowl Co. - Main St,For Here,,,,ea,1,Physical Item,,Square Point of Sale,tok00481
2026-09-12,13:47:49,Central Time (US & Canada),Bowls,Chicken Bowl,2,Regular,,,$24.00,$0.00,$24.00,$1.98,TXN100482,PAY500482,Counter iPad 1,,,Payment,Bluebird Bowl Co. - Main St,To Go,,,,ea,2,Physical Item,,Square Point of Sale,tok00482
2026-09-12,13:59:54,Central Time (US & Canada),Bowls,Steak Bowl,2,Regular,,,$32.00,$0.00,$32.00,$2.64,TXN100483,PAY500483,Counter iPad 1,,,Payment,Bluebird Bowl Co. - Main St,To Go,,,,ea,2,Physical Item,,Square Point of Sale,tok00483
2026-09-12,14:00:21,Central Time (US & Canada),Bowls,Chicken Bowl,2,Regular,,,$24.00,$0.00,$24.00,$1.98,TXN100484,PAY500484,Counter iPad 1,,,Payment,Bluebird Bowl Co. - Main St,To Go,,,,ea,2,Physical Item,,Square Point of Sale,tok00484
2026-09-12,14:20:24,Central Time (US & Canada),Bowls,Veggie Bowl,1,Regular,,,$13.50,$0.00,$13.50,$1.11,TXN100485,PAY500485,Counter iPad 1,,,Payment,Bluebird Bowl Co. - Main St,To Go,,Test Customer A,,ea,1,Physical Item,,Square Point of Sale,tok00485
2026-09-12,15:16:58,Central Time (US & Canada),Beverages,Fountain Drink,2,Regular,,,$5.50,$0.00,$5.50,$0.45,TXN100486,PAY500486,Counter iPad 1,,,Payment,Bluebird Bowl Co. - Main St,To Go,,,,ea,2,Physical Item,,Square Point of Sale,tok00486
2026-09-12,15:24:29,Central Time (US & Canada),Bowls,Steak Bowl,1,Regular,,,$16.00,$0.00,$16.00,$1.32,TXN100487,PAY500487,Counter iPad 1,,,Payment,Bluebird Bowl Co. - Main St,For Here,,,,ea,1,Physical Item,,Square Point of Sale,tok00487
2026-09-12,15:29:03,Central Time (US & Canada),Bowls,Veggie Bowl,1,Regular,,,$13.50,$0.00,$13.50,$1.11,TXN100488,PAY500488,Counter iPad 1,,,Payment,Bluebird Bowl Co. - Main St,For Here,,,,ea,1,Physical Item,,Square Point of Sale,tok00488
2026-09-12,15:56:02,Central Time (US & Canada),Bowls,Chicken Bowl,1,Regular,,,$12.00,$0.00,$12.00,$0.99,TXN100489,PAY500489,Counter iPad 1,,,Payment,Bluebird Bowl Co. - Main St,For Here,,,,ea,1,Physical Item,,Square Point of Sale,tok00489
2026-09-12,16:33:33,Central Time (US & Canada),Bowls,Chicken Bowl,1,Regular,,,$12.00,$0.00,$12.00,$0.99,TXN100490,PAY500490,Counter iPad 1,,,Payment,Bluebird Bowl Co. - Main St,For Here,,,,ea,1,Physical Item,,Square Point of Sale,tok00490
2026-09-12,16:38:24,Central Time (US & Canada),Plates,Salmon Plate,2,Regular,,,$38.00,$0.00,$38.00,$3.14,TXN100491,PAY500491,Counter iPad 1,,,Payment,Bluebird Bowl Co. - Main St,To Go,,,,ea,2,Physical Item,,Square Point of Sale,tok00491
2026-09-12,16:52:07,Central Time (US & Canada),Bowls,Veggie Bowl,1,Regular,,,$13.50,$0.00,$13.50,$1.11,TXN100492,PAY500492,Counter iPad 1,,,Payment,Bluebird Bowl Co. - Main St,To Go,,,,ea,1,Physical Item,,Square Point of Sale,tok00492
2026-09-12,17:23:57,Central Time (US & Canada),Bowls,Steak Bowl,1,Regular,,Extra Avocado,$16.00,$0.00,$16.00,$1.32,TXN100493,PAY500493,Counter iPad 1,,,Payment,Bluebird Bowl Co. - Main St,To Go,,,,ea,1,Physical Item,,Square Point of Sale,tok00493
2026-09-12,18:09:21,Central Time (US & Canada),Plates,Salmon Plate,1,Regular,,,$19.00,$0.00,$19.00,$1.57,TXN100494,PAY500494,Counter iPad 1,,,Payment,Bluebird Bowl Co. - Main St,To Go,,,,ea,1,Physical Item,,Square Point of Sale,tok00494
2026-09-12,18:09:29,Central Time (US & Canada),Kids,Kids Plate,1,Regular,,,$7.00,$0.00,$7.00,$0.58,TXN100495,PAY500495,Counter iPad 1,,,Payment,Bluebird Bowl Co. - Main St,For Here,,,,ea,1,Physical Item,,Square Point of Sale,tok00495
2026-09-12,18:35:35,Central Time (US & Canada),Bowls,Chicken Bowl,1,Regular,,,$12.00,$0.00,$12.00,$0.99,TXN100496,PAY500496,Counter iPad 1,,,Payment,Bluebird Bowl Co. - Main St,For Here,,,,ea,1,Physical Item,,Square Point of Sale,tok00496
2026-09-12,19:16:42,Central Time (US & Canada),Bowls,Chicken Bowl,2,Regular,,,$24.00,$0.00,$24.00,$1.98,TXN100497,PAY500497,Counter iPad 1,,,Payment,Bluebird Bowl Co. - Main St,To Go,,,,ea,2,Physical Item,,Square Point of Sale,tok00497
2026-09-12,20:04:33,Central Time (US & Canada),Bowls,Chicken Bowl,2,Regular,,,$24.00,$0.00,$24.00,$1.98,TXN100498,PAY500498,Counter iPad 1,,,Payment,Bluebird Bowl Co. - Main St,To Go,,,,ea,2,Physical Item,,Square Point of Sale,tok00498
2026-09-12,20:43:34,Central Time (US & Canada),Bowls,Veggie Bowl,1,Regular,,,$13.50,$0.00,$13.50,$1.11,TXN100499,PAY500499,Counter iPad 1,,,Payment,Bluebird Bowl Co. - Main St,For Here,,,,ea,1,Physical Item,,Square Point of Sale,tok00499
2026-09-12,20:44:32,Central Time (US & Canada),Kids,Kids Plate,1,Regular,,,$7.00,$0.00,$7.00,$0.58,TXN100500,PAY500500,Counter iPad 1,,,Payment,Bluebird Bowl Co. - Main St,To Go,,,,ea,1,Physical Item,,Square Point of Sale,tok00500
2026-09-12,20:50:19,Central Time (US & Canada),Plates,Salmon Plate,1,Regular,,,$19.00,$0.00,$19.00,$1.57,TXN100501,PAY500501,Counter iPad 1,,,Payment,Bluebird Bowl Co. - Main St,For Here,,,,ea,1,Physical Item,,Square Point of Sale,tok00501
2026-09-12,20:58:30,Central Time (US & Canada),Beverages,Fountain Drink,1,Regular,,,$2.75,$0.00,$2.75,$0.23,TXN100502,PAY500502,Counter iPad 1,,,Payment,Bluebird Bowl Co. - Main St,To Go,,,,ea,1,Physical Item,,Square Point of Sale,tok00502
2026-09-13,11:00:28,Central Time (US & Canada),Bowls,Steak Bowl,1,Regular,,,$16.00,$0.00,$16.00,$1.32,TXN100503,PAY500503,Counter iPad 1,,,Payment,Bluebird Bowl Co. - Main St,For Here,,,,ea,1,Physical Item,,Square Point of Sale,tok00503
2026-09-13,11:19:36,Central Time (US & Canada),Beverages,Fountain Drink,2,Regular,,,$5.50,$0.00,$5.50,$0.45,TXN100504,PAY500504,Counter iPad 1,,,Payment,Bluebird Bowl Co. - Main St,For Here,,,,ea,2,Physical Item,,Square Point of Sale,tok00504
2026-09-13,11:23:59,Central Time (US & Canada),Bowls,Steak Bowl,1,Regular,,,$16.00,$0.00,$16.00,$1.32,TXN100505,PAY500505,Counter iPad 1,,,Payment,Bluebird Bowl Co. - Main St,To Go,,,,ea,1,Physical Item,,Square Point of Sale,tok00505
2026-09-13,12:15:22,Central Time (US & Canada),Beverages,Fountain Drink,2,Regular,,,$5.50,$0.00,$5.50,$0.45,TXN100506,PAY500506,Counter iPad 1,,,Payment,Bluebird Bowl Co. - Main St,To Go,,,,ea,2,Physical Item,,Square Point of Sale,tok00506
2026-09-13,12:25:32,Central Time (US & Canada),Beverages,Fountain Drink,1,Regular,,,$2.75,$0.00,$2.75,$0.23,TXN100507,PAY500507,Counter iPad 1,,,Payment,Bluebird Bowl Co. - Main St,For Here,,,,ea,1,Physical Item,,Square Point of Sale,tok00507
2026-09-13,12:52:11,Central Time (US & Canada),Bowls,Chicken Bowl,2,Regular,,,$24.00,$0.00,$24.00,$1.98,TXN100508,PAY500508,Counter iPad 1,,,Payment,Bluebird Bowl Co. - Main St,To Go,,,,ea,2,Physical Item,,Square Point of Sale,tok00508
2026-09-13,13:22:01,Central Time (US & Canada),Beverages,Fountain Drink,2,Regular,,,$5.50,$0.00,$5.50,$0.45,TXN100509,PAY500509,Counter iPad 1,,,Payment,Bluebird Bowl Co. - Main St,To Go,,,,ea,2,Physical Item,,Square Point of Sale,tok00509
2026-09-13,14:28:19,Central Time (US & Canada),Bowls,Veggie Bowl,1,Regular,,Extra Avocado,$13.50,$0.00,$13.50,$1.11,TXN100510,PAY500510,Counter iPad 1,,,Payment,Bluebird Bowl Co. - Main St,To Go,,,,ea,1,Physical Item,,Square Point of Sale,tok00510
2026-09-13,15:19:15,Central Time (US & Canada),Bowls,Chicken Bowl,2,Regular,,,$24.00,$0.00,$24.00,$1.98,TXN100511,PAY500511,Counter iPad 1,,,Payment,Bluebird Bowl Co. - Main St,To Go,,,,ea,2,Physical Item,,Square Point of Sale,tok00511
2026-09-13,15:46:56,Central Time (US & Canada),Bowls,Chicken Bowl,1,Regular,,,$12.00,$0.00,$12.00,$0.99,TXN100512,PAY500512,Counter iPad 1,,,Payment,Bluebird Bowl Co. - Main St,To Go,,,,ea,1,Physical Item,,Square Point of Sale,tok00512
2026-09-13,15:49:34,Central Time (US & Canada),Beverages,Fountain Drink,1,Regular,,,$2.75,$0.00,$2.75,$0.23,TXN100513,PAY500513,Counter iPad 1,,,Payment,Bluebird Bowl Co. - Main St,For Here,,,,ea,1,Physical Item,,Square Point of Sale,tok00513
2026-09-13,15:49:34,Central Time (US & Canada),Bowls,Chicken Bowl,1,Regular,,,$12.00,$0.00,$12.00,$0.99,TXN100514,PAY500514,Counter iPad 1,,,Payment,Bluebird Bowl Co. - Main St,To Go,,,,ea,1,Physical Item,,Square Point of Sale,tok00514
2026-09-13,15:50:57,Central Time (US & Canada),Beverages,Fountain Drink,2,Regular,,,$5.50,$0.00,$5.50,$0.45,TXN100515,PAY500515,Counter iPad 1,,,Payment,Bluebird Bowl Co. - Main St,To Go,,,,ea,2,Physical Item,,Square Point of Sale,tok00515
2026-09-13,15:52:50,Central Time (US & Canada),Plates,Salmon Plate,1,Regular,,,$19.00,$0.00,$19.00,$1.57,TXN100516,PAY500516,Counter iPad 1,,,Payment,Bluebird Bowl Co. - Main St,To Go,,,,ea,1,Physical Item,,Square Point of Sale,tok00516
2026-09-13,15:57:23,Central Time (US & Canada),Bowls,Chicken Bowl,1,Regular,,,$12.00,$0.00,$12.00,$0.99,TXN100517,PAY500517,Counter iPad 1,,,Payment,Bluebird Bowl Co. - Main St,For Here,,,,ea,1,Physical Item,,Square Point of Sale,tok00517
2026-09-13,16:01:13,Central Time (US & Canada),Bowls,Chicken Bowl,1,Regular,,,$12.00,$0.00,$12.00,$0.99,TXN100518,PAY500518,Counter iPad 1,,,Payment,Bluebird Bowl Co. - Main St,To Go,,,,ea,1,Physical Item,,Square Point of Sale,tok00518
2026-09-13,16:53:40,Central Time (US & Canada),Bowls,Chicken Bowl,1,Regular,,,$12.00,$0.00,$12.00,$0.99,TXN100519,PAY500519,Counter iPad 1,,,Payment,Bluebird Bowl Co. - Main St,For Here,,,,ea,1,Physical Item,,Square Point of Sale,tok00519
2026-09-13,17:03:10,Central Time (US & Canada),Bowls,Chicken Bowl,1,Regular,,,$12.00,$0.00,$12.00,$0.99,TXN100520,PAY500520,Counter iPad 1,,,Payment,Bluebird Bowl Co. - Main St,To Go,,,,ea,1,Physical Item,,Square Point of Sale,tok00520
2026-09-13,17:25:24,Central Time (US & Canada),Plates,Salmon Plate,1,Regular,,,$19.00,$0.00,$19.00,$1.57,TXN100521,PAY500521,Counter iPad 1,,,Payment,Bluebird Bowl Co. - Main St,For Here,,,,ea,1,Physical Item,,Square Point of Sale,tok00521
2026-09-13,17:28:55,Central Time (US & Canada),Bowls,Chicken Bowl,1,Regular,,,$12.00,$0.00,$12.00,$0.99,TXN100522,PAY500522,Counter iPad 1,,,Payment,Bluebird Bowl Co. - Main St,To Go,,,,ea,1,Physical Item,,Square Point of Sale,tok00522
2026-09-13,17:35:31,Central Time (US & Canada),Bowls,Steak Bowl,2,Regular,,,$32.00,$0.00,$32.00,$2.64,TXN100523,PAY500523,Counter iPad 1,,,Payment,Bluebird Bowl Co. - Main St,For Here,,,,ea,2,Physical Item,,Square Point of Sale,tok00523
2026-09-13,17:44:08,Central Time (US & Canada),Bowls,Chicken Bowl,1,Regular,,,$12.00,$0.00,$12.00,$0.99,TXN100524,PAY500524,Counter iPad 1,,,Payment,Bluebird Bowl Co. - Main St,For Here,,,,ea,1,Physical Item,,Square Point of Sale,tok00524
2026-09-13,17:57:25,Central Time (US & Canada),Bowls,Chicken Bowl,1,Regular,,,$12.00,$0.00,$12.00,$0.99,TXN100525,PAY500525,Counter iPad 1,,,Payment,Bluebird Bowl Co. - Main St,To Go,,,,ea,1,Physical Item,,Square Point of Sale,tok00525
2026-09-13,18:01:00,Central Time (US & Canada),Beverages,Fountain Drink,2,Regular,,,$5.50,$0.00,$5.50,$0.45,TXN100526,PAY500526,Counter iPad 1,,,Payment,Bluebird Bowl Co. - Main St,To Go,,,,ea,2,Physical Item,,Square Point of Sale,tok00526
2026-09-13,18:34:19,Central Time (US & Canada),Bowls,Steak Bowl,1,Regular,,Extra Avocado,$16.00,$0.00,$16.00,$1.32,TXN100527,PAY500527,Counter iPad 1,,,Payment,Bluebird Bowl Co. - Main St,To Go,,,,ea,1,Physical Item,,Square Point of Sale,tok00527
2026-09-13,18:56:09,Central Time (US & Canada),Beverages,Fountain Drink,2,Regular,,,$5.50,$0.00,$5.50,$0.45,TXN100528,PAY500528,Counter iPad 1,,,Payment,Bluebird Bowl Co. - Main St,For Here,,,,ea,2,Physical Item,,Square Point of Sale,tok00528
2026-09-13,19:26:06,Central Time (US & Canada),Bowls,Chicken Bowl,1,Regular,,,$12.00,$0.00,$12.00,$0.99,TXN100529,PAY500529,Counter iPad 1,,,Payment,Bluebird Bowl Co. - Main St,To Go,,,,ea,1,Physical Item,,Square Point of Sale,tok00529
2026-09-13,19:41:22,Central Time (US & Canada),Beverages,Fountain Drink,1,Regular,,,$2.75,$0.00,$2.75,$0.23,TXN100530,PAY500530,Counter iPad 1,,,Payment,Bluebird Bowl Co. - Main St,For Here,,,,ea,1,Physical Item,,Square Point of Sale,tok00530
2026-09-13,19:51:36,Central Time (US & Canada),Bowls,Veggie Bowl,1,Regular,,,$13.50,$0.00,$13.50,$1.11,TXN100531,PAY500531,Counter iPad 1,,,Payment,Bluebird Bowl Co. - Main St,To Go,,,,ea,1,Physical Item,,Square Point of Sale,tok00531
2026-09-13,20:06:27,Central Time (US & Canada),Bowls,Chicken Bowl,2,Regular,,,$24.00,$0.00,$24.00,$1.98,TXN100532,PAY500532,Counter iPad 1,,,Payment,Bluebird Bowl Co. - Main St,For Here,,,,ea,2,Physical Item,,Square Point of Sale,tok00532
2026-09-13,20:15:29,Central Time (US & Canada),Plates,Salmon Plate,1,Regular,,,$19.00,$0.00,$19.00,$1.57,TXN100533,PAY500533,Counter iPad 1,,,Payment,Bluebird Bowl Co. - Main St,To Go,,,,ea,1,Physical Item,,Square Point of Sale,tok00533
2026-09-13,20:23:26,Central Time (US & Canada),Beverages,Fountain Drink,1,Regular,,,$2.75,$0.00,$2.75,$0.23,TXN100534,PAY500534,Counter iPad 1,,,Payment,Bluebird Bowl Co. - Main St,To Go,,,,ea,1,Physical Item,,Square Point of Sale,tok00534
2026-09-13,20:25:37,Central Time (US & Canada),Beverages,Fountain Drink,1,Regular,,,$2.75,$0.00,$2.75,$0.23,TXN100535,PAY500535,Counter iPad 1,,,Payment,Bluebird Bowl Co. - Main St,For Here,,,,ea,1,Physical Item,,Square Point of Sale,tok00535
2026-09-14,11:05:22,Central Time (US & Canada),Bowls,Chicken Bowl,2,Regular,,,$24.00,$0.00,$24.00,$1.98,TXN100536,PAY500536,Counter iPad 1,,,Payment,Bluebird Bowl Co. - Main St,For Here,,,,ea,2,Physical Item,,Square Point of Sale,tok00536
2026-09-14,11:21:52,Central Time (US & Canada),Bowls,Chicken Bowl,1,Regular,,,$12.00,$0.00,$12.00,$0.99,TXN100537,PAY500537,Counter iPad 1,,,Payment,Bluebird Bowl Co. - Main St,To Go,,,,ea,1,Physical Item,,Square Point of Sale,tok00537
2026-09-14,11:22:41,Central Time (US & Canada),Bowls,Steak Bowl,2,Regular,,,$32.00,$0.00,$32.00,$2.64,TXN100538,PAY500538,Counter iPad 1,,,Payment,Bluebird Bowl Co. - Main St,To Go,,,,ea,2,Physical Item,,Square Point of Sale,tok00538
2026-09-14,11:37:45,Central Time (US & Canada),Beverages,Fountain Drink,1,Regular,,,$2.75,$0.00,$2.75,$0.23,TXN100539,PAY500539,Counter iPad 1,,,Payment,Bluebird Bowl Co. - Main St,To Go,,,,ea,1,Physical Item,,Square Point of Sale,tok00539
2026-09-14,11:38:30,Central Time (US & Canada),Bowls,Chicken Bowl,1,Regular,,,$12.00,$0.00,$12.00,$0.99,TXN100540,PAY500540,Counter iPad 1,,,Payment,Bluebird Bowl Co. - Main St,For Here,,,,ea,1,Physical Item,,Square Point of Sale,tok00540
2026-09-14,11:39:39,Central Time (US & Canada),Bowls,Chicken Bowl,1,Regular,,,$12.00,$0.00,$12.00,$0.99,TXN100541,PAY500541,Counter iPad 1,,,Payment,Bluebird Bowl Co. - Main St,To Go,,,,ea,1,Physical Item,,Square Point of Sale,tok00541
2026-09-14,11:54:18,Central Time (US & Canada),Plates,Salmon Plate,1,Regular,,,$19.00,$0.00,$19.00,$1.57,TXN100542,PAY500542,Counter iPad 1,,,Payment,Bluebird Bowl Co. - Main St,For Here,,,,ea,1,Physical Item,,Square Point of Sale,tok00542
2026-09-14,12:03:25,Central Time (US & Canada),Beverages,Fountain Drink,2,Regular,,,$5.50,$0.00,$5.50,$0.45,TXN100543,PAY500543,Counter iPad 1,,,Payment,Bluebird Bowl Co. - Main St,For Here,,,,ea,2,Physical Item,,Square Point of Sale,tok00543
2026-09-14,12:22:22,Central Time (US & Canada),Bowls,Chicken Bowl,1,Regular,,Extra Avocado,$12.00,$0.00,$12.00,$0.99,TXN100544,PAY500544,Counter iPad 1,,,Payment,Bluebird Bowl Co. - Main St,To Go,,,,ea,1,Physical Item,,Square Point of Sale,tok00544
2026-09-14,12:49:57,Central Time (US & Canada),Plates,Salmon Plate,1,Regular,,,$19.00,$0.00,$19.00,$1.57,TXN100545,PAY500545,Counter iPad 1,,,Payment,Bluebird Bowl Co. - Main St,For Here,,,,ea,1,Physical Item,,Square Point of Sale,tok00545
2026-09-14,13:31:02,Central Time (US & Canada),Bowls,Chicken Bowl,2,Regular,,,$24.00,$0.00,$24.00,$1.98,TXN100546,PAY500546,Counter iPad 1,,,Payment,Bluebird Bowl Co. - Main St,For Here,,,,ea,2,Physical Item,,Square Point of Sale,tok00546
2026-09-14,14:30:22,Central Time (US & Canada),Beverages,Fountain Drink,1,Regular,,,$2.75,$0.00,$2.75,$0.23,TXN100547,PAY500547,Counter iPad 1,,,Payment,Bluebird Bowl Co. - Main St,For Here,,,,ea,1,Physical Item,,Square Point of Sale,tok00547
2026-09-14,15:13:48,Central Time (US & Canada),Bowls,Chicken Bowl,1,Regular,,,$12.00,$0.00,$12.00,$0.99,TXN100548,PAY500548,Counter iPad 1,,,Payment,Bluebird Bowl Co. - Main St,To Go,,,,ea,1,Physical Item,,Square Point of Sale,tok00548
2026-09-14,15:16:23,Central Time (US & Canada),Plates,Salmon Plate,1,Regular,,,$19.00,$0.00,$19.00,$1.57,TXN100549,PAY500549,Counter iPad 1,,,Payment,Bluebird Bowl Co. - Main St,For Here,,,,ea,1,Physical Item,,Square Point of Sale,tok00549
2026-09-14,15:35:33,Central Time (US & Canada),Beverages,Fountain Drink,1,Regular,,,$2.75,$0.00,$2.75,$0.23,TXN100550,PAY500550,Counter iPad 1,,,Payment,Bluebird Bowl Co. - Main St,For Here,,,,ea,1,Physical Item,,Square Point of Sale,tok00550
2026-09-14,15:44:59,Central Time (US & Canada),Bowls,Chicken Bowl,2,Regular,,,$24.00,$0.00,$24.00,$1.98,TXN100551,PAY500551,Counter iPad 1,,,Payment,Bluebird Bowl Co. - Main St,For Here,,,,ea,2,Physical Item,,Square Point of Sale,tok00551
2026-09-14,16:08:24,Central Time (US & Canada),Plates,Salmon Plate,2,Regular,,,$38.00,$0.00,$38.00,$3.14,TXN100552,PAY500552,Counter iPad 1,,,Payment,Bluebird Bowl Co. - Main St,For Here,,,,ea,2,Physical Item,,Square Point of Sale,tok00552
2026-09-14,16:10:40,Central Time (US & Canada),Plates,Salmon Plate,1,Regular,,,$19.00,$0.00,$19.00,$1.57,TXN100553,PAY500553,Counter iPad 1,,,Payment,Bluebird Bowl Co. - Main St,To Go,,,,ea,1,Physical Item,,Square Point of Sale,tok00553
2026-09-14,16:34:52,Central Time (US & Canada),Bowls,Chicken Bowl,1,Regular,,,$12.00,$0.00,$12.00,$0.99,TXN100554,PAY500554,Counter iPad 1,,,Payment,Bluebird Bowl Co. - Main St,For Here,,,,ea,1,Physical Item,,Square Point of Sale,tok00554
2026-09-14,16:37:31,Central Time (US & Canada),Bowls,Steak Bowl,1,Regular,,,$16.00,$0.00,$16.00,$1.32,TXN100555,PAY500555,Counter iPad 1,,,Payment,Bluebird Bowl Co. - Main St,For Here,,,,ea,1,Physical Item,,Square Point of Sale,tok00555
2026-09-14,16:49:51,Central Time (US & Canada),Bowls,Steak Bowl,1,Regular,,,$16.00,$0.00,$16.00,$1.32,TXN100556,PAY500556,Counter iPad 1,,,Payment,Bluebird Bowl Co. - Main St,For Here,,,,ea,1,Physical Item,,Square Point of Sale,tok00556
2026-09-14,17:23:07,Central Time (US & Canada),Bowls,Steak Bowl,1,Regular,,,$16.00,$0.00,$16.00,$1.32,TXN100557,PAY500557,Counter iPad 1,,,Payment,Bluebird Bowl Co. - Main St,For Here,,,,ea,1,Physical Item,,Square Point of Sale,tok00557
2026-09-14,17:24:05,Central Time (US & Canada),Bowls,Chicken Bowl,1,Regular,,,$12.00,$0.00,$12.00,$0.99,TXN100558,PAY500558,Counter iPad 1,,,Payment,Bluebird Bowl Co. - Main St,To Go,,,,ea,1,Physical Item,,Square Point of Sale,tok00558
2026-09-14,18:04:14,Central Time (US & Canada),Bowls,Chicken Bowl,1,Regular,,,$12.00,$0.00,$12.00,$0.99,TXN100559,PAY500559,Counter iPad 1,,,Payment,Bluebird Bowl Co. - Main St,For Here,,,,ea,1,Physical Item,,Square Point of Sale,tok00559
2026-09-14,18:06:18,Central Time (US & Canada),Beverages,Fountain Drink,1,Regular,,,$2.75,$0.00,$2.75,$0.23,TXN100560,PAY500560,Counter iPad 1,,,Payment,Bluebird Bowl Co. - Main St,For Here,,,,ea,1,Physical Item,,Square Point of Sale,tok00560
2026-09-14,18:16:54,Central Time (US & Canada),Beverages,Fountain Drink,1,Regular,,,$2.75,$0.00,$2.75,$0.23,TXN100561,PAY500561,Counter iPad 1,,,Payment,Bluebird Bowl Co. - Main St,To Go,,,,ea,1,Physical Item,,Square Point of Sale,tok00561
2026-09-14,19:35:26,Central Time (US & Canada),Plates,Salmon Plate,1,Regular,,,$19.00,$0.00,$19.00,$1.57,TXN100562,PAY500562,Counter iPad 1,,,Payment,Bluebird Bowl Co. - Main St,To Go,,,,ea,1,Physical Item,,Square Point of Sale,tok00562
2026-09-14,19:58:30,Central Time (US & Canada),Beverages,Fountain Drink,1,Regular,,,$2.75,$0.00,$2.75,$0.23,TXN100563,PAY500563,Counter iPad 1,,,Payment,Bluebird Bowl Co. - Main St,To Go,,,,ea,1,Physical Item,,Square Point of Sale,tok00563
2026-09-14,20:03:38,Central Time (US & Canada),Beverages,Fountain Drink,1,Regular,,,$2.75,$0.00,$2.75,$0.23,TXN100564,PAY500564,Counter iPad 1,,,Payment,Bluebird Bowl Co. - Main St,To Go,,,,ea,1,Physical Item,,Square Point of Sale,tok00564
2026-09-14,20:06:59,Central Time (US & Canada),Bowls,Chicken Bowl,1,Regular,,,$12.00,$0.00,$12.00,$0.99,TXN100565,PAY500565,Counter iPad 1,,,Payment,Bluebird Bowl Co. - Main St,To Go,,,,ea,1,Physical Item,,Square Point of Sale,tok00565
2026-09-14,20:09:07,Central Time (US & Canada),Bowls,Steak Bowl,2,Regular,,,$32.00,$0.00,$32.00,$2.64,TXN100566,PAY500566,Counter iPad 1,,,Payment,Bluebird Bowl Co. - Main St,To Go,,,,ea,2,Physical Item,,Square Point of Sale,tok00566
2026-09-14,20:09:48,Central Time (US & Canada),Bowls,Chicken Bowl,2,Regular,,,$24.00,$0.00,$24.00,$1.98,TXN100567,PAY500567,Counter iPad 1,,,Payment,Bluebird Bowl Co. - Main St,For Here,,,,ea,2,Physical Item,,Square Point of Sale,tok00567
2026-09-14,20:49:13,Central Time (US & Canada),Beverages,Fountain Drink,1,Regular,,,$2.75,$0.00,$2.75,$0.23,TXN100568,PAY500568,Counter iPad 1,,,Payment,Bluebird Bowl Co. - Main St,To Go,,,,ea,1,Physical Item,,Square Point of Sale,tok00568
2026-09-15,11:01:33,Central Time (US & Canada),Beverages,Fountain Drink,1,Regular,,,$2.75,$0.00,$2.75,$0.23,TXN100569,PAY500569,Counter iPad 1,,,Payment,Bluebird Bowl Co. - Main St,To Go,,,,ea,1,Physical Item,,Square Point of Sale,tok00569
2026-09-15,11:21:51,Central Time (US & Canada),Beverages,Fountain Drink,1,Regular,,,$2.75,$0.00,$2.75,$0.23,TXN100570,PAY500570,Counter iPad 1,,,Payment,Bluebird Bowl Co. - Main St,For Here,,,,ea,1,Physical Item,,Square Point of Sale,tok00570
2026-09-15,11:42:06,Central Time (US & Canada),Plates,Salmon Plate,1,Regular,,,$19.00,$0.00,$19.00,$1.57,TXN100571,PAY500571,Counter iPad 1,,,Payment,Bluebird Bowl Co. - Main St,For Here,,,,ea,1,Physical Item,,Square Point of Sale,tok00571
2026-09-15,11:48:46,Central Time (US & Canada),Bowls,Chicken Bowl,2,Regular,,,$24.00,$0.00,$24.00,$1.98,TXN100572,PAY500572,Counter iPad 1,,,Payment,Bluebird Bowl Co. - Main St,For Here,,,,ea,2,Physical Item,,Square Point of Sale,tok00572
2026-09-15,12:03:14,Central Time (US & Canada),Plates,Salmon Plate,1,Regular,,,$19.00,$0.00,$19.00,$1.57,TXN100573,PAY500573,Counter iPad 1,,,Payment,Bluebird Bowl Co. - Main St,To Go,,,,ea,1,Physical Item,,Square Point of Sale,tok00573
2026-09-15,12:05:10,Central Time (US & Canada),Bowls,Steak Bowl,1,Regular,,,$16.00,$0.00,$16.00,$1.32,TXN100574,PAY500574,Counter iPad 1,,,Payment,Bluebird Bowl Co. - Main St,To Go,,,,ea,1,Physical Item,,Square Point of Sale,tok00574
2026-09-15,12:52:45,Central Time (US & Canada),Bowls,Steak Bowl,1,Regular,,,$16.00,$0.00,$16.00,$1.32,TXN100575,PAY500575,Counter iPad 1,,,Payment,Bluebird Bowl Co. - Main St,For Here,,,,ea,1,Physical Item,,Square Point of Sale,tok00575
2026-09-15,13:18:02,Central Time (US & Canada),Bowls,Chicken Bowl,1,Regular,,,$12.00,$0.00,$12.00,$0.99,TXN100576,PAY500576,Counter iPad 1,,,Payment,Bluebird Bowl Co. - Main St,To Go,,,,ea,1,Physical Item,,Square Point of Sale,tok00576
2026-09-15,13:36:48,Central Time (US & Canada),Beverages,Fountain Drink,1,Regular,,,$2.75,$0.00,$2.75,$0.23,TXN100577,PAY500577,Counter iPad 1,,,Payment,Bluebird Bowl Co. - Main St,To Go,,,,ea,1,Physical Item,,Square Point of Sale,tok00577
2026-09-15,14:41:14,Central Time (US & Canada),Beverages,Fountain Drink,1,Regular,,,$2.75,$0.00,$2.75,$0.23,TXN100578,PAY500578,Counter iPad 1,,,Payment,Bluebird Bowl Co. - Main St,For Here,,,,ea,1,Physical Item,,Square Point of Sale,tok00578
2026-09-15,14:46:57,Central Time (US & Canada),Plates,Salmon Plate,2,Regular,,,$38.00,$0.00,$38.00,$3.14,TXN100579,PAY500579,Counter iPad 1,,,Payment,Bluebird Bowl Co. - Main St,To Go,,,,ea,2,Physical Item,,Square Point of Sale,tok00579
2026-09-15,15:19:17,Central Time (US & Canada),Bowls,Steak Bowl,1,Regular,,,$16.00,$0.00,$16.00,$1.32,TXN100580,PAY500580,Counter iPad 1,,,Payment,Bluebird Bowl Co. - Main St,For Here,,,,ea,1,Physical Item,,Square Point of Sale,tok00580
2026-09-15,15:41:50,Central Time (US & Canada),Plates,Salmon Plate,2,Regular,,,$38.00,$0.00,$38.00,$3.14,TXN100581,PAY500581,Counter iPad 1,,,Payment,Bluebird Bowl Co. - Main St,To Go,,,,ea,2,Physical Item,,Square Point of Sale,tok00581
2026-09-15,16:18:29,Central Time (US & Canada),Plates,Salmon Plate,1,Regular,,,$19.00,$0.00,$19.00,$1.57,TXN100582,PAY500582,Counter iPad 1,,,Payment,Bluebird Bowl Co. - Main St,To Go,,Test Customer A,,ea,1,Physical Item,,Square Point of Sale,tok00582
2026-09-15,16:29:31,Central Time (US & Canada),Beverages,Fountain Drink,1,Regular,,,$2.75,$0.00,$2.75,$0.23,TXN100583,PAY500583,Counter iPad 1,,,Payment,Bluebird Bowl Co. - Main St,For Here,,,,ea,1,Physical Item,,Square Point of Sale,tok00583
2026-09-15,16:44:06,Central Time (US & Canada),Bowls,Chicken Bowl,1,Regular,,,$12.00,$0.00,$12.00,$0.99,TXN100584,PAY500584,Counter iPad 1,,,Payment,Bluebird Bowl Co. - Main St,For Here,,,,ea,1,Physical Item,,Square Point of Sale,tok00584
2026-09-15,16:51:43,Central Time (US & Canada),Plates,Salmon Plate,1,Regular,,,$19.00,$0.00,$19.00,$1.57,TXN100585,PAY500585,Counter iPad 1,,,Payment,Bluebird Bowl Co. - Main St,For Here,,,,ea,1,Physical Item,,Square Point of Sale,tok00585
2026-09-15,17:05:46,Central Time (US & Canada),Beverages,Fountain Drink,2,Regular,,,$5.50,$0.00,$5.50,$0.45,TXN100586,PAY500586,Counter iPad 1,,,Payment,Bluebird Bowl Co. - Main St,To Go,,,,ea,2,Physical Item,,Square Point of Sale,tok00586
2026-09-15,17:09:53,Central Time (US & Canada),Bowls,Chicken Bowl,2,Regular,,,$24.00,$0.00,$24.00,$1.98,TXN100587,PAY500587,Counter iPad 1,,,Payment,Bluebird Bowl Co. - Main St,For Here,,,,ea,2,Physical Item,,Square Point of Sale,tok00587
2026-09-15,17:50:33,Central Time (US & Canada),Beverages,Fountain Drink,2,Regular,,,$5.50,$0.00,$5.50,$0.45,TXN100588,PAY500588,Counter iPad 1,,,Payment,Bluebird Bowl Co. - Main St,To Go,,,,ea,2,Physical Item,,Square Point of Sale,tok00588
2026-09-15,17:58:05,Central Time (US & Canada),Beverages,Fountain Drink,2,Regular,,,$5.50,$0.00,$5.50,$0.45,TXN100589,PAY500589,Counter iPad 1,,,Payment,Bluebird Bowl Co. - Main St,To Go,,,,ea,2,Physical Item,,Square Point of Sale,tok00589
2026-09-15,17:59:04,Central Time (US & Canada),Bowls,Veggie Bowl,1,Regular,,,$13.50,$0.00,$13.50,$1.11,TXN100590,PAY500590,Counter iPad 1,,,Payment,Bluebird Bowl Co. - Main St,To Go,,,,ea,1,Physical Item,,Square Point of Sale,tok00590
2026-09-15,18:11:10,Central Time (US & Canada),Plates,Salmon Plate,1,Regular,,,$19.00,$0.00,$19.00,$1.57,TXN100591,PAY500591,Counter iPad 1,,,Payment,Bluebird Bowl Co. - Main St,For Here,,,,ea,1,Physical Item,,Square Point of Sale,tok00591
2026-09-15,18:39:11,Central Time (US & Canada),Plates,Salmon Plate,1,Regular,,,$19.00,$0.00,$19.00,$1.57,TXN100592,PAY500592,Counter iPad 1,,,Payment,Bluebird Bowl Co. - Main St,To Go,,,,ea,1,Physical Item,,Square Point of Sale,tok00592
2026-09-15,19:05:38,Central Time (US & Canada),Bowls,Chicken Bowl,1,Regular,,,$12.00,$0.00,$12.00,$0.99,TXN100593,PAY500593,Counter iPad 1,,,Payment,Bluebird Bowl Co. - Main St,For Here,,,,ea,1,Physical Item,,Square Point of Sale,tok00593
2026-09-15,19:08:41,Central Time (US & Canada),Beverages,Fountain Drink,1,Regular,,,$2.75,$0.00,$2.75,$0.23,TXN100594,PAY500594,Counter iPad 1,,,Payment,Bluebird Bowl Co. - Main St,To Go,,,,ea,1,Physical Item,,Square Point of Sale,tok00594
2026-09-15,19:51:42,Central Time (US & Canada),Beverages,Fountain Drink,1,Regular,,,$2.75,$0.00,$2.75,$0.23,TXN100595,PAY500595,Counter iPad 1,,,Payment,Bluebird Bowl Co. - Main St,To Go,,,,ea,1,Physical Item,,Square Point of Sale,tok00595
2026-09-15,19:56:31,Central Time (US & Canada),Beverages,Fountain Drink,1,Regular,,,$2.75,$0.00,$2.75,$0.23,TXN100596,PAY500596,Counter iPad 1,,,Payment,Bluebird Bowl Co. - Main St,To Go,,,,ea,1,Physical Item,,Square Point of Sale,tok00596
2026-09-15,20:12:37,Central Time (US & Canada),Bowls,Steak Bowl,2,Regular,,,$32.00,$0.00,$32.00,$2.64,TXN100597,PAY500597,Counter iPad 1,,,Payment,Bluebird Bowl Co. - Main St,To Go,,,,ea,2,Physical Item,,Square Point of Sale,tok00597
2026-09-15,20:15:41,Central Time (US & Canada),Plates,Salmon Plate,1,Regular,,,$19.00,$0.00,$19.00,$1.57,TXN100598,PAY500598,Counter iPad 1,,,Payment,Bluebird Bowl Co. - Main St,For Here,,,,ea,1,Physical Item,,Square Point of Sale,tok00598
2026-09-15,20:26:23,Central Time (US & Canada),Beverages,Fountain Drink,1,Regular,,,$2.75,$0.00,$2.75,$0.23,TXN100599,PAY500599,Counter iPad 1,,,Payment,Bluebird Bowl Co. - Main St,To Go,,,,ea,1,Physical Item,,Square Point of Sale,tok00599
2026-09-15,20:35:53,Central Time (US & Canada),Bowls,Chicken Bowl,2,Regular,,,$24.00,$0.00,$24.00,$1.98,TXN100600,PAY500600,Counter iPad 1,,,Payment,Bluebird Bowl Co. - Main St,To Go,,,,ea,2,Physical Item,,Square Point of Sale,tok00600
2026-09-15,20:52:12,Central Time (US & Canada),Bowls,Chicken Bowl,1,Regular,,,$12.00,$0.00,$12.00,$0.99,TXN100601,PAY500601,Counter iPad 1,,,Payment,Bluebird Bowl Co. - Main St,For Here,,,,ea,1,Physical Item,,Square Point of Sale,tok00601
2026-09-16,11:03:44,Central Time (US & Canada),Bowls,Chicken Bowl,1,Regular,,,$12.00,$0.00,$12.00,$0.99,TXN100602,PAY500602,Counter iPad 1,,,Payment,Bluebird Bowl Co. - Main St,To Go,,,,ea,1,Physical Item,,Square Point of Sale,tok00602
2026-09-16,11:57:10,Central Time (US & Canada),Bowls,Chicken Bowl,1,Regular,,,$12.00,$0.00,$12.00,$0.99,TXN100603,PAY500603,Counter iPad 1,,,Payment,Bluebird Bowl Co. - Main St,To Go,,,,ea,1,Physical Item,,Square Point of Sale,tok00603
2026-09-16,12:06:20,Central Time (US & Canada),Beverages,Fountain Drink,1,Regular,,,$2.75,$0.00,$2.75,$0.23,TXN100604,PAY500604,Counter iPad 1,,,Payment,Bluebird Bowl Co. - Main St,To Go,,,,ea,1,Physical Item,,Square Point of Sale,tok00604
2026-09-16,12:53:46,Central Time (US & Canada),Bowls,Chicken Bowl,1,Regular,,,$12.00,$0.00,$12.00,$0.99,TXN100605,PAY500605,Counter iPad 1,,,Payment,Bluebird Bowl Co. - Main St,To Go,,,,ea,1,Physical Item,,Square Point of Sale,tok00605
2026-09-16,13:31:50,Central Time (US & Canada),Beverages,Fountain Drink,2,Regular,,,$5.50,$0.00,$5.50,$0.45,TXN100606,PAY500606,Counter iPad 1,,,Payment,Bluebird Bowl Co. - Main St,To Go,,,,ea,2,Physical Item,,Square Point of Sale,tok00606
2026-09-16,14:17:41,Central Time (US & Canada),Bowls,Steak Bowl,1,Regular,,,$16.00,$0.00,$16.00,$1.32,TXN100607,PAY500607,Counter iPad 1,,,Payment,Bluebird Bowl Co. - Main St,To Go,,,,ea,1,Physical Item,,Square Point of Sale,tok00607
2026-09-16,14:48:15,Central Time (US & Canada),Bowls,Chicken Bowl,1,Regular,,,$12.00,$0.00,$12.00,$0.99,TXN100608,PAY500608,Counter iPad 1,,,Payment,Bluebird Bowl Co. - Main St,For Here,,,,ea,1,Physical Item,,Square Point of Sale,tok00608
2026-09-16,14:51:12,Central Time (US & Canada),Bowls,Steak Bowl,1,Regular,,,$16.00,$0.00,$16.00,$1.32,TXN100609,PAY500609,Counter iPad 1,,,Payment,Bluebird Bowl Co. - Main St,For Here,,,,ea,1,Physical Item,,Square Point of Sale,tok00609
2026-09-16,15:10:36,Central Time (US & Canada),Bowls,Chicken Bowl,1,Regular,,,$12.00,$0.00,$12.00,$0.99,TXN100610,PAY500610,Counter iPad 1,,,Payment,Bluebird Bowl Co. - Main St,For Here,,,,ea,1,Physical Item,,Square Point of Sale,tok00610
2026-09-16,15:31:26,Central Time (US & Canada),Beverages,Fountain Drink,1,Regular,,,$2.75,$0.00,$2.75,$0.23,TXN100611,PAY500611,Counter iPad 1,,,Payment,Bluebird Bowl Co. - Main St,For Here,,,,ea,1,Physical Item,,Square Point of Sale,tok00611
2026-09-16,15:34:18,Central Time (US & Canada),Bowls,Chicken Bowl,2,Regular,,Extra Avocado,$24.00,$0.00,$24.00,$1.98,TXN100612,PAY500612,Counter iPad 1,,,Payment,Bluebird Bowl Co. - Main St,To Go,,,,ea,2,Physical Item,,Square Point of Sale,tok00612
2026-09-16,15:45:05,Central Time (US & Canada),Bowls,Chicken Bowl,1,Regular,,,$12.00,$0.00,$12.00,$0.99,TXN100613,PAY500613,Counter iPad 1,,,Payment,Bluebird Bowl Co. - Main St,For Here,,,,ea,1,Physical Item,,Square Point of Sale,tok00613
2026-09-16,15:52:45,Central Time (US & Canada),Plates,Salmon Plate,1,Regular,,,$19.00,$0.00,$19.00,$1.57,TXN100614,PAY500614,Counter iPad 1,,,Payment,Bluebird Bowl Co. - Main St,To Go,,,,ea,1,Physical Item,,Square Point of Sale,tok00614
2026-09-16,15:58:39,Central Time (US & Canada),Bowls,Chicken Bowl,1,Regular,,,$12.00,$0.00,$12.00,$0.99,TXN100615,PAY500615,Counter iPad 1,,,Payment,Bluebird Bowl Co. - Main St,To Go,,,,ea,1,Physical Item,,Square Point of Sale,tok00615
2026-09-16,16:07:11,Central Time (US & Canada),Beverages,Fountain Drink,2,Regular,,,$5.50,$0.00,$5.50,$0.45,TXN100616,PAY500616,Counter iPad 1,,,Payment,Bluebird Bowl Co. - Main St,For Here,,,,ea,2,Physical Item,,Square Point of Sale,tok00616
2026-09-16,16:27:47,Central Time (US & Canada),Bowls,Steak Bowl,1,Regular,,,$16.00,$0.00,$16.00,$1.32,TXN100617,PAY500617,Counter iPad 1,,,Payment,Bluebird Bowl Co. - Main St,For Here,,,,ea,1,Physical Item,,Square Point of Sale,tok00617
2026-09-16,16:28:00,Central Time (US & Canada),Plates,Salmon Plate,2,Regular,,,$38.00,$0.00,$38.00,$3.14,TXN100618,PAY500618,Counter iPad 1,,,Payment,Bluebird Bowl Co. - Main St,For Here,,,,ea,2,Physical Item,,Square Point of Sale,tok00618
2026-09-16,16:37:00,Central Time (US & Canada),Bowls,Steak Bowl,1,Regular,,,$16.00,$0.00,$16.00,$1.32,TXN100619,PAY500619,Counter iPad 1,,,Payment,Bluebird Bowl Co. - Main St,To Go,,,,ea,1,Physical Item,,Square Point of Sale,tok00619
2026-09-16,16:44:26,Central Time (US & Canada),Plates,Salmon Plate,2,Regular,,,$38.00,$0.00,$38.00,$3.14,TXN100620,PAY500620,Counter iPad 1,,,Payment,Bluebird Bowl Co. - Main St,For Here,,,,ea,2,Physical Item,,Square Point of Sale,tok00620
2026-09-16,16:46:45,Central Time (US & Canada),Plates,Salmon Plate,2,Regular,,,$38.00,$0.00,$38.00,$3.14,TXN100621,PAY500621,Counter iPad 1,,,Payment,Bluebird Bowl Co. - Main St,For Here,,,,ea,2,Physical Item,,Square Point of Sale,tok00621
2026-09-16,17:17:33,Central Time (US & Canada),Bowls,Chicken Bowl,1,Regular,,,$12.00,$0.00,$12.00,$0.99,TXN100622,PAY500622,Counter iPad 1,,,Payment,Bluebird Bowl Co. - Main St,To Go,,,,ea,1,Physical Item,,Square Point of Sale,tok00622
2026-09-16,18:06:51,Central Time (US & Canada),Beverages,Fountain Drink,1,Regular,,,$2.75,$0.00,$2.75,$0.23,TXN100623,PAY500623,Counter iPad 1,,,Payment,Bluebird Bowl Co. - Main St,To Go,,,,ea,1,Physical Item,,Square Point of Sale,tok00623
2026-09-16,18:09:03,Central Time (US & Canada),Bowls,Chicken Bowl,2,Regular,,,$24.00,$0.00,$24.00,$1.98,TXN100624,PAY500624,Counter iPad 1,,,Payment,Bluebird Bowl Co. - Main St,For Here,,,,ea,2,Physical Item,,Square Point of Sale,tok00624
2026-09-16,18:34:13,Central Time (US & Canada),Bowls,Steak Bowl,2,Regular,,,$32.00,$0.00,$32.00,$2.64,TXN100625,PAY500625,Counter iPad 1,,,Payment,Bluebird Bowl Co. - Main St,To Go,,,,ea,2,Physical Item,,Square Point of Sale,tok00625
2026-09-16,18:54:44,Central Time (US & Canada),Beverages,Fountain Drink,1,Regular,,,$2.75,$0.00,$2.75,$0.23,TXN100626,PAY500626,Counter iPad 1,,,Payment,Bluebird Bowl Co. - Main St,To Go,,,,ea,1,Physical Item,,Square Point of Sale,tok00626
2026-09-16,19:11:43,Central Time (US & Canada),Beverages,Fountain Drink,1,Regular,,,$2.75,$0.00,$2.75,$0.23,TXN100627,PAY500627,Counter iPad 1,,,Payment,Bluebird Bowl Co. - Main St,To Go,,,,ea,1,Physical Item,,Square Point of Sale,tok00627
2026-09-16,19:33:31,Central Time (US & Canada),Bowls,Steak Bowl,1,Regular,,,$16.00,$0.00,$16.00,$1.32,TXN100628,PAY500628,Counter iPad 1,,,Payment,Bluebird Bowl Co. - Main St,To Go,,,,ea,1,Physical Item,,Square Point of Sale,tok00628
2026-09-16,19:43:11,Central Time (US & Canada),Bowls,Chicken Bowl,1,Regular,,Extra Avocado,$12.00,$0.00,$12.00,$0.99,TXN100629,PAY500629,Counter iPad 1,,,Payment,Bluebird Bowl Co. - Main St,For Here,,,,ea,1,Physical Item,,Square Point of Sale,tok00629
2026-09-16,19:48:50,Central Time (US & Canada),Beverages,Fountain Drink,1,Regular,,,$2.75,$0.00,$2.75,$0.23,TXN100630,PAY500630,Counter iPad 1,,,Payment,Bluebird Bowl Co. - Main St,To Go,,,,ea,1,Physical Item,,Square Point of Sale,tok00630
2026-09-16,19:57:39,Central Time (US & Canada),Plates,Salmon Plate,2,Regular,,,$38.00,$0.00,$38.00,$3.14,TXN100631,PAY500631,Counter iPad 1,,,Payment,Bluebird Bowl Co. - Main St,For Here,,,,ea,2,Physical Item,,Square Point of Sale,tok00631
2026-09-16,20:14:01,Central Time (US & Canada),Kids,Kids Plate,2,Regular,,,$14.00,$0.00,$14.00,$1.16,TXN100632,PAY500632,Counter iPad 1,,,Payment,Bluebird Bowl Co. - Main St,For Here,,,,ea,2,Physical Item,,Square Point of Sale,tok00632
2026-09-16,20:36:14,Central Time (US & Canada),Bowls,Veggie Bowl,1,Regular,,,$13.50,$0.00,$13.50,$1.11,TXN100633,PAY500633,Counter iPad 1,,,Payment,Bluebird Bowl Co. - Main St,For Here,,,,ea,1,Physical Item,,Square Point of Sale,tok00633
2026-09-16,20:50:20,Central Time (US & Canada),Plates,Salmon Plate,1,Regular,,,$19.00,$0.00,$19.00,$1.57,TXN100634,PAY500634,Counter iPad 1,,,Payment,Bluebird Bowl Co. - Main St,For Here,,,,ea,1,Physical Item,,Square Point of Sale,tok00634
2026-09-17,11:00:41,Central Time (US & Canada),Bowls,Chicken Bowl,2,Regular,,,$24.00,$0.00,$24.00,$1.98,TXN100635,PAY500635,Counter iPad 1,,,Payment,Bluebird Bowl Co. - Main St,To Go,,,,ea,2,Physical Item,,Square Point of Sale,tok00635
2026-09-17,11:32:52,Central Time (US & Canada),Bowls,Chicken Bowl,1,Regular,,,$12.00,$0.00,$12.00,$0.99,TXN100636,PAY500636,Counter iPad 1,,,Payment,Bluebird Bowl Co. - Main St,To Go,,,,ea,1,Physical Item,,Square Point of Sale,tok00636
2026-09-17,11:37:30,Central Time (US & Canada),Plates,Salmon Plate,1,Regular,,,$19.00,$0.00,$19.00,$1.57,TXN100637,PAY500637,Counter iPad 1,,,Payment,Bluebird Bowl Co. - Main St,For Here,,,,ea,1,Physical Item,,Square Point of Sale,tok00637
2026-09-17,12:06:54,Central Time (US & Canada),Beverages,Fountain Drink,1,Regular,,,$2.75,$0.00,$2.75,$0.23,TXN100638,PAY500638,Counter iPad 1,,,Payment,Bluebird Bowl Co. - Main St,To Go,,,,ea,1,Physical Item,,Square Point of Sale,tok00638
2026-09-17,12:08:39,Central Time (US & Canada),Bowls,Chicken Bowl,1,Regular,,,$12.00,$0.00,$12.00,$0.99,TXN100639,PAY500639,Counter iPad 1,,,Payment,Bluebird Bowl Co. - Main St,To Go,,,,ea,1,Physical Item,,Square Point of Sale,tok00639
2026-09-17,12:16:45,Central Time (US & Canada),Plates,Salmon Plate,1,Regular,,,$19.00,$0.00,$19.00,$1.57,TXN100640,PAY500640,Counter iPad 1,,,Payment,Bluebird Bowl Co. - Main St,To Go,,,,ea,1,Physical Item,,Square Point of Sale,tok00640
2026-09-17,12:26:28,Central Time (US & Canada),Bowls,Chicken Bowl,1,Regular,,,$12.00,$0.00,$12.00,$0.99,TXN100641,PAY500641,Counter iPad 1,,,Payment,Bluebird Bowl Co. - Main St,To Go,,,,ea,1,Physical Item,,Square Point of Sale,tok00641
2026-09-17,12:46:29,Central Time (US & Canada),Kids,Kids Plate,1,Regular,,,$7.00,$0.00,$7.00,$0.58,TXN100642,PAY500642,Counter iPad 1,,,Payment,Bluebird Bowl Co. - Main St,To Go,,,,ea,1,Physical Item,,Square Point of Sale,tok00642
2026-09-17,12:55:14,Central Time (US & Canada),Plates,Salmon Plate,2,Regular,,,$38.00,$0.00,$38.00,$3.14,TXN100643,PAY500643,Counter iPad 1,,,Payment,Bluebird Bowl Co. - Main St,To Go,,,,ea,2,Physical Item,,Square Point of Sale,tok00643
2026-09-17,13:02:27,Central Time (US & Canada),Bowls,Chicken Bowl,1,Regular,,,$12.00,$0.00,$12.00,$0.99,TXN100644,PAY500644,Counter iPad 1,,,Payment,Bluebird Bowl Co. - Main St,To Go,,,,ea,1,Physical Item,,Square Point of Sale,tok00644
2026-09-17,13:22:19,Central Time (US & Canada),Bowls,Chicken Bowl,2,Regular,,,$24.00,$0.00,$24.00,$1.98,TXN100645,PAY500645,Counter iPad 1,,,Payment,Bluebird Bowl Co. - Main St,For Here,,,,ea,2,Physical Item,,Square Point of Sale,tok00645
2026-09-17,13:54:32,Central Time (US & Canada),Kids,Kids Plate,1,Regular,,,$7.00,$0.00,$7.00,$0.58,TXN100646,PAY500646,Counter iPad 1,,,Payment,Bluebird Bowl Co. - Main St,To Go,,,,ea,1,Physical Item,,Square Point of Sale,tok00646
2026-09-17,14:09:00,Central Time (US & Canada),Bowls,Chicken Bowl,2,Regular,,,$24.00,$0.00,$24.00,$1.98,TXN100647,PAY500647,Counter iPad 1,,,Payment,Bluebird Bowl Co. - Main St,For Here,,,,ea,2,Physical Item,,Square Point of Sale,tok00647
2026-09-17,14:36:53,Central Time (US & Canada),Bowls,Veggie Bowl,1,Regular,,,$13.50,$0.00,$13.50,$1.11,TXN100648,PAY500648,Counter iPad 1,,,Payment,Bluebird Bowl Co. - Main St,To Go,,,,ea,1,Physical Item,,Square Point of Sale,tok00648
2026-09-17,14:43:34,Central Time (US & Canada),Beverages,Fountain Drink,2,Regular,,,$5.50,$0.00,$5.50,$0.45,TXN100649,PAY500649,Counter iPad 1,,,Payment,Bluebird Bowl Co. - Main St,For Here,,,,ea,2,Physical Item,,Square Point of Sale,tok00649
2026-09-17,15:13:15,Central Time (US & Canada),Bowls,Steak Bowl,1,Regular,,,$16.00,$0.00,$16.00,$1.32,TXN100650,PAY500650,Counter iPad 1,,,Payment,Bluebird Bowl Co. - Main St,For Here,,,,ea,1,Physical Item,,Square Point of Sale,tok00650
2026-09-17,16:00:27,Central Time (US & Canada),Beverages,Fountain Drink,1,Regular,,,$2.75,$0.00,$2.75,$0.23,TXN100651,PAY500651,Counter iPad 1,,,Payment,Bluebird Bowl Co. - Main St,To Go,,,,ea,1,Physical Item,,Square Point of Sale,tok00651
2026-09-17,16:56:19,Central Time (US & Canada),Plates,Salmon Plate,1,Regular,,,$19.00,$0.00,$19.00,$1.57,TXN100652,PAY500652,Counter iPad 1,,,Payment,Bluebird Bowl Co. - Main St,To Go,,,,ea,1,Physical Item,,Square Point of Sale,tok00652
2026-09-17,16:59:28,Central Time (US & Canada),Bowls,Chicken Bowl,1,Regular,,,$12.00,$0.00,$12.00,$0.99,TXN100653,PAY500653,Counter iPad 1,,,Payment,Bluebird Bowl Co. - Main St,To Go,,,,ea,1,Physical Item,,Square Point of Sale,tok00653
2026-09-17,17:00:18,Central Time (US & Canada),Plates,Salmon Plate,1,Regular,,,$19.00,$0.00,$19.00,$1.57,TXN100654,PAY500654,Counter iPad 1,,,Payment,Bluebird Bowl Co. - Main St,To Go,,,,ea,1,Physical Item,,Square Point of Sale,tok00654
2026-09-17,17:06:47,Central Time (US & Canada),Plates,Salmon Plate,2,Regular,,,$38.00,$0.00,$38.00,$3.14,TXN100655,PAY500655,Counter iPad 1,,,Payment,Bluebird Bowl Co. - Main St,To Go,,,,ea,2,Physical Item,,Square Point of Sale,tok00655
2026-09-17,17:09:19,Central Time (US & Canada),Bowls,Veggie Bowl,1,Regular,,,$13.50,$0.00,$13.50,$1.11,TXN100656,PAY500656,Counter iPad 1,,,Payment,Bluebird Bowl Co. - Main St,For Here,,,,ea,1,Physical Item,,Square Point of Sale,tok00656
2026-09-17,17:32:01,Central Time (US & Canada),Beverages,Fountain Drink,2,Regular,,,$5.50,$0.00,$5.50,$0.45,TXN100657,PAY500657,Counter iPad 1,,,Payment,Bluebird Bowl Co. - Main St,To Go,,,,ea,2,Physical Item,,Square Point of Sale,tok00657
2026-09-17,18:08:52,Central Time (US & Canada),Plates,Salmon Plate,1,Regular,,,$19.00,$0.00,$19.00,$1.57,TXN100658,PAY500658,Counter iPad 1,,,Payment,Bluebird Bowl Co. - Main St,To Go,,,,ea,1,Physical Item,,Square Point of Sale,tok00658
2026-09-17,18:48:53,Central Time (US & Canada),Bowls,Steak Bowl,2,Regular,,,$32.00,$0.00,$32.00,$2.64,TXN100659,PAY500659,Counter iPad 1,,,Payment,Bluebird Bowl Co. - Main St,To Go,,,,ea,2,Physical Item,,Square Point of Sale,tok00659
2026-09-17,18:49:04,Central Time (US & Canada),Plates,Salmon Plate,1,Regular,,,$19.00,$0.00,$19.00,$1.57,TXN100660,PAY500660,Counter iPad 1,,,Payment,Bluebird Bowl Co. - Main St,For Here,,,,ea,1,Physical Item,,Square Point of Sale,tok00660
2026-09-17,19:01:46,Central Time (US & Canada),Beverages,Fountain Drink,1,Regular,,,$2.75,$0.00,$2.75,$0.23,TXN100661,PAY500661,Counter iPad 1,,,Payment,Bluebird Bowl Co. - Main St,For Here,,,,ea,1,Physical Item,,Square Point of Sale,tok00661
2026-09-17,19:25:33,Central Time (US & Canada),Plates,Salmon Plate,1,Regular,,,$19.00,$0.00,$19.00,$1.57,TXN100662,PAY500662,Counter iPad 1,,,Payment,Bluebird Bowl Co. - Main St,To Go,,,,ea,1,Physical Item,,Square Point of Sale,tok00662
2026-09-17,19:30:00,Central Time (US & Canada),Kids,Kids Plate,1,Regular,,,$7.00,$0.00,$7.00,$0.58,TXN100663,PAY500663,Counter iPad 1,,,Payment,Bluebird Bowl Co. - Main St,To Go,,,,ea,1,Physical Item,,Square Point of Sale,tok00663
2026-09-17,19:30:03,Central Time (US & Canada),Bowls,Chicken Bowl,1,Regular,,,$12.00,$0.00,$12.00,$0.99,TXN100664,PAY500664,Counter iPad 1,,,Payment,Bluebird Bowl Co. - Main St,To Go,,,,ea,1,Physical Item,,Square Point of Sale,tok00664
2026-09-17,20:02:13,Central Time (US & Canada),Bowls,Veggie Bowl,1,Regular,,,$13.50,$0.00,$13.50,$1.11,TXN100665,PAY500665,Counter iPad 1,,,Payment,Bluebird Bowl Co. - Main St,For Here,,,,ea,1,Physical Item,,Square Point of Sale,tok00665
2026-09-17,20:05:43,Central Time (US & Canada),Bowls,Veggie Bowl,2,Regular,,,$27.00,$0.00,$27.00,$2.23,TXN100666,PAY500666,Counter iPad 1,,,Payment,Bluebird Bowl Co. - Main St,For Here,,,,ea,2,Physical Item,,Square Point of Sale,tok00666
2026-09-17,20:55:50,Central Time (US & Canada),Bowls,Veggie Bowl,2,Regular,,,$27.00,$0.00,$27.00,$2.23,TXN100667,PAY500667,Counter iPad 1,,,Payment,Bluebird Bowl Co. - Main St,For Here,,,,ea,2,Physical Item,,Square Point of Sale,tok00667
2026-09-18,11:00:54,Central Time (US & Canada),Bowls,Veggie Bowl,1,Regular,,,$13.50,$0.00,$13.50,$1.11,TXN100668,PAY500668,Counter iPad 1,,,Payment,Bluebird Bowl Co. - Main St,To Go,,,,ea,1,Physical Item,,Square Point of Sale,tok00668
2026-09-18,11:30:58,Central Time (US & Canada),Bowls,Steak Bowl,2,Regular,,,$32.00,$0.00,$32.00,$2.64,TXN100669,PAY500669,Counter iPad 1,,,Payment,Bluebird Bowl Co. - Main St,For Here,,,,ea,2,Physical Item,,Square Point of Sale,tok00669
2026-09-18,11:37:04,Central Time (US & Canada),Bowls,Chicken Bowl,1,Regular,,,$12.00,$0.00,$12.00,$0.99,TXN100670,PAY500670,Counter iPad 1,,,Payment,Bluebird Bowl Co. - Main St,To Go,,,,ea,1,Physical Item,,Square Point of Sale,tok00670
2026-09-18,12:17:24,Central Time (US & Canada),Kids,Kids Plate,2,Regular,,,$14.00,$0.00,$14.00,$1.16,TXN100671,PAY500671,Counter iPad 1,,,Payment,Bluebird Bowl Co. - Main St,To Go,,,,ea,2,Physical Item,,Square Point of Sale,tok00671
2026-09-18,12:18:52,Central Time (US & Canada),Bowls,Chicken Bowl,2,Regular,,,$24.00,$0.00,$24.00,$1.98,TXN100672,PAY500672,Counter iPad 1,,,Payment,Bluebird Bowl Co. - Main St,To Go,,,,ea,2,Physical Item,,Square Point of Sale,tok00672
2026-09-18,12:22:16,Central Time (US & Canada),Beverages,Fountain Drink,1,Regular,,,$2.75,$0.00,$2.75,$0.23,TXN100673,PAY500673,Counter iPad 1,,,Payment,Bluebird Bowl Co. - Main St,To Go,,,,ea,1,Physical Item,,Square Point of Sale,tok00673
2026-09-18,12:33:28,Central Time (US & Canada),Bowls,Chicken Bowl,1,Regular,,,$12.00,$0.00,$12.00,$0.99,TXN100674,PAY500674,Counter iPad 1,,,Payment,Bluebird Bowl Co. - Main St,To Go,,,,ea,1,Physical Item,,Square Point of Sale,tok00674
2026-09-18,12:43:27,Central Time (US & Canada),Bowls,Chicken Bowl,1,Regular,,,$12.00,$0.00,$12.00,$0.99,TXN100675,PAY500675,Counter iPad 1,,,Payment,Bluebird Bowl Co. - Main St,To Go,,,,ea,1,Physical Item,,Square Point of Sale,tok00675
2026-09-18,13:19:47,Central Time (US & Canada),Bowls,Chicken Bowl,2,Regular,,,$24.00,$0.00,$24.00,$1.98,TXN100676,PAY500676,Counter iPad 1,,,Payment,Bluebird Bowl Co. - Main St,To Go,,,,ea,2,Physical Item,,Square Point of Sale,tok00676
2026-09-18,13:20:07,Central Time (US & Canada),Beverages,Fountain Drink,1,Regular,,,$2.75,$0.00,$2.75,$0.23,TXN100677,PAY500677,Counter iPad 1,,,Payment,Bluebird Bowl Co. - Main St,To Go,,,,ea,1,Physical Item,,Square Point of Sale,tok00677
2026-09-18,13:24:49,Central Time (US & Canada),Kids,Kids Plate,1,Regular,,,$7.00,$0.00,$7.00,$0.58,TXN100678,PAY500678,Counter iPad 1,,,Payment,Bluebird Bowl Co. - Main St,To Go,,,,ea,1,Physical Item,,Square Point of Sale,tok00678
2026-09-18,13:32:54,Central Time (US & Canada),Bowls,Chicken Bowl,1,Regular,,,$12.00,$0.00,$12.00,$0.99,TXN100679,PAY500679,Counter iPad 1,,,Payment,Bluebird Bowl Co. - Main St,To Go,,Test Customer A,,ea,1,Physical Item,,Square Point of Sale,tok00679
2026-09-18,13:33:40,Central Time (US & Canada),Beverages,Fountain Drink,1,Regular,,,$2.75,$0.00,$2.75,$0.23,TXN100680,PAY500680,Counter iPad 1,,,Payment,Bluebird Bowl Co. - Main St,For Here,,,,ea,1,Physical Item,,Square Point of Sale,tok00680
2026-09-18,13:46:14,Central Time (US & Canada),Bowls,Veggie Bowl,2,Regular,,,$27.00,$0.00,$27.00,$2.23,TXN100681,PAY500681,Counter iPad 1,,,Payment,Bluebird Bowl Co. - Main St,For Here,,,,ea,2,Physical Item,,Square Point of Sale,tok00681
2026-09-18,14:19:55,Central Time (US & Canada),Plates,Salmon Plate,1,Regular,,,$19.00,$0.00,$19.00,$1.57,TXN100682,PAY500682,Counter iPad 1,,,Payment,Bluebird Bowl Co. - Main St,For Here,,,,ea,1,Physical Item,,Square Point of Sale,tok00682
2026-09-18,15:47:30,Central Time (US & Canada),Bowls,Steak Bowl,1,Regular,,,$16.00,$0.00,$16.00,$1.32,TXN100683,PAY500683,Counter iPad 1,,,Payment,Bluebird Bowl Co. - Main St,For Here,,,,ea,1,Physical Item,,Square Point of Sale,tok00683
2026-09-18,16:09:05,Central Time (US & Canada),Bowls,Chicken Bowl,2,Regular,,,$24.00,$0.00,$24.00,$1.98,TXN100684,PAY500684,Counter iPad 1,,,Payment,Bluebird Bowl Co. - Main St,For Here,,,,ea,2,Physical Item,,Square Point of Sale,tok00684
2026-09-18,16:29:50,Central Time (US & Canada),Beverages,Fountain Drink,1,Regular,,,$2.75,$0.00,$2.75,$0.23,TXN100685,PAY500685,Counter iPad 1,,,Payment,Bluebird Bowl Co. - Main St,To Go,,,,ea,1,Physical Item,,Square Point of Sale,tok00685
2026-09-18,16:54:04,Central Time (US & Canada),Kids,Kids Plate,1,Regular,,,$7.00,$0.00,$7.00,$0.58,TXN100686,PAY500686,Counter iPad 1,,,Payment,Bluebird Bowl Co. - Main St,For Here,,,,ea,1,Physical Item,,Square Point of Sale,tok00686
2026-09-18,16:58:13,Central Time (US & Canada),Beverages,Fountain Drink,2,Regular,,,$5.50,$0.00,$5.50,$0.45,TXN100687,PAY500687,Counter iPad 1,,,Payment,Bluebird Bowl Co. - Main St,For Here,,,,ea,2,Physical Item,,Square Point of Sale,tok00687
2026-09-18,16:58:39,Central Time (US & Canada),Beverages,Fountain Drink,1,Regular,,,$2.75,$0.00,$2.75,$0.23,TXN100688,PAY500688,Counter iPad 1,,,Payment,Bluebird Bowl Co. - Main St,For Here,,,,ea,1,Physical Item,,Square Point of Sale,tok00688
2026-09-18,17:01:14,Central Time (US & Canada),Kids,Kids Plate,1,Regular,,,$7.00,$0.00,$7.00,$0.58,TXN100689,PAY500689,Counter iPad 1,,,Payment,Bluebird Bowl Co. - Main St,To Go,,,,ea,1,Physical Item,,Square Point of Sale,tok00689
2026-09-18,17:06:16,Central Time (US & Canada),Plates,Salmon Plate,1,Regular,,,$19.00,$0.00,$19.00,$1.57,TXN100690,PAY500690,Counter iPad 1,,,Payment,Bluebird Bowl Co. - Main St,For Here,,,,ea,1,Physical Item,,Square Point of Sale,tok00690
2026-09-18,17:07:35,Central Time (US & Canada),Bowls,Chicken Bowl,1,Regular,,,$12.00,$0.00,$12.00,$0.99,TXN100691,PAY500691,Counter iPad 1,,,Payment,Bluebird Bowl Co. - Main St,For Here,,,,ea,1,Physical Item,,Square Point of Sale,tok00691
2026-09-18,17:11:48,Central Time (US & Canada),Plates,Salmon Plate,1,Regular,,,$19.00,$0.00,$19.00,$1.57,TXN100692,PAY500692,Counter iPad 1,,,Payment,Bluebird Bowl Co. - Main St,For Here,,,,ea,1,Physical Item,,Square Point of Sale,tok00692
2026-09-18,17:24:49,Central Time (US & Canada),Bowls,Chicken Bowl,1,Regular,,,$12.00,$0.00,$12.00,$0.99,TXN100693,PAY500693,Counter iPad 1,,,Payment,Bluebird Bowl Co. - Main St,To Go,,,,ea,1,Physical Item,,Square Point of Sale,tok00693
2026-09-18,17:40:27,Central Time (US & Canada),Kids,Kids Plate,1,Regular,,,$7.00,$0.00,$7.00,$0.58,TXN100694,PAY500694,Counter iPad 1,,,Payment,Bluebird Bowl Co. - Main St,For Here,,,,ea,1,Physical Item,,Square Point of Sale,tok00694
2026-09-18,17:43:57,Central Time (US & Canada),Plates,Salmon Plate,1,Regular,,,$19.00,$0.00,$19.00,$1.57,TXN100695,PAY500695,Counter iPad 1,,,Payment,Bluebird Bowl Co. - Main St,For Here,,,,ea,1,Physical Item,,Square Point of Sale,tok00695
2026-09-18,17:51:58,Central Time (US & Canada),Bowls,Steak Bowl,1,Regular,,,$16.00,$0.00,$16.00,$1.32,TXN100696,PAY500696,Counter iPad 1,,,Payment,Bluebird Bowl Co. - Main St,To Go,,,,ea,1,Physical Item,,Square Point of Sale,tok00696
2026-09-18,18:17:12,Central Time (US & Canada),Bowls,Chicken Bowl,1,Regular,,Extra Avocado,$12.00,$0.00,$12.00,$0.99,TXN100697,PAY500697,Counter iPad 1,,,Payment,Bluebird Bowl Co. - Main St,For Here,,,,ea,1,Physical Item,,Square Point of Sale,tok00697
2026-09-18,18:45:13,Central Time (US & Canada),Bowls,Chicken Bowl,1,Regular,,,$12.00,$0.00,$12.00,$0.99,TXN100698,PAY500698,Counter iPad 1,,,Payment,Bluebird Bowl Co. - Main St,For Here,,,,ea,1,Physical Item,,Square Point of Sale,tok00698
2026-09-18,18:58:42,Central Time (US & Canada),Bowls,Steak Bowl,1,Regular,,,$16.00,$0.00,$16.00,$1.32,TXN100699,PAY500699,Counter iPad 1,,,Payment,Bluebird Bowl Co. - Main St,To Go,,,,ea,1,Physical Item,,Square Point of Sale,tok00699
2026-09-18,20:40:04,Central Time (US & Canada),Plates,Salmon Plate,1,Regular,,,$19.00,$0.00,$19.00,$1.57,TXN100700,PAY500700,Counter iPad 1,,,Payment,Bluebird Bowl Co. - Main St,For Here,,,,ea,1,Physical Item,,Square Point of Sale,tok00700
2026-09-19,11:16:13,Central Time (US & Canada),Bowls,Veggie Bowl,1,Regular,,,$13.50,$0.00,$13.50,$1.11,TXN100701,PAY500701,Counter iPad 1,,,Payment,Bluebird Bowl Co. - Main St,For Here,,,,ea,1,Physical Item,,Square Point of Sale,tok00701
2026-09-19,11:28:16,Central Time (US & Canada),Bowls,Veggie Bowl,2,Regular,,,$27.00,$0.00,$27.00,$2.23,TXN100702,PAY500702,Counter iPad 1,,,Payment,Bluebird Bowl Co. - Main St,To Go,,,,ea,2,Physical Item,,Square Point of Sale,tok00702
2026-09-19,11:48:01,Central Time (US & Canada),Plates,Salmon Plate,1,Regular,,,$19.00,$0.00,$19.00,$1.57,TXN100703,PAY500703,Counter iPad 1,,,Payment,Bluebird Bowl Co. - Main St,To Go,,,,ea,1,Physical Item,,Square Point of Sale,tok00703
2026-09-19,12:21:10,Central Time (US & Canada),Beverages,Fountain Drink,1,Regular,,,$2.75,$0.00,$2.75,$0.23,TXN100704,PAY500704,Counter iPad 1,,,Payment,Bluebird Bowl Co. - Main St,For Here,,,,ea,1,Physical Item,,Square Point of Sale,tok00704
2026-09-19,12:46:00,Central Time (US & Canada),Beverages,Fountain Drink,1,Regular,,,$2.75,$0.00,$2.75,$0.23,TXN100705,PAY500705,Counter iPad 1,,,Payment,Bluebird Bowl Co. - Main St,For Here,,,,ea,1,Physical Item,,Square Point of Sale,tok00705
2026-09-19,12:46:57,Central Time (US & Canada),Bowls,Chicken Bowl,1,Regular,,,$12.00,$0.00,$12.00,$0.99,TXN100706,PAY500706,Counter iPad 1,,,Payment,Bluebird Bowl Co. - Main St,To Go,,,,ea,1,Physical Item,,Square Point of Sale,tok00706
2026-09-19,13:06:58,Central Time (US & Canada),Plates,Salmon Plate,2,Regular,,,$38.00,$0.00,$38.00,$3.14,TXN100707,PAY500707,Counter iPad 1,,,Payment,Bluebird Bowl Co. - Main St,To Go,,,,ea,2,Physical Item,,Square Point of Sale,tok00707
2026-09-19,13:26:12,Central Time (US & Canada),Bowls,Veggie Bowl,2,Regular,,,$27.00,$0.00,$27.00,$2.23,TXN100708,PAY500708,Counter iPad 1,,,Payment,Bluebird Bowl Co. - Main St,For Here,,,,ea,2,Physical Item,,Square Point of Sale,tok00708
2026-09-19,13:41:11,Central Time (US & Canada),Beverages,Fountain Drink,2,Regular,,,$5.50,$0.00,$5.50,$0.45,TXN100709,PAY500709,Counter iPad 1,,,Payment,Bluebird Bowl Co. - Main St,For Here,,,,ea,2,Physical Item,,Square Point of Sale,tok00709
2026-09-19,13:41:43,Central Time (US & Canada),Plates,Salmon Plate,1,Regular,,,$19.00,$0.00,$19.00,$1.57,TXN100710,PAY500710,Counter iPad 1,,,Payment,Bluebird Bowl Co. - Main St,For Here,,,,ea,1,Physical Item,,Square Point of Sale,tok00710
2026-09-19,13:42:41,Central Time (US & Canada),Bowls,Veggie Bowl,1,Regular,,,$13.50,$0.00,$13.50,$1.11,TXN100711,PAY500711,Counter iPad 1,,,Payment,Bluebird Bowl Co. - Main St,For Here,,,,ea,1,Physical Item,,Square Point of Sale,tok00711
2026-09-19,14:12:52,Central Time (US & Canada),Bowls,Steak Bowl,2,Regular,,,$32.00,$0.00,$32.00,$2.64,TXN100712,PAY500712,Counter iPad 1,,,Payment,Bluebird Bowl Co. - Main St,For Here,,,,ea,2,Physical Item,,Square Point of Sale,tok00712
2026-09-19,14:19:07,Central Time (US & Canada),Bowls,Chicken Bowl,2,Regular,,,$24.00,$0.00,$24.00,$1.98,TXN100713,PAY500713,Counter iPad 1,,,Payment,Bluebird Bowl Co. - Main St,To Go,,,,ea,2,Physical Item,,Square Point of Sale,tok00713
2026-09-19,14:22:25,Central Time (US & Canada),Plates,Salmon Plate,1,Regular,,,$19.00,$0.00,$19.00,$1.57,TXN100714,PAY500714,Counter iPad 1,,,Payment,Bluebird Bowl Co. - Main St,To Go,,,,ea,1,Physical Item,,Square Point of Sale,tok00714
2026-09-19,14:33:30,Central Time (US & Canada),Bowls,Chicken Bowl,2,Regular,,,$24.00,$0.00,$24.00,$1.98,TXN100715,PAY500715,Counter iPad 1,,,Payment,Bluebird Bowl Co. - Main St,To Go,,,,ea,2,Physical Item,,Square Point of Sale,tok00715
2026-09-19,14:51:08,Central Time (US & Canada),Plates,Salmon Plate,1,Regular,,,$19.00,$0.00,$19.00,$1.57,TXN100716,PAY500716,Counter iPad 1,,,Payment,Bluebird Bowl Co. - Main St,To Go,,,,ea,1,Physical Item,,Square Point of Sale,tok00716
2026-09-19,14:52:40,Central Time (US & Canada),Plates,Salmon Plate,2,Regular,,,$38.00,$0.00,$38.00,$3.14,TXN100717,PAY500717,Counter iPad 1,,,Payment,Bluebird Bowl Co. - Main St,To Go,,,,ea,2,Physical Item,,Square Point of Sale,tok00717
2026-09-19,15:30:44,Central Time (US & Canada),Bowls,Steak Bowl,1,Regular,,,$16.00,$0.00,$16.00,$1.32,TXN100718,PAY500718,Counter iPad 1,,,Payment,Bluebird Bowl Co. - Main St,To Go,,,,ea,1,Physical Item,,Square Point of Sale,tok00718
2026-09-19,16:20:26,Central Time (US & Canada),Beverages,Fountain Drink,2,Regular,,,$5.50,$0.00,$5.50,$0.45,TXN100719,PAY500719,Counter iPad 1,,,Payment,Bluebird Bowl Co. - Main St,For Here,,,,ea,2,Physical Item,,Square Point of Sale,tok00719
2026-09-19,16:32:19,Central Time (US & Canada),Kids,Kids Plate,1,Regular,,,$7.00,$0.00,$7.00,$0.58,TXN100720,PAY500720,Counter iPad 1,,,Payment,Bluebird Bowl Co. - Main St,For Here,,,,ea,1,Physical Item,,Square Point of Sale,tok00720
2026-09-19,17:27:30,Central Time (US & Canada),Plates,Salmon Plate,1,Regular,,,$19.00,$0.00,$19.00,$1.57,TXN100721,PAY500721,Counter iPad 1,,,Payment,Bluebird Bowl Co. - Main St,To Go,,,,ea,1,Physical Item,,Square Point of Sale,tok00721
2026-09-19,18:29:32,Central Time (US & Canada),Bowls,Chicken Bowl,1,Regular,,,$12.00,$0.00,$12.00,$0.99,TXN100722,PAY500722,Counter iPad 1,,,Payment,Bluebird Bowl Co. - Main St,To Go,,,,ea,1,Physical Item,,Square Point of Sale,tok00722
2026-09-19,18:49:52,Central Time (US & Canada),Bowls,Chicken Bowl,1,Regular,,,$12.00,$0.00,$12.00,$0.99,TXN100723,PAY500723,Counter iPad 1,,,Payment,Bluebird Bowl Co. - Main St,To Go,,,,ea,1,Physical Item,,Square Point of Sale,tok00723
2026-09-19,18:51:18,Central Time (US & Canada),Plates,Salmon Plate,2,Regular,,,$38.00,$0.00,$38.00,$3.14,TXN100724,PAY500724,Counter iPad 1,,,Payment,Bluebird Bowl Co. - Main St,To Go,,,,ea,2,Physical Item,,Square Point of Sale,tok00724
2026-09-19,18:54:31,Central Time (US & Canada),Beverages,Fountain Drink,2,Regular,,,$5.50,$0.00,$5.50,$0.45,TXN100725,PAY500725,Counter iPad 1,,,Payment,Bluebird Bowl Co. - Main St,To Go,,,,ea,2,Physical Item,,Square Point of Sale,tok00725
2026-09-19,19:21:24,Central Time (US & Canada),Beverages,Fountain Drink,1,Regular,,,$2.75,$0.00,$2.75,$0.23,TXN100726,PAY500726,Counter iPad 1,,,Payment,Bluebird Bowl Co. - Main St,For Here,,,,ea,1,Physical Item,,Square Point of Sale,tok00726
2026-09-19,19:22:40,Central Time (US & Canada),Beverages,Fountain Drink,1,Regular,,,$2.75,$0.00,$2.75,$0.23,TXN100727,PAY500727,Counter iPad 1,,,Payment,Bluebird Bowl Co. - Main St,For Here,,,,ea,1,Physical Item,,Square Point of Sale,tok00727
2026-09-19,19:25:13,Central Time (US & Canada),Bowls,Chicken Bowl,1,Regular,,,$12.00,$0.00,$12.00,$0.99,TXN100728,PAY500728,Counter iPad 1,,,Payment,Bluebird Bowl Co. - Main St,To Go,,,,ea,1,Physical Item,,Square Point of Sale,tok00728
2026-09-19,19:30:15,Central Time (US & Canada),Plates,Salmon Plate,1,Regular,,,$19.00,$0.00,$19.00,$1.57,TXN100729,PAY500729,Counter iPad 1,,,Payment,Bluebird Bowl Co. - Main St,To Go,,,,ea,1,Physical Item,,Square Point of Sale,tok00729
2026-09-19,19:45:23,Central Time (US & Canada),Bowls,Steak Bowl,1,Regular,,,$16.00,$0.00,$16.00,$1.32,TXN100730,PAY500730,Counter iPad 1,,,Payment,Bluebird Bowl Co. - Main St,To Go,,,,ea,1,Physical Item,,Square Point of Sale,tok00730
2026-09-19,20:12:12,Central Time (US & Canada),Plates,Salmon Plate,1,Regular,,,$19.00,$0.00,$19.00,$1.57,TXN100731,PAY500731,Counter iPad 1,,,Payment,Bluebird Bowl Co. - Main St,To Go,,,,ea,1,Physical Item,,Square Point of Sale,tok00731
2026-09-19,20:30:12,Central Time (US & Canada),Bowls,Chicken Bowl,1,Regular,,,$12.00,$0.00,$12.00,$0.99,TXN100732,PAY500732,Counter iPad 1,,,Payment,Bluebird Bowl Co. - Main St,To Go,,,,ea,1,Physical Item,,Square Point of Sale,tok00732
2026-09-19,20:49:53,Central Time (US & Canada),Bowls,Chicken Bowl,2,Regular,,,$24.00,$0.00,$24.00,$1.98,TXN100733,PAY500733,Counter iPad 1,,,Payment,Bluebird Bowl Co. - Main St,For Here,,,,ea,2,Physical Item,,Square Point of Sale,tok00733
2026-09-20,11:21:00,Central Time (US & Canada),Bowls,Chicken Bowl,1,Regular,,,$12.00,$0.00,$12.00,$0.99,TXN100734,PAY500734,Counter iPad 1,,,Payment,Bluebird Bowl Co. - Main St,To Go,,,,ea,1,Physical Item,,Square Point of Sale,tok00734
2026-09-20,11:24:28,Central Time (US & Canada),Plates,Salmon Plate,1,Regular,,,$19.00,$0.00,$19.00,$1.57,TXN100735,PAY500735,Counter iPad 1,,,Payment,Bluebird Bowl Co. - Main St,For Here,,,,ea,1,Physical Item,,Square Point of Sale,tok00735
2026-09-20,11:36:55,Central Time (US & Canada),Bowls,Chicken Bowl,1,Regular,,,$12.00,$0.00,$12.00,$0.99,TXN100736,PAY500736,Counter iPad 1,,,Payment,Bluebird Bowl Co. - Main St,For Here,,,,ea,1,Physical Item,,Square Point of Sale,tok00736
2026-09-20,11:59:03,Central Time (US & Canada),Plates,Salmon Plate,1,Regular,,,$19.00,$0.00,$19.00,$1.57,TXN100737,PAY500737,Counter iPad 1,,,Payment,Bluebird Bowl Co. - Main St,For Here,,,,ea,1,Physical Item,,Square Point of Sale,tok00737
2026-09-20,12:01:13,Central Time (US & Canada),Bowls,Chicken Bowl,1,Regular,,,$12.00,$0.00,$12.00,$0.99,TXN100738,PAY500738,Counter iPad 1,,,Payment,Bluebird Bowl Co. - Main St,To Go,,,,ea,1,Physical Item,,Square Point of Sale,tok00738
2026-09-20,12:33:09,Central Time (US & Canada),Bowls,Chicken Bowl,1,Regular,,,$12.00,$0.00,$12.00,$0.99,TXN100739,PAY500739,Counter iPad 1,,,Payment,Bluebird Bowl Co. - Main St,To Go,,,,ea,1,Physical Item,,Square Point of Sale,tok00739
2026-09-20,12:52:54,Central Time (US & Canada),Bowls,Chicken Bowl,2,Regular,,,$24.00,$0.00,$24.00,$1.98,TXN100740,PAY500740,Counter iPad 1,,,Payment,Bluebird Bowl Co. - Main St,To Go,,,,ea,2,Physical Item,,Square Point of Sale,tok00740
2026-09-20,12:58:36,Central Time (US & Canada),Plates,Salmon Plate,1,Regular,,,$19.00,$0.00,$19.00,$1.57,TXN100741,PAY500741,Counter iPad 1,,,Payment,Bluebird Bowl Co. - Main St,For Here,,,,ea,1,Physical Item,,Square Point of Sale,tok00741
2026-09-20,12:59:54,Central Time (US & Canada),Bowls,Chicken Bowl,1,Regular,,,$12.00,$0.00,$12.00,$0.99,TXN100742,PAY500742,Counter iPad 1,,,Payment,Bluebird Bowl Co. - Main St,To Go,,,,ea,1,Physical Item,,Square Point of Sale,tok00742
2026-09-20,13:04:33,Central Time (US & Canada),Bowls,Steak Bowl,1,Regular,,,$16.00,$0.00,$16.00,$1.32,TXN100743,PAY500743,Counter iPad 1,,,Payment,Bluebird Bowl Co. - Main St,To Go,,,,ea,1,Physical Item,,Square Point of Sale,tok00743
2026-09-20,13:04:48,Central Time (US & Canada),Bowls,Chicken Bowl,1,Regular,,,$12.00,$0.00,$12.00,$0.99,TXN100744,PAY500744,Counter iPad 1,,,Payment,Bluebird Bowl Co. - Main St,To Go,,,,ea,1,Physical Item,,Square Point of Sale,tok00744
2026-09-20,13:13:44,Central Time (US & Canada),Kids,Kids Plate,1,Regular,,,$7.00,$0.00,$7.00,$0.58,TXN100745,PAY500745,Counter iPad 1,,,Payment,Bluebird Bowl Co. - Main St,For Here,,,,ea,1,Physical Item,,Square Point of Sale,tok00745
2026-09-20,13:21:22,Central Time (US & Canada),Bowls,Chicken Bowl,1,Regular,,,$12.00,$0.00,$12.00,$0.99,TXN100746,PAY500746,Counter iPad 1,,,Payment,Bluebird Bowl Co. - Main St,To Go,,,,ea,1,Physical Item,,Square Point of Sale,tok00746
2026-09-20,13:23:44,Central Time (US & Canada),Bowls,Chicken Bowl,1,Regular,,,$12.00,$0.00,$12.00,$0.99,TXN100747,PAY500747,Counter iPad 1,,,Payment,Bluebird Bowl Co. - Main St,To Go,,,,ea,1,Physical Item,,Square Point of Sale,tok00747
2026-09-20,13:50:44,Central Time (US & Canada),Plates,Salmon Plate,1,Regular,,,$19.00,$0.00,$19.00,$1.57,TXN100748,PAY500748,Counter iPad 1,,,Payment,Bluebird Bowl Co. - Main St,For Here,,,,ea,1,Physical Item,,Square Point of Sale,tok00748
2026-09-20,13:53:38,Central Time (US & Canada),Bowls,Chicken Bowl,2,Regular,,,$24.00,$0.00,$24.00,$1.98,TXN100749,PAY500749,Counter iPad 1,,,Payment,Bluebird Bowl Co. - Main St,For Here,,,,ea,2,Physical Item,,Square Point of Sale,tok00749
2026-09-20,13:53:42,Central Time (US & Canada),Kids,Kids Plate,1,Regular,,,$7.00,$0.00,$7.00,$0.58,TXN100750,PAY500750,Counter iPad 1,,,Payment,Bluebird Bowl Co. - Main St,To Go,,,,ea,1,Physical Item,,Square Point of Sale,tok00750
2026-09-20,14:19:54,Central Time (US & Canada),Beverages,Fountain Drink,2,Regular,,,$5.50,$0.00,$5.50,$0.45,TXN100751,PAY500751,Counter iPad 1,,,Payment,Bluebird Bowl Co. - Main St,For Here,,,,ea,2,Physical Item,,Square Point of Sale,tok00751
2026-09-20,15:29:43,Central Time (US & Canada),Bowls,Chicken Bowl,1,Regular,,,$12.00,$0.00,$12.00,$0.99,TXN100752,PAY500752,Counter iPad 1,,,Payment,Bluebird Bowl Co. - Main St,To Go,,,,ea,1,Physical Item,,Square Point of Sale,tok00752
2026-09-20,16:03:31,Central Time (US & Canada),Bowls,Chicken Bowl,1,Regular,,,$12.00,$0.00,$12.00,$0.99,TXN100753,PAY500753,Counter iPad 1,,,Payment,Bluebird Bowl Co. - Main St,To Go,,,,ea,1,Physical Item,,Square Point of Sale,tok00753
2026-09-20,16:17:46,Central Time (US & Canada),Bowls,Chicken Bowl,1,Regular,,,$12.00,$0.00,$12.00,$0.99,TXN100754,PAY500754,Counter iPad 1,,,Payment,Bluebird Bowl Co. - Main St,To Go,,,,ea,1,Physical Item,,Square Point of Sale,tok00754
2026-09-20,16:30:06,Central Time (US & Canada),Plates,Salmon Plate,1,Regular,,,$19.00,$0.00,$19.00,$1.57,TXN100755,PAY500755,Counter iPad 1,,,Payment,Bluebird Bowl Co. - Main St,For Here,,,,ea,1,Physical Item,,Square Point of Sale,tok00755
2026-09-20,16:45:11,Central Time (US & Canada),Bowls,Chicken Bowl,2,Regular,,,$24.00,$0.00,$24.00,$1.98,TXN100756,PAY500756,Counter iPad 1,,,Payment,Bluebird Bowl Co. - Main St,For Here,,,,ea,2,Physical Item,,Square Point of Sale,tok00756
2026-09-20,16:55:52,Central Time (US & Canada),Bowls,Chicken Bowl,1,Regular,,,$12.00,$0.00,$12.00,$0.99,TXN100757,PAY500757,Counter iPad 1,,,Payment,Bluebird Bowl Co. - Main St,To Go,,,,ea,1,Physical Item,,Square Point of Sale,tok00757
2026-09-20,17:00:02,Central Time (US & Canada),Beverages,Fountain Drink,1,Regular,,,$2.75,$0.00,$2.75,$0.23,TXN100758,PAY500758,Counter iPad 1,,,Payment,Bluebird Bowl Co. - Main St,To Go,,,,ea,1,Physical Item,,Square Point of Sale,tok00758
2026-09-20,17:09:52,Central Time (US & Canada),Bowls,Chicken Bowl,1,Regular,,,$12.00,$0.00,$12.00,$0.99,TXN100759,PAY500759,Counter iPad 1,,,Payment,Bluebird Bowl Co. - Main St,For Here,,,,ea,1,Physical Item,,Square Point of Sale,tok00759
2026-09-20,17:52:13,Central Time (US & Canada),Bowls,Chicken Bowl,1,Regular,,,$12.00,$0.00,$12.00,$0.99,TXN100760,PAY500760,Counter iPad 1,,,Payment,Bluebird Bowl Co. - Main St,To Go,,,,ea,1,Physical Item,,Square Point of Sale,tok00760
2026-09-20,18:41:16,Central Time (US & Canada),Beverages,Fountain Drink,1,Regular,,,$2.75,$0.00,$2.75,$0.23,TXN100761,PAY500761,Counter iPad 1,,,Payment,Bluebird Bowl Co. - Main St,For Here,,,,ea,1,Physical Item,,Square Point of Sale,tok00761
2026-09-20,19:03:43,Central Time (US & Canada),Bowls,Veggie Bowl,1,Regular,,,$13.50,$0.00,$13.50,$1.11,TXN100762,PAY500762,Counter iPad 1,,,Payment,Bluebird Bowl Co. - Main St,To Go,,,,ea,1,Physical Item,,Square Point of Sale,tok00762
2026-09-20,19:15:40,Central Time (US & Canada),Bowls,Chicken Bowl,1,Regular,,,$12.00,$0.00,$12.00,$0.99,TXN100763,PAY500763,Counter iPad 1,,,Payment,Bluebird Bowl Co. - Main St,For Here,,,,ea,1,Physical Item,,Square Point of Sale,tok00763
2026-09-20,19:17:59,Central Time (US & Canada),Bowls,Chicken Bowl,1,Regular,,,$12.00,$0.00,$12.00,$0.99,TXN100764,PAY500764,Counter iPad 1,,,Payment,Bluebird Bowl Co. - Main St,To Go,,,,ea,1,Physical Item,,Square Point of Sale,tok00764
2026-09-20,19:57:15,Central Time (US & Canada),Bowls,Veggie Bowl,1,Regular,,Extra Avocado,$13.50,$0.00,$13.50,$1.11,TXN100765,PAY500765,Counter iPad 1,,,Payment,Bluebird Bowl Co. - Main St,To Go,,,,ea,1,Physical Item,,Square Point of Sale,tok00765
2026-09-20,20:51:00,Central Time (US & Canada),Bowls,Chicken Bowl,2,Regular,,,$24.00,$0.00,$24.00,$1.98,TXN100766,PAY500766,Counter iPad 1,,,Payment,Bluebird Bowl Co. - Main St,To Go,,,,ea,2,Physical Item,,Square Point of Sale,tok00766
2026-09-21,11:19:26,Central Time (US & Canada),Bowls,Veggie Bowl,1,Regular,,,$13.50,$0.00,$13.50,$1.11,TXN100767,PAY500767,Counter iPad 1,,,Payment,Bluebird Bowl Co. - Main St,To Go,,,,ea,1,Physical Item,,Square Point of Sale,tok00767
2026-09-21,12:03:53,Central Time (US & Canada),Kids,Kids Plate,1,Regular,,,$7.00,$0.00,$7.00,$0.58,TXN100768,PAY500768,Counter iPad 1,,,Payment,Bluebird Bowl Co. - Main St,For Here,,,,ea,1,Physical Item,,Square Point of Sale,tok00768
2026-09-21,12:28:55,Central Time (US & Canada),Plates,Salmon Plate,2,Regular,,,$38.00,$0.00,$38.00,$3.14,TXN100769,PAY500769,Counter iPad 1,,,Payment,Bluebird Bowl Co. - Main St,For Here,,,,ea,2,Physical Item,,Square Point of Sale,tok00769
2026-09-21,12:32:47,Central Time (US & Canada),Plates,Salmon Plate,1,Regular,,,$19.00,$0.00,$19.00,$1.57,TXN100770,PAY500770,Counter iPad 1,,,Payment,Bluebird Bowl Co. - Main St,For Here,,,,ea,1,Physical Item,,Square Point of Sale,tok00770
2026-09-21,13:00:47,Central Time (US & Canada),Bowls,Chicken Bowl,1,Regular,,,$12.00,$0.00,$12.00,$0.99,TXN100771,PAY500771,Counter iPad 1,,,Payment,Bluebird Bowl Co. - Main St,For Here,,,,ea,1,Physical Item,,Square Point of Sale,tok00771
2026-09-21,13:32:24,Central Time (US & Canada),Bowls,Chicken Bowl,1,Regular,,,$12.00,$0.00,$12.00,$0.99,TXN100772,PAY500772,Counter iPad 1,,,Payment,Bluebird Bowl Co. - Main St,To Go,,,,ea,1,Physical Item,,Square Point of Sale,tok00772
2026-09-21,13:40:18,Central Time (US & Canada),Plates,Salmon Plate,1,Regular,,,$19.00,$0.00,$19.00,$1.57,TXN100773,PAY500773,Counter iPad 1,,,Payment,Bluebird Bowl Co. - Main St,For Here,,,,ea,1,Physical Item,,Square Point of Sale,tok00773
2026-09-21,13:51:29,Central Time (US & Canada),Bowls,Chicken Bowl,1,Regular,,,$12.00,$0.00,$12.00,$0.99,TXN100774,PAY500774,Counter iPad 1,,,Payment,Bluebird Bowl Co. - Main St,To Go,,,,ea,1,Physical Item,,Square Point of Sale,tok00774
2026-09-21,14:02:36,Central Time (US & Canada),Bowls,Chicken Bowl,2,Regular,,,$24.00,$0.00,$24.00,$1.98,TXN100775,PAY500775,Counter iPad 1,,,Payment,Bluebird Bowl Co. - Main St,To Go,,,,ea,2,Physical Item,,Square Point of Sale,tok00775
2026-09-21,14:12:39,Central Time (US & Canada),Plates,Salmon Plate,2,Regular,,,$38.00,$0.00,$38.00,$3.14,TXN100776,PAY500776,Counter iPad 1,,,Payment,Bluebird Bowl Co. - Main St,To Go,,Test Customer A,,ea,2,Physical Item,,Square Point of Sale,tok00776
2026-09-21,14:16:38,Central Time (US & Canada),Bowls,Veggie Bowl,1,Regular,,,$13.50,$0.00,$13.50,$1.11,TXN100777,PAY500777,Counter iPad 1,,,Payment,Bluebird Bowl Co. - Main St,To Go,,,,ea,1,Physical Item,,Square Point of Sale,tok00777
2026-09-21,14:47:09,Central Time (US & Canada),Beverages,Fountain Drink,1,Regular,,,$2.75,$0.00,$2.75,$0.23,TXN100778,PAY500778,Counter iPad 1,,,Payment,Bluebird Bowl Co. - Main St,For Here,,,,ea,1,Physical Item,,Square Point of Sale,tok00778
2026-09-21,15:16:52,Central Time (US & Canada),Beverages,Fountain Drink,1,Regular,,,$2.75,$0.00,$2.75,$0.23,TXN100779,PAY500779,Counter iPad 1,,,Payment,Bluebird Bowl Co. - Main St,To Go,,,,ea,1,Physical Item,,Square Point of Sale,tok00779
2026-09-21,15:20:58,Central Time (US & Canada),Plates,Salmon Plate,1,Regular,,,$19.00,$0.00,$19.00,$1.57,TXN100780,PAY500780,Counter iPad 1,,,Payment,Bluebird Bowl Co. - Main St,For Here,,,,ea,1,Physical Item,,Square Point of Sale,tok00780
2026-09-21,16:03:01,Central Time (US & Canada),Bowls,Chicken Bowl,2,Regular,,,$24.00,$0.00,$24.00,$1.98,TXN100781,PAY500781,Counter iPad 1,,,Payment,Bluebird Bowl Co. - Main St,For Here,,,,ea,2,Physical Item,,Square Point of Sale,tok00781
2026-09-21,17:10:56,Central Time (US & Canada),Beverages,Fountain Drink,1,Regular,,,$2.75,$0.00,$2.75,$0.23,TXN100782,PAY500782,Counter iPad 1,,,Payment,Bluebird Bowl Co. - Main St,For Here,,,,ea,1,Physical Item,,Square Point of Sale,tok00782
2026-09-21,17:13:29,Central Time (US & Canada),Plates,Salmon Plate,1,Regular,,,$19.00,$0.00,$19.00,$1.57,TXN100783,PAY500783,Counter iPad 1,,,Payment,Bluebird Bowl Co. - Main St,For Here,,,,ea,1,Physical Item,,Square Point of Sale,tok00783
2026-09-21,17:32:18,Central Time (US & Canada),Bowls,Chicken Bowl,1,Regular,,,$12.00,$0.00,$12.00,$0.99,TXN100784,PAY500784,Counter iPad 1,,,Payment,Bluebird Bowl Co. - Main St,For Here,,,,ea,1,Physical Item,,Square Point of Sale,tok00784
2026-09-21,17:38:41,Central Time (US & Canada),Bowls,Steak Bowl,1,Regular,,,$16.00,$0.00,$16.00,$1.32,TXN100785,PAY500785,Counter iPad 1,,,Payment,Bluebird Bowl Co. - Main St,For Here,,,,ea,1,Physical Item,,Square Point of Sale,tok00785
2026-09-21,17:43:31,Central Time (US & Canada),Bowls,Steak Bowl,1,Regular,,,$16.00,$0.00,$16.00,$1.32,TXN100786,PAY500786,Counter iPad 1,,,Payment,Bluebird Bowl Co. - Main St,To Go,,,,ea,1,Physical Item,,Square Point of Sale,tok00786
2026-09-21,17:54:47,Central Time (US & Canada),Bowls,Chicken Bowl,1,Regular,,,$12.00,$0.00,$12.00,$0.99,TXN100787,PAY500787,Counter iPad 1,,,Payment,Bluebird Bowl Co. - Main St,To Go,,,,ea,1,Physical Item,,Square Point of Sale,tok00787
2026-09-21,18:17:20,Central Time (US & Canada),Bowls,Chicken Bowl,1,Regular,,,$12.00,$0.00,$12.00,$0.99,TXN100788,PAY500788,Counter iPad 1,,,Payment,Bluebird Bowl Co. - Main St,For Here,,,,ea,1,Physical Item,,Square Point of Sale,tok00788
2026-09-21,18:20:15,Central Time (US & Canada),Bowls,Chicken Bowl,1,Regular,,,$12.00,$0.00,$12.00,$0.99,TXN100789,PAY500789,Counter iPad 1,,,Payment,Bluebird Bowl Co. - Main St,To Go,,,,ea,1,Physical Item,,Square Point of Sale,tok00789
2026-09-21,18:39:17,Central Time (US & Canada),Kids,Kids Plate,1,Regular,,,$7.00,$0.00,$7.00,$0.58,TXN100790,PAY500790,Counter iPad 1,,,Payment,Bluebird Bowl Co. - Main St,For Here,,,,ea,1,Physical Item,,Square Point of Sale,tok00790
2026-09-21,18:46:44,Central Time (US & Canada),Bowls,Steak Bowl,2,Regular,,,$32.00,$0.00,$32.00,$2.64,TXN100791,PAY500791,Counter iPad 1,,,Payment,Bluebird Bowl Co. - Main St,For Here,,,,ea,2,Physical Item,,Square Point of Sale,tok00791
2026-09-21,19:11:18,Central Time (US & Canada),Bowls,Chicken Bowl,1,Regular,,,$12.00,$0.00,$12.00,$0.99,TXN100792,PAY500792,Counter iPad 1,,,Payment,Bluebird Bowl Co. - Main St,For Here,,,,ea,1,Physical Item,,Square Point of Sale,tok00792
2026-09-21,19:12:46,Central Time (US & Canada),Plates,Salmon Plate,1,Regular,,,$19.00,$0.00,$19.00,$1.57,TXN100793,PAY500793,Counter iPad 1,,,Payment,Bluebird Bowl Co. - Main St,For Here,,,,ea,1,Physical Item,,Square Point of Sale,tok00793
2026-09-21,19:27:34,Central Time (US & Canada),Bowls,Chicken Bowl,1,Regular,,,$12.00,$0.00,$12.00,$0.99,TXN100794,PAY500794,Counter iPad 1,,,Payment,Bluebird Bowl Co. - Main St,For Here,,,,ea,1,Physical Item,,Square Point of Sale,tok00794
2026-09-21,19:44:17,Central Time (US & Canada),Kids,Kids Plate,2,Regular,,,$14.00,$0.00,$14.00,$1.16,TXN100795,PAY500795,Counter iPad 1,,,Payment,Bluebird Bowl Co. - Main St,To Go,,,,ea,2,Physical Item,,Square Point of Sale,tok00795
2026-09-21,19:50:01,Central Time (US & Canada),Bowls,Steak Bowl,1,Regular,,,$16.00,$0.00,$16.00,$1.32,TXN100796,PAY500796,Counter iPad 1,,,Payment,Bluebird Bowl Co. - Main St,For Here,,,,ea,1,Physical Item,,Square Point of Sale,tok00796
2026-09-21,20:00:39,Central Time (US & Canada),Bowls,Chicken Bowl,1,Regular,,,$12.00,$0.00,$12.00,$0.99,TXN100797,PAY500797,Counter iPad 1,,,Payment,Bluebird Bowl Co. - Main St,To Go,,,,ea,1,Physical Item,,Square Point of Sale,tok00797
2026-09-21,20:10:23,Central Time (US & Canada),Plates,Salmon Plate,1,Regular,,,$19.00,$0.00,$19.00,$1.57,TXN100798,PAY500798,Counter iPad 1,,,Payment,Bluebird Bowl Co. - Main St,To Go,,,,ea,1,Physical Item,,Square Point of Sale,tok00798
2026-09-21,20:33:10,Central Time (US & Canada),Bowls,Chicken Bowl,1,Regular,,Extra Avocado,$12.00,$0.00,$12.00,$0.99,TXN100799,PAY500799,Counter iPad 1,,,Payment,Bluebird Bowl Co. - Main St,To Go,,,,ea,1,Physical Item,,Square Point of Sale,tok00799
2026-09-22,11:16:35,Central Time (US & Canada),Bowls,Steak Bowl,2,Regular,,,$32.00,$0.00,$32.00,$2.64,TXN100800,PAY500800,Counter iPad 1,,,Payment,Bluebird Bowl Co. - Main St,To Go,,,,ea,2,Physical Item,,Square Point of Sale,tok00800
2026-09-22,11:35:26,Central Time (US & Canada),Plates,Salmon Plate,1,Regular,,,$19.00,$0.00,$19.00,$1.57,TXN100801,PAY500801,Counter iPad 1,,,Payment,Bluebird Bowl Co. - Main St,To Go,,,,ea,1,Physical Item,,Square Point of Sale,tok00801
2026-09-22,12:05:24,Central Time (US & Canada),Kids,Kids Plate,1,Regular,,,$7.00,$0.00,$7.00,$0.58,TXN100802,PAY500802,Counter iPad 1,,,Payment,Bluebird Bowl Co. - Main St,To Go,,,,ea,1,Physical Item,,Square Point of Sale,tok00802
2026-09-22,12:12:01,Central Time (US & Canada),Bowls,Chicken Bowl,2,Regular,,,$24.00,$0.00,$24.00,$1.98,TXN100803,PAY500803,Counter iPad 1,,,Payment,Bluebird Bowl Co. - Main St,For Here,,,,ea,2,Physical Item,,Square Point of Sale,tok00803
2026-09-22,12:12:28,Central Time (US & Canada),Beverages,Fountain Drink,1,Regular,,,$2.75,$0.00,$2.75,$0.23,TXN100804,PAY500804,Counter iPad 1,,,Payment,Bluebird Bowl Co. - Main St,To Go,,,,ea,1,Physical Item,,Square Point of Sale,tok00804
2026-09-22,12:23:52,Central Time (US & Canada),Bowls,Chicken Bowl,1,Regular,,,$12.00,$0.00,$12.00,$0.99,TXN100805,PAY500805,Counter iPad 1,,,Payment,Bluebird Bowl Co. - Main St,For Here,,,,ea,1,Physical Item,,Square Point of Sale,tok00805
2026-09-22,12:30:08,Central Time (US & Canada),Bowls,Steak Bowl,1,Regular,,,$16.00,$0.00,$16.00,$1.32,TXN100806,PAY500806,Counter iPad 1,,,Payment,Bluebird Bowl Co. - Main St,For Here,,,,ea,1,Physical Item,,Square Point of Sale,tok00806
2026-09-22,12:30:54,Central Time (US & Canada),Bowls,Steak Bowl,1,Regular,,,$16.00,$0.00,$16.00,$1.32,TXN100807,PAY500807,Counter iPad 1,,,Payment,Bluebird Bowl Co. - Main St,For Here,,,,ea,1,Physical Item,,Square Point of Sale,tok00807
2026-09-22,12:42:33,Central Time (US & Canada),Bowls,Chicken Bowl,1,Regular,,,$12.00,$0.00,$12.00,$0.99,TXN100808,PAY500808,Counter iPad 1,,,Payment,Bluebird Bowl Co. - Main St,To Go,,,,ea,1,Physical Item,,Square Point of Sale,tok00808
2026-09-22,12:49:51,Central Time (US & Canada),Bowls,Chicken Bowl,1,Regular,,,$12.00,$0.00,$12.00,$0.99,TXN100809,PAY500809,Counter iPad 1,,,Payment,Bluebird Bowl Co. - Main St,To Go,,,,ea,1,Physical Item,,Square Point of Sale,tok00809
2026-09-22,13:01:25,Central Time (US & Canada),Beverages,Fountain Drink,1,Regular,,,$2.75,$0.00,$2.75,$0.23,TXN100810,PAY500810,Counter iPad 1,,,Payment,Bluebird Bowl Co. - Main St,For Here,,,,ea,1,Physical Item,,Square Point of Sale,tok00810
2026-09-22,13:06:39,Central Time (US & Canada),Bowls,Steak Bowl,1,Regular,,,$16.00,$0.00,$16.00,$1.32,TXN100811,PAY500811,Counter iPad 1,,,Payment,Bluebird Bowl Co. - Main St,To Go,,,,ea,1,Physical Item,,Square Point of Sale,tok00811
2026-09-22,13:16:49,Central Time (US & Canada),Beverages,Fountain Drink,1,Regular,,,$2.75,$0.00,$2.75,$0.23,TXN100812,PAY500812,Counter iPad 1,,,Payment,Bluebird Bowl Co. - Main St,For Here,,,,ea,1,Physical Item,,Square Point of Sale,tok00812
2026-09-22,13:28:22,Central Time (US & Canada),Plates,Salmon Plate,1,Regular,,,$19.00,$0.00,$19.00,$1.57,TXN100813,PAY500813,Counter iPad 1,,,Payment,Bluebird Bowl Co. - Main St,For Here,,,,ea,1,Physical Item,,Square Point of Sale,tok00813
2026-09-22,13:37:45,Central Time (US & Canada),Beverages,Fountain Drink,1,Regular,,,$2.75,$0.00,$2.75,$0.23,TXN100814,PAY500814,Counter iPad 1,,,Payment,Bluebird Bowl Co. - Main St,To Go,,,,ea,1,Physical Item,,Square Point of Sale,tok00814
2026-09-22,13:40:19,Central Time (US & Canada),Bowls,Chicken Bowl,1,Regular,,,$12.00,$0.00,$12.00,$0.99,TXN100815,PAY500815,Counter iPad 1,,,Payment,Bluebird Bowl Co. - Main St,To Go,,,,ea,1,Physical Item,,Square Point of Sale,tok00815
2026-09-22,14:45:21,Central Time (US & Canada),Bowls,Chicken Bowl,1,Regular,,Extra Avocado,$12.00,$0.00,$12.00,$0.99,TXN100816,PAY500816,Counter iPad 1,,,Payment,Bluebird Bowl Co. - Main St,For Here,,,,ea,1,Physical Item,,Square Point of Sale,tok00816
2026-09-22,15:06:13,Central Time (US & Canada),Kids,Kids Plate,1,Regular,,,$7.00,$0.00,$7.00,$0.58,TXN100817,PAY500817,Counter iPad 1,,,Payment,Bluebird Bowl Co. - Main St,For Here,,,,ea,1,Physical Item,,Square Point of Sale,tok00817
2026-09-22,15:21:35,Central Time (US & Canada),Plates,Salmon Plate,1,Regular,,,$19.00,$0.00,$19.00,$1.57,TXN100818,PAY500818,Counter iPad 1,,,Payment,Bluebird Bowl Co. - Main St,For Here,,,,ea,1,Physical Item,,Square Point of Sale,tok00818
2026-09-22,15:45:45,Central Time (US & Canada),Plates,Salmon Plate,2,Regular,,,$38.00,$0.00,$38.00,$3.14,TXN100819,PAY500819,Counter iPad 1,,,Payment,Bluebird Bowl Co. - Main St,To Go,,,,ea,2,Physical Item,,Square Point of Sale,tok00819
2026-09-22,16:00:57,Central Time (US & Canada),Plates,Salmon Plate,2,Regular,,,$38.00,$0.00,$38.00,$3.14,TXN100820,PAY500820,Counter iPad 1,,,Payment,Bluebird Bowl Co. - Main St,To Go,,,,ea,2,Physical Item,,Square Point of Sale,tok00820
2026-09-22,16:03:06,Central Time (US & Canada),Bowls,Chicken Bowl,1,Regular,,,$12.00,$0.00,$12.00,$0.99,TXN100821,PAY500821,Counter iPad 1,,,Payment,Bluebird Bowl Co. - Main St,For Here,,,,ea,1,Physical Item,,Square Point of Sale,tok00821
2026-09-22,16:17:03,Central Time (US & Canada),Plates,Salmon Plate,2,Regular,,,$38.00,$0.00,$38.00,$3.14,TXN100822,PAY500822,Counter iPad 1,,,Payment,Bluebird Bowl Co. - Main St,For Here,,,,ea,2,Physical Item,,Square Point of Sale,tok00822
2026-09-22,16:50:18,Central Time (US & Canada),Bowls,Steak Bowl,1,Regular,,,$16.00,$0.00,$16.00,$1.32,TXN100823,PAY500823,Counter iPad 1,,,Payment,Bluebird Bowl Co. - Main St,For Here,,,,ea,1,Physical Item,,Square Point of Sale,tok00823
2026-09-22,17:10:08,Central Time (US & Canada),Beverages,Fountain Drink,1,Regular,,,$2.75,$0.00,$2.75,$0.23,TXN100824,PAY500824,Counter iPad 1,,,Payment,Bluebird Bowl Co. - Main St,To Go,,,,ea,1,Physical Item,,Square Point of Sale,tok00824
2026-09-22,17:31:56,Central Time (US & Canada),Bowls,Chicken Bowl,2,Regular,,,$24.00,$0.00,$24.00,$1.98,TXN100825,PAY500825,Counter iPad 1,,,Payment,Bluebird Bowl Co. - Main St,For Here,,,,ea,2,Physical Item,,Square Point of Sale,tok00825
2026-09-22,17:38:08,Central Time (US & Canada),Plates,Salmon Plate,1,Regular,,,$19.00,$0.00,$19.00,$1.57,TXN100826,PAY500826,Counter iPad 1,,,Payment,Bluebird Bowl Co. - Main St,For Here,,,,ea,1,Physical Item,,Square Point of Sale,tok00826
2026-09-22,17:50:45,Central Time (US & Canada),Bowls,Chicken Bowl,1,Regular,,,$12.00,$0.00,$12.00,$0.99,TXN100827,PAY500827,Counter iPad 1,,,Payment,Bluebird Bowl Co. - Main St,To Go,,,,ea,1,Physical Item,,Square Point of Sale,tok00827
2026-09-22,17:52:14,Central Time (US & Canada),Bowls,Chicken Bowl,2,Regular,,,$24.00,$0.00,$24.00,$1.98,TXN100828,PAY500828,Counter iPad 1,,,Payment,Bluebird Bowl Co. - Main St,To Go,,,,ea,2,Physical Item,,Square Point of Sale,tok00828
2026-09-22,18:20:04,Central Time (US & Canada),Plates,Salmon Plate,1,Regular,,,$19.00,$0.00,$19.00,$1.57,TXN100829,PAY500829,Counter iPad 1,,,Payment,Bluebird Bowl Co. - Main St,To Go,,,,ea,1,Physical Item,,Square Point of Sale,tok00829
2026-09-22,19:16:52,Central Time (US & Canada),Plates,Salmon Plate,2,Regular,,,$38.00,$0.00,$38.00,$3.14,TXN100830,PAY500830,Counter iPad 1,,,Payment,Bluebird Bowl Co. - Main St,To Go,,,,ea,2,Physical Item,,Square Point of Sale,tok00830
2026-09-22,19:49:26,Central Time (US & Canada),Bowls,Chicken Bowl,2,Regular,,,$24.00,$0.00,$24.00,$1.98,TXN100831,PAY500831,Counter iPad 1,,,Payment,Bluebird Bowl Co. - Main St,For Here,,,,ea,2,Physical Item,,Square Point of Sale,tok00831
2026-09-22,19:57:32,Central Time (US & Canada),Bowls,Chicken Bowl,1,Regular,,,$12.00,$0.00,$12.00,$0.99,TXN100832,PAY500832,Counter iPad 1,,,Payment,Bluebird Bowl Co. - Main St,For Here,,,,ea,1,Physical Item,,Square Point of Sale,tok00832
2026-09-23,12:19:50,Central Time (US & Canada),Bowls,Chicken Bowl,1,Regular,,Extra Avocado,$12.00,$0.00,$12.00,$0.99,TXN100833,PAY500833,Counter iPad 1,,,Payment,Bluebird Bowl Co. - Main St,For Here,,,,ea,1,Physical Item,,Square Point of Sale,tok00833
2026-09-23,12:48:26,Central Time (US & Canada),Bowls,Veggie Bowl,2,Regular,,,$27.00,$0.00,$27.00,$2.23,TXN100834,PAY500834,Counter iPad 1,,,Payment,Bluebird Bowl Co. - Main St,To Go,,,,ea,2,Physical Item,,Square Point of Sale,tok00834
2026-09-23,12:57:36,Central Time (US & Canada),Plates,Salmon Plate,1,Regular,,,$19.00,$0.00,$19.00,$1.57,TXN100835,PAY500835,Counter iPad 1,,,Payment,Bluebird Bowl Co. - Main St,To Go,,,,ea,1,Physical Item,,Square Point of Sale,tok00835
2026-09-23,13:49:07,Central Time (US & Canada),Beverages,Fountain Drink,2,Regular,,,$5.50,$0.00,$5.50,$0.45,TXN100836,PAY500836,Counter iPad 1,,,Payment,Bluebird Bowl Co. - Main St,To Go,,,,ea,2,Physical Item,,Square Point of Sale,tok00836
2026-09-23,14:13:51,Central Time (US & Canada),Bowls,Chicken Bowl,1,Regular,,,$12.00,$0.00,$12.00,$0.99,TXN100837,PAY500837,Counter iPad 1,,,Payment,Bluebird Bowl Co. - Main St,For Here,,,,ea,1,Physical Item,,Square Point of Sale,tok00837
2026-09-23,14:16:42,Central Time (US & Canada),Bowls,Veggie Bowl,2,Regular,,,$27.00,$0.00,$27.00,$2.23,TXN100838,PAY500838,Counter iPad 1,,,Payment,Bluebird Bowl Co. - Main St,To Go,,,,ea,2,Physical Item,,Square Point of Sale,tok00838
2026-09-23,14:29:22,Central Time (US & Canada),Plates,Salmon Plate,1,Regular,,,$19.00,$0.00,$19.00,$1.57,TXN100839,PAY500839,Counter iPad 1,,,Payment,Bluebird Bowl Co. - Main St,For Here,,,,ea,1,Physical Item,,Square Point of Sale,tok00839
2026-09-23,14:36:34,Central Time (US & Canada),Bowls,Steak Bowl,1,Regular,,,$16.00,$0.00,$16.00,$1.32,TXN100840,PAY500840,Counter iPad 1,,,Payment,Bluebird Bowl Co. - Main St,For Here,,,,ea,1,Physical Item,,Square Point of Sale,tok00840
2026-09-23,14:40:47,Central Time (US & Canada),Bowls,Steak Bowl,1,Regular,,,$16.00,$0.00,$16.00,$1.32,TXN100841,PAY500841,Counter iPad 1,,,Payment,Bluebird Bowl Co. - Main St,For Here,,,,ea,1,Physical Item,,Square Point of Sale,tok00841
2026-09-23,14:58:52,Central Time (US & Canada),Bowls,Chicken Bowl,2,Regular,,,$24.00,$0.00,$24.00,$1.98,TXN100842,PAY500842,Counter iPad 1,,,Payment,Bluebird Bowl Co. - Main St,For Here,,,,ea,2,Physical Item,,Square Point of Sale,tok00842
2026-09-23,15:02:51,Central Time (US & Canada),Plates,Salmon Plate,2,Regular,,,$38.00,$0.00,$38.00,$3.14,TXN100843,PAY500843,Counter iPad 1,,,Payment,Bluebird Bowl Co. - Main St,To Go,,,,ea,2,Physical Item,,Square Point of Sale,tok00843
2026-09-23,15:19:17,Central Time (US & Canada),Plates,Salmon Plate,1,Regular,,,$19.00,$0.00,$19.00,$1.57,TXN100844,PAY500844,Counter iPad 1,,,Payment,Bluebird Bowl Co. - Main St,To Go,,,,ea,1,Physical Item,,Square Point of Sale,tok00844
2026-09-23,15:27:57,Central Time (US & Canada),Bowls,Chicken Bowl,1,Regular,,,$12.00,$0.00,$12.00,$0.99,TXN100845,PAY500845,Counter iPad 1,,,Payment,Bluebird Bowl Co. - Main St,For Here,,,,ea,1,Physical Item,,Square Point of Sale,tok00845
2026-09-23,15:39:38,Central Time (US & Canada),Plates,Salmon Plate,1,Regular,,,$19.00,$0.00,$19.00,$1.57,TXN100846,PAY500846,Counter iPad 1,,,Payment,Bluebird Bowl Co. - Main St,For Here,,,,ea,1,Physical Item,,Square Point of Sale,tok00846
2026-09-23,15:46:51,Central Time (US & Canada),Bowls,Chicken Bowl,1,Regular,,,$12.00,$0.00,$12.00,$0.99,TXN100847,PAY500847,Counter iPad 1,,,Payment,Bluebird Bowl Co. - Main St,To Go,,,,ea,1,Physical Item,,Square Point of Sale,tok00847
2026-09-23,16:11:07,Central Time (US & Canada),Plates,Salmon Plate,1,Regular,,,$19.00,$0.00,$19.00,$1.57,TXN100848,PAY500848,Counter iPad 1,,,Payment,Bluebird Bowl Co. - Main St,For Here,,,,ea,1,Physical Item,,Square Point of Sale,tok00848
2026-09-23,16:17:50,Central Time (US & Canada),Bowls,Chicken Bowl,2,Regular,,,$24.00,$0.00,$24.00,$1.98,TXN100849,PAY500849,Counter iPad 1,,,Payment,Bluebird Bowl Co. - Main St,To Go,,,,ea,2,Physical Item,,Square Point of Sale,tok00849
2026-09-23,16:30:34,Central Time (US & Canada),Bowls,Chicken Bowl,1,Regular,,Extra Avocado,$12.00,$0.00,$12.00,$0.99,TXN100850,PAY500850,Counter iPad 1,,,Payment,Bluebird Bowl Co. - Main St,For Here,,,,ea,1,Physical Item,,Square Point of Sale,tok00850
2026-09-23,16:48:53,Central Time (US & Canada),Bowls,Chicken Bowl,1,Regular,,,$12.00,$0.00,$12.00,$0.99,TXN100851,PAY500851,Counter iPad 1,,,Payment,Bluebird Bowl Co. - Main St,For Here,,,,ea,1,Physical Item,,Square Point of Sale,tok00851
2026-09-23,17:14:53,Central Time (US & Canada),Bowls,Veggie Bowl,2,Regular,,,$27.00,$0.00,$27.00,$2.23,TXN100852,PAY500852,Counter iPad 1,,,Payment,Bluebird Bowl Co. - Main St,For Here,,,,ea,2,Physical Item,,Square Point of Sale,tok00852
2026-09-23,17:22:34,Central Time (US & Canada),Bowls,Veggie Bowl,1,Regular,,,$13.50,$0.00,$13.50,$1.11,TXN100853,PAY500853,Counter iPad 1,,,Payment,Bluebird Bowl Co. - Main St,To Go,,,,ea,1,Physical Item,,Square Point of Sale,tok00853
2026-09-23,17:35:33,Central Time (US & Canada),Plates,Salmon Plate,1,Regular,,,$19.00,$0.00,$19.00,$1.57,TXN100854,PAY500854,Counter iPad 1,,,Payment,Bluebird Bowl Co. - Main St,For Here,,,,ea,1,Physical Item,,Square Point of Sale,tok00854
2026-09-23,17:44:25,Central Time (US & Canada),Kids,Kids Plate,2,Regular,,,$14.00,$0.00,$14.00,$1.16,TXN100855,PAY500855,Counter iPad 1,,,Payment,Bluebird Bowl Co. - Main St,To Go,,,,ea,2,Physical Item,,Square Point of Sale,tok00855
2026-09-23,18:20:26,Central Time (US & Canada),Bowls,Veggie Bowl,1,Regular,,,$13.50,$0.00,$13.50,$1.11,TXN100856,PAY500856,Counter iPad 1,,,Payment,Bluebird Bowl Co. - Main St,For Here,,,,ea,1,Physical Item,,Square Point of Sale,tok00856
2026-09-23,18:35:47,Central Time (US & Canada),Bowls,Chicken Bowl,2,Regular,,,$24.00,$0.00,$24.00,$1.98,TXN100857,PAY500857,Counter iPad 1,,,Payment,Bluebird Bowl Co. - Main St,For Here,,,,ea,2,Physical Item,,Square Point of Sale,tok00857
2026-09-23,19:14:35,Central Time (US & Canada),Beverages,Fountain Drink,1,Regular,,,$2.75,$0.00,$2.75,$0.23,TXN100858,PAY500858,Counter iPad 1,,,Payment,Bluebird Bowl Co. - Main St,For Here,,,,ea,1,Physical Item,,Square Point of Sale,tok00858
2026-09-23,19:15:26,Central Time (US & Canada),Bowls,Steak Bowl,2,Regular,,,$32.00,$0.00,$32.00,$2.64,TXN100859,PAY500859,Counter iPad 1,,,Payment,Bluebird Bowl Co. - Main St,To Go,,,,ea,2,Physical Item,,Square Point of Sale,tok00859
2026-09-23,19:25:35,Central Time (US & Canada),Bowls,Chicken Bowl,1,Regular,,,$12.00,$0.00,$12.00,$0.99,TXN100860,PAY500860,Counter iPad 1,,,Payment,Bluebird Bowl Co. - Main St,For Here,,,,ea,1,Physical Item,,Square Point of Sale,tok00860
2026-09-23,20:08:36,Central Time (US & Canada),Bowls,Chicken Bowl,1,Regular,,,$12.00,$0.00,$12.00,$0.99,TXN100861,PAY500861,Counter iPad 1,,,Payment,Bluebird Bowl Co. - Main St,To Go,,,,ea,1,Physical Item,,Square Point of Sale,tok00861
2026-09-23,20:15:15,Central Time (US & Canada),Bowls,Chicken Bowl,1,Regular,,,$12.00,$0.00,$12.00,$0.99,TXN100862,PAY500862,Counter iPad 1,,,Payment,Bluebird Bowl Co. - Main St,For Here,,,,ea,1,Physical Item,,Square Point of Sale,tok00862
2026-09-23,20:24:27,Central Time (US & Canada),Plates,Salmon Plate,1,Regular,,,$19.00,$0.00,$19.00,$1.57,TXN100863,PAY500863,Counter iPad 1,,,Payment,Bluebird Bowl Co. - Main St,For Here,,,,ea,1,Physical Item,,Square Point of Sale,tok00863
2026-09-23,20:37:46,Central Time (US & Canada),Kids,Kids Plate,2,Regular,,,$14.00,$0.00,$14.00,$1.16,TXN100864,PAY500864,Counter iPad 1,,,Payment,Bluebird Bowl Co. - Main St,To Go,,,,ea,2,Physical Item,,Square Point of Sale,tok00864
2026-09-23,20:43:48,Central Time (US & Canada),Beverages,Fountain Drink,1,Regular,,,$2.75,$0.00,$2.75,$0.23,TXN100865,PAY500865,Counter iPad 1,,,Payment,Bluebird Bowl Co. - Main St,For Here,,,,ea,1,Physical Item,,Square Point of Sale,tok00865
2026-09-24,11:42:57,Central Time (US & Canada),Beverages,Fountain Drink,1,Regular,,,$2.75,$0.00,$2.75,$0.23,TXN100866,PAY500866,Counter iPad 1,,,Payment,Bluebird Bowl Co. - Main St,For Here,,,,ea,1,Physical Item,,Square Point of Sale,tok00866
2026-09-24,11:59:40,Central Time (US & Canada),Beverages,Fountain Drink,1,Regular,,,$2.75,$0.00,$2.75,$0.23,TXN100867,PAY500867,Counter iPad 1,,,Payment,Bluebird Bowl Co. - Main St,For Here,,,,ea,1,Physical Item,,Square Point of Sale,tok00867
2026-09-24,12:01:54,Central Time (US & Canada),Bowls,Chicken Bowl,1,Regular,,,$12.00,$0.00,$12.00,$0.99,TXN100868,PAY500868,Counter iPad 1,,,Payment,Bluebird Bowl Co. - Main St,To Go,,,,ea,1,Physical Item,,Square Point of Sale,tok00868
2026-09-24,12:14:47,Central Time (US & Canada),Beverages,Fountain Drink,2,Regular,,,$5.50,$0.00,$5.50,$0.45,TXN100869,PAY500869,Counter iPad 1,,,Payment,Bluebird Bowl Co. - Main St,For Here,,,,ea,2,Physical Item,,Square Point of Sale,tok00869
2026-09-24,12:21:38,Central Time (US & Canada),Bowls,Steak Bowl,1,Regular,,,$16.00,$0.00,$16.00,$1.32,TXN100870,PAY500870,Counter iPad 1,,,Payment,Bluebird Bowl Co. - Main St,To Go,,,,ea,1,Physical Item,,Square Point of Sale,tok00870
2026-09-24,12:40:34,Central Time (US & Canada),Kids,Kids Plate,2,Regular,,,$14.00,$0.00,$14.00,$1.16,TXN100871,PAY500871,Counter iPad 1,,,Payment,Bluebird Bowl Co. - Main St,To Go,,,,ea,2,Physical Item,,Square Point of Sale,tok00871
2026-09-24,13:10:20,Central Time (US & Canada),Plates,Salmon Plate,2,Regular,,,$38.00,$0.00,$38.00,$3.14,TXN100872,PAY500872,Counter iPad 1,,,Payment,Bluebird Bowl Co. - Main St,To Go,,,,ea,2,Physical Item,,Square Point of Sale,tok00872
2026-09-24,13:17:12,Central Time (US & Canada),Plates,Salmon Plate,1,Regular,,,$19.00,$0.00,$19.00,$1.57,TXN100873,PAY500873,Counter iPad 1,,,Payment,Bluebird Bowl Co. - Main St,For Here,,Test Customer A,,ea,1,Physical Item,,Square Point of Sale,tok00873
2026-09-24,13:24:15,Central Time (US & Canada),Bowls,Steak Bowl,1,Regular,,,$16.00,$0.00,$16.00,$1.32,TXN100874,PAY500874,Counter iPad 1,,,Payment,Bluebird Bowl Co. - Main St,For Here,,,,ea,1,Physical Item,,Square Point of Sale,tok00874
2026-09-24,13:26:44,Central Time (US & Canada),Bowls,Steak Bowl,2,Regular,,,$32.00,$0.00,$32.00,$2.64,TXN100875,PAY500875,Counter iPad 1,,,Payment,Bluebird Bowl Co. - Main St,To Go,,,,ea,2,Physical Item,,Square Point of Sale,tok00875
2026-09-24,13:26:53,Central Time (US & Canada),Bowls,Steak Bowl,2,Regular,,,$32.00,$0.00,$32.00,$2.64,TXN100876,PAY500876,Counter iPad 1,,,Payment,Bluebird Bowl Co. - Main St,To Go,,,,ea,2,Physical Item,,Square Point of Sale,tok00876
2026-09-24,13:31:40,Central Time (US & Canada),Kids,Kids Plate,2,Regular,,,$14.00,$0.00,$14.00,$1.16,TXN100877,PAY500877,Counter iPad 1,,,Payment,Bluebird Bowl Co. - Main St,For Here,,,,ea,2,Physical Item,,Square Point of Sale,tok00877
2026-09-24,13:45:27,Central Time (US & Canada),Plates,Salmon Plate,1,Regular,,,$19.00,$0.00,$19.00,$1.57,TXN100878,PAY500878,Counter iPad 1,,,Payment,Bluebird Bowl Co. - Main St,To Go,,,,ea,1,Physical Item,,Square Point of Sale,tok00878
2026-09-24,13:58:26,Central Time (US & Canada),Beverages,Fountain Drink,2,Regular,,,$5.50,$0.00,$5.50,$0.45,TXN100879,PAY500879,Counter iPad 1,,,Payment,Bluebird Bowl Co. - Main St,For Here,,,,ea,2,Physical Item,,Square Point of Sale,tok00879
2026-09-24,14:11:39,Central Time (US & Canada),Bowls,Chicken Bowl,1,Regular,,,$12.00,$0.00,$12.00,$0.99,TXN100880,PAY500880,Counter iPad 1,,,Payment,Bluebird Bowl Co. - Main St,To Go,,,,ea,1,Physical Item,,Square Point of Sale,tok00880
2026-09-24,16:54:17,Central Time (US & Canada),Beverages,Fountain Drink,1,Regular,,,$2.75,$0.00,$2.75,$0.23,TXN100881,PAY500881,Counter iPad 1,,,Payment,Bluebird Bowl Co. - Main St,To Go,,,,ea,1,Physical Item,,Square Point of Sale,tok00881
2026-09-24,17:05:23,Central Time (US & Canada),Bowls,Chicken Bowl,1,Regular,,,$12.00,$0.00,$12.00,$0.99,TXN100882,PAY500882,Counter iPad 1,,,Payment,Bluebird Bowl Co. - Main St,To Go,,,,ea,1,Physical Item,,Square Point of Sale,tok00882
2026-09-24,17:06:53,Central Time (US & Canada),Bowls,Chicken Bowl,1,Regular,,,$12.00,$0.00,$12.00,$0.99,TXN100883,PAY500883,Counter iPad 1,,,Payment,Bluebird Bowl Co. - Main St,To Go,,,,ea,1,Physical Item,,Square Point of Sale,tok00883
2026-09-24,17:18:09,Central Time (US & Canada),Bowls,Chicken Bowl,1,Regular,,Extra Avocado,$12.00,$0.00,$12.00,$0.99,TXN100884,PAY500884,Counter iPad 1,,,Payment,Bluebird Bowl Co. - Main St,For Here,,,,ea,1,Physical Item,,Square Point of Sale,tok00884
2026-09-24,17:25:29,Central Time (US & Canada),Bowls,Steak Bowl,1,Regular,,,$16.00,$0.00,$16.00,$1.32,TXN100885,PAY500885,Counter iPad 1,,,Payment,Bluebird Bowl Co. - Main St,For Here,,,,ea,1,Physical Item,,Square Point of Sale,tok00885
2026-09-24,17:25:52,Central Time (US & Canada),Beverages,Fountain Drink,1,Regular,,,$2.75,$0.00,$2.75,$0.23,TXN100886,PAY500886,Counter iPad 1,,,Payment,Bluebird Bowl Co. - Main St,To Go,,,,ea,1,Physical Item,,Square Point of Sale,tok00886
2026-09-24,17:30:31,Central Time (US & Canada),Bowls,Chicken Bowl,1,Regular,,,$12.00,$0.00,$12.00,$0.99,TXN100887,PAY500887,Counter iPad 1,,,Payment,Bluebird Bowl Co. - Main St,To Go,,,,ea,1,Physical Item,,Square Point of Sale,tok00887
2026-09-24,17:47:31,Central Time (US & Canada),Plates,Salmon Plate,2,Regular,,,$38.00,$0.00,$38.00,$3.14,TXN100888,PAY500888,Counter iPad 1,,,Payment,Bluebird Bowl Co. - Main St,To Go,,,,ea,2,Physical Item,,Square Point of Sale,tok00888
2026-09-24,17:54:22,Central Time (US & Canada),Beverages,Fountain Drink,1,Regular,,,$2.75,$0.00,$2.75,$0.23,TXN100889,PAY500889,Counter iPad 1,,,Payment,Bluebird Bowl Co. - Main St,To Go,,,,ea,1,Physical Item,,Square Point of Sale,tok00889
2026-09-24,18:03:09,Central Time (US & Canada),Bowls,Chicken Bowl,1,Regular,,,$12.00,$0.00,$12.00,$0.99,TXN100890,PAY500890,Counter iPad 1,,,Payment,Bluebird Bowl Co. - Main St,For Here,,,,ea,1,Physical Item,,Square Point of Sale,tok00890
2026-09-24,18:09:04,Central Time (US & Canada),Plates,Salmon Plate,1,Regular,,,$19.00,$0.00,$19.00,$1.57,TXN100891,PAY500891,Counter iPad 1,,,Payment,Bluebird Bowl Co. - Main St,For Here,,,,ea,1,Physical Item,,Square Point of Sale,tok00891
2026-09-24,18:22:58,Central Time (US & Canada),Bowls,Chicken Bowl,2,Regular,,,$24.00,$0.00,$24.00,$1.98,TXN100892,PAY500892,Counter iPad 1,,,Payment,Bluebird Bowl Co. - Main St,For Here,,,,ea,2,Physical Item,,Square Point of Sale,tok00892
2026-09-24,18:50:21,Central Time (US & Canada),Bowls,Chicken Bowl,1,Regular,,,$12.00,$0.00,$12.00,$0.99,TXN100893,PAY500893,Counter iPad 1,,,Payment,Bluebird Bowl Co. - Main St,To Go,,,,ea,1,Physical Item,,Square Point of Sale,tok00893
2026-09-24,19:12:01,Central Time (US & Canada),Plates,Salmon Plate,2,Regular,,,$38.00,$0.00,$38.00,$3.14,TXN100894,PAY500894,Counter iPad 1,,,Payment,Bluebird Bowl Co. - Main St,To Go,,,,ea,2,Physical Item,,Square Point of Sale,tok00894
2026-09-24,19:15:06,Central Time (US & Canada),Plates,Salmon Plate,2,Regular,,,$38.00,$0.00,$38.00,$3.14,TXN100895,PAY500895,Counter iPad 1,,,Payment,Bluebird Bowl Co. - Main St,To Go,,,,ea,2,Physical Item,,Square Point of Sale,tok00895
2026-09-24,19:48:58,Central Time (US & Canada),Bowls,Chicken Bowl,2,Regular,,,$24.00,$0.00,$24.00,$1.98,TXN100896,PAY500896,Counter iPad 1,,,Payment,Bluebird Bowl Co. - Main St,To Go,,,,ea,2,Physical Item,,Square Point of Sale,tok00896
2026-09-24,19:55:23,Central Time (US & Canada),Beverages,Fountain Drink,2,Regular,,,$5.50,$0.00,$5.50,$0.45,TXN100897,PAY500897,Counter iPad 1,,,Payment,Bluebird Bowl Co. - Main St,To Go,,,,ea,2,Physical Item,,Square Point of Sale,tok00897
2026-09-24,20:44:22,Central Time (US & Canada),Beverages,Fountain Drink,1,Regular,,,$2.75,$0.00,$2.75,$0.23,TXN100898,PAY500898,Counter iPad 1,,,Payment,Bluebird Bowl Co. - Main St,For Here,,,,ea,1,Physical Item,,Square Point of Sale,tok00898
2026-09-25,11:02:06,Central Time (US & Canada),Bowls,Chicken Bowl,1,Regular,,,$12.00,$0.00,$12.00,$0.99,TXN100899,PAY500899,Counter iPad 1,,,Payment,Bluebird Bowl Co. - Main St,To Go,,,,ea,1,Physical Item,,Square Point of Sale,tok00899
2026-09-25,11:40:46,Central Time (US & Canada),Beverages,Fountain Drink,1,Regular,,,$2.75,$0.00,$2.75,$0.23,TXN100900,PAY500900,Counter iPad 1,,,Payment,Bluebird Bowl Co. - Main St,For Here,,,,ea,1,Physical Item,,Square Point of Sale,tok00900
2026-09-25,12:02:51,Central Time (US & Canada),Bowls,Veggie Bowl,2,Regular,,Extra Avocado,$27.00,$0.00,$27.00,$2.23,TXN100901,PAY500901,Counter iPad 1,,,Payment,Bluebird Bowl Co. - Main St,For Here,,,,ea,2,Physical Item,,Square Point of Sale,tok00901
2026-09-25,12:23:45,Central Time (US & Canada),Bowls,Chicken Bowl,1,Regular,,,$12.00,$0.00,$12.00,$0.99,TXN100902,PAY500902,Counter iPad 1,,,Payment,Bluebird Bowl Co. - Main St,To Go,,,,ea,1,Physical Item,,Square Point of Sale,tok00902
2026-09-25,12:32:46,Central Time (US & Canada),Bowls,Steak Bowl,1,Regular,,,$16.00,$0.00,$16.00,$1.32,TXN100903,PAY500903,Counter iPad 1,,,Payment,Bluebird Bowl Co. - Main St,For Here,,,,ea,1,Physical Item,,Square Point of Sale,tok00903
2026-09-25,13:27:17,Central Time (US & Canada),Kids,Kids Plate,1,Regular,,,$7.00,$0.00,$7.00,$0.58,TXN100904,PAY500904,Counter iPad 1,,,Payment,Bluebird Bowl Co. - Main St,To Go,,,,ea,1,Physical Item,,Square Point of Sale,tok00904
2026-09-25,13:43:57,Central Time (US & Canada),Beverages,Fountain Drink,1,Regular,,,$2.75,$0.00,$2.75,$0.23,TXN100905,PAY500905,Counter iPad 1,,,Payment,Bluebird Bowl Co. - Main St,For Here,,,,ea,1,Physical Item,,Square Point of Sale,tok00905
2026-09-25,14:05:29,Central Time (US & Canada),Bowls,Chicken Bowl,1,Regular,,,$12.00,$0.00,$12.00,$0.99,TXN100906,PAY500906,Counter iPad 1,,,Payment,Bluebird Bowl Co. - Main St,To Go,,,,ea,1,Physical Item,,Square Point of Sale,tok00906
2026-09-25,14:21:14,Central Time (US & Canada),Bowls,Chicken Bowl,1,Regular,,,$12.00,$0.00,$12.00,$0.99,TXN100907,PAY500907,Counter iPad 1,,,Payment,Bluebird Bowl Co. - Main St,For Here,,,,ea,1,Physical Item,,Square Point of Sale,tok00907
2026-09-25,14:26:32,Central Time (US & Canada),Bowls,Chicken Bowl,2,Regular,,,$24.00,$0.00,$24.00,$1.98,TXN100908,PAY500908,Counter iPad 1,,,Payment,Bluebird Bowl Co. - Main St,To Go,,,,ea,2,Physical Item,,Square Point of Sale,tok00908
2026-09-25,15:05:02,Central Time (US & Canada),Beverages,Fountain Drink,1,Regular,,,$2.75,$0.00,$2.75,$0.23,TXN100909,PAY500909,Counter iPad 1,,,Payment,Bluebird Bowl Co. - Main St,For Here,,,,ea,1,Physical Item,,Square Point of Sale,tok00909
2026-09-25,15:05:41,Central Time (US & Canada),Bowls,Chicken Bowl,1,Regular,,,$12.00,$0.00,$12.00,$0.99,TXN100910,PAY500910,Counter iPad 1,,,Payment,Bluebird Bowl Co. - Main St,To Go,,,,ea,1,Physical Item,,Square Point of Sale,tok00910
2026-09-25,15:13:21,Central Time (US & Canada),Bowls,Chicken Bowl,1,Regular,,,$12.00,$0.00,$12.00,$0.99,TXN100911,PAY500911,Counter iPad 1,,,Payment,Bluebird Bowl Co. - Main St,To Go,,,,ea,1,Physical Item,,Square Point of Sale,tok00911
2026-09-25,15:53:24,Central Time (US & Canada),Kids,Kids Plate,1,Regular,,,$7.00,$0.00,$7.00,$0.58,TXN100912,PAY500912,Counter iPad 1,,,Payment,Bluebird Bowl Co. - Main St,To Go,,,,ea,1,Physical Item,,Square Point of Sale,tok00912
2026-09-25,16:41:06,Central Time (US & Canada),Bowls,Steak Bowl,1,Regular,,,$16.00,$0.00,$16.00,$1.32,TXN100913,PAY500913,Counter iPad 1,,,Payment,Bluebird Bowl Co. - Main St,To Go,,,,ea,1,Physical Item,,Square Point of Sale,tok00913
2026-09-25,17:04:28,Central Time (US & Canada),Beverages,Fountain Drink,1,Regular,,,$2.75,$0.00,$2.75,$0.23,TXN100914,PAY500914,Counter iPad 1,,,Payment,Bluebird Bowl Co. - Main St,For Here,,,,ea,1,Physical Item,,Square Point of Sale,tok00914
2026-09-25,17:29:36,Central Time (US & Canada),Beverages,Fountain Drink,2,Regular,,,$5.50,$0.00,$5.50,$0.45,TXN100915,PAY500915,Counter iPad 1,,,Payment,Bluebird Bowl Co. - Main St,For Here,,,,ea,2,Physical Item,,Square Point of Sale,tok00915
2026-09-25,17:52:27,Central Time (US & Canada),Bowls,Chicken Bowl,1,Regular,,,$12.00,$0.00,$12.00,$0.99,TXN100916,PAY500916,Counter iPad 1,,,Payment,Bluebird Bowl Co. - Main St,For Here,,,,ea,1,Physical Item,,Square Point of Sale,tok00916
2026-09-25,18:06:51,Central Time (US & Canada),Bowls,Veggie Bowl,2,Regular,,,$27.00,$0.00,$27.00,$2.23,TXN100917,PAY500917,Counter iPad 1,,,Payment,Bluebird Bowl Co. - Main St,For Here,,,,ea,2,Physical Item,,Square Point of Sale,tok00917
2026-09-25,18:16:13,Central Time (US & Canada),Bowls,Veggie Bowl,1,Regular,,Extra Avocado,$13.50,$0.00,$13.50,$1.11,TXN100918,PAY500918,Counter iPad 1,,,Payment,Bluebird Bowl Co. - Main St,For Here,,,,ea,1,Physical Item,,Square Point of Sale,tok00918
2026-09-25,18:50:55,Central Time (US & Canada),Bowls,Steak Bowl,1,Regular,,,$16.00,$0.00,$16.00,$1.32,TXN100919,PAY500919,Counter iPad 1,,,Payment,Bluebird Bowl Co. - Main St,For Here,,,,ea,1,Physical Item,,Square Point of Sale,tok00919
2026-09-25,19:00:02,Central Time (US & Canada),Bowls,Chicken Bowl,1,Regular,,,$12.00,$0.00,$12.00,$0.99,TXN100920,PAY500920,Counter iPad 1,,,Payment,Bluebird Bowl Co. - Main St,For Here,,,,ea,1,Physical Item,,Square Point of Sale,tok00920
2026-09-25,19:14:40,Central Time (US & Canada),Bowls,Chicken Bowl,1,Regular,,,$12.00,$0.00,$12.00,$0.99,TXN100921,PAY500921,Counter iPad 1,,,Payment,Bluebird Bowl Co. - Main St,For Here,,,,ea,1,Physical Item,,Square Point of Sale,tok00921
2026-09-25,19:28:07,Central Time (US & Canada),Bowls,Steak Bowl,1,Regular,,,$16.00,$0.00,$16.00,$1.32,TXN100922,PAY500922,Counter iPad 1,,,Payment,Bluebird Bowl Co. - Main St,For Here,,,,ea,1,Physical Item,,Square Point of Sale,tok00922
2026-09-25,19:29:58,Central Time (US & Canada),Bowls,Chicken Bowl,2,Regular,,,$24.00,$0.00,$24.00,$1.98,TXN100923,PAY500923,Counter iPad 1,,,Payment,Bluebird Bowl Co. - Main St,To Go,,,,ea,2,Physical Item,,Square Point of Sale,tok00923
2026-09-25,19:39:09,Central Time (US & Canada),Bowls,Chicken Bowl,1,Regular,,,$12.00,$0.00,$12.00,$0.99,TXN100924,PAY500924,Counter iPad 1,,,Payment,Bluebird Bowl Co. - Main St,For Here,,,,ea,1,Physical Item,,Square Point of Sale,tok00924
2026-09-25,19:44:58,Central Time (US & Canada),Beverages,Fountain Drink,1,Regular,,,$2.75,$0.00,$2.75,$0.23,TXN100925,PAY500925,Counter iPad 1,,,Payment,Bluebird Bowl Co. - Main St,For Here,,,,ea,1,Physical Item,,Square Point of Sale,tok00925
2026-09-25,19:55:23,Central Time (US & Canada),Bowls,Chicken Bowl,1,Regular,,,$12.00,$0.00,$12.00,$0.99,TXN100926,PAY500926,Counter iPad 1,,,Payment,Bluebird Bowl Co. - Main St,For Here,,,,ea,1,Physical Item,,Square Point of Sale,tok00926
2026-09-25,20:07:49,Central Time (US & Canada),Beverages,Fountain Drink,1,Regular,,,$2.75,$0.00,$2.75,$0.23,TXN100927,PAY500927,Counter iPad 1,,,Payment,Bluebird Bowl Co. - Main St,To Go,,,,ea,1,Physical Item,,Square Point of Sale,tok00927
2026-09-25,20:32:20,Central Time (US & Canada),Beverages,Fountain Drink,1,Regular,,,$2.75,$0.00,$2.75,$0.23,TXN100928,PAY500928,Counter iPad 1,,,Payment,Bluebird Bowl Co. - Main St,To Go,,,,ea,1,Physical Item,,Square Point of Sale,tok00928
2026-09-25,20:38:25,Central Time (US & Canada),Bowls,Chicken Bowl,2,Regular,,,$24.00,$0.00,$24.00,$1.98,TXN100929,PAY500929,Counter iPad 1,,,Payment,Bluebird Bowl Co. - Main St,To Go,,,,ea,2,Physical Item,,Square Point of Sale,tok00929
2026-09-25,20:40:27,Central Time (US & Canada),Bowls,Chicken Bowl,1,Regular,,,$12.00,$0.00,$12.00,$0.99,TXN100930,PAY500930,Counter iPad 1,,,Payment,Bluebird Bowl Co. - Main St,For Here,,,,ea,1,Physical Item,,Square Point of Sale,tok00930
2026-09-25,20:43:28,Central Time (US & Canada),Beverages,Fountain Drink,1,Regular,,,$2.75,$0.00,$2.75,$0.23,TXN100931,PAY500931,Counter iPad 1,,,Payment,Bluebird Bowl Co. - Main St,To Go,,,,ea,1,Physical Item,,Square Point of Sale,tok00931
2026-09-26,11:15:02,Central Time (US & Canada),Kids,Kids Plate,1,Regular,,,$7.00,$0.00,$7.00,$0.58,TXN100932,PAY500932,Counter iPad 1,,,Payment,Bluebird Bowl Co. - Main St,For Here,,,,ea,1,Physical Item,,Square Point of Sale,tok00932
2026-09-26,11:32:50,Central Time (US & Canada),Bowls,Chicken Bowl,2,Regular,,,$24.00,$0.00,$24.00,$1.98,TXN100933,PAY500933,Counter iPad 1,,,Payment,Bluebird Bowl Co. - Main St,For Here,,,,ea,2,Physical Item,,Square Point of Sale,tok00933
2026-09-26,11:50:44,Central Time (US & Canada),Beverages,Fountain Drink,1,Regular,,,$2.75,$0.00,$2.75,$0.23,TXN100934,PAY500934,Counter iPad 1,,,Payment,Bluebird Bowl Co. - Main St,For Here,,,,ea,1,Physical Item,,Square Point of Sale,tok00934
2026-09-26,12:59:28,Central Time (US & Canada),Beverages,Fountain Drink,1,Regular,,,$2.75,$0.00,$2.75,$0.23,TXN100935,PAY500935,Counter iPad 1,,,Payment,Bluebird Bowl Co. - Main St,For Here,,,,ea,1,Physical Item,,Square Point of Sale,tok00935
2026-09-26,13:07:00,Central Time (US & Canada),Bowls,Chicken Bowl,1,Regular,,,$12.00,$0.00,$12.00,$0.99,TXN100936,PAY500936,Counter iPad 1,,,Payment,Bluebird Bowl Co. - Main St,To Go,,,,ea,1,Physical Item,,Square Point of Sale,tok00936
2026-09-26,13:35:10,Central Time (US & Canada),Bowls,Chicken Bowl,2,Regular,,,$24.00,$0.00,$24.00,$1.98,TXN100937,PAY500937,Counter iPad 1,,,Payment,Bluebird Bowl Co. - Main St,For Here,,,,ea,2,Physical Item,,Square Point of Sale,tok00937
2026-09-26,13:39:08,Central Time (US & Canada),Bowls,Chicken Bowl,1,Regular,,,$12.00,$0.00,$12.00,$0.99,TXN100938,PAY500938,Counter iPad 1,,,Payment,Bluebird Bowl Co. - Main St,To Go,,,,ea,1,Physical Item,,Square Point of Sale,tok00938
2026-09-26,13:59:47,Central Time (US & Canada),Beverages,Fountain Drink,2,Regular,,,$5.50,$0.00,$5.50,$0.45,TXN100939,PAY500939,Counter iPad 1,,,Payment,Bluebird Bowl Co. - Main St,For Here,,,,ea,2,Physical Item,,Square Point of Sale,tok00939
2026-09-26,14:03:06,Central Time (US & Canada),Bowls,Veggie Bowl,1,Regular,,,$13.50,$0.00,$13.50,$1.11,TXN100940,PAY500940,Counter iPad 1,,,Payment,Bluebird Bowl Co. - Main St,To Go,,,,ea,1,Physical Item,,Square Point of Sale,tok00940
2026-09-26,14:05:57,Central Time (US & Canada),Bowls,Chicken Bowl,2,Regular,,,$24.00,$0.00,$24.00,$1.98,TXN100941,PAY500941,Counter iPad 1,,,Payment,Bluebird Bowl Co. - Main St,To Go,,,,ea,2,Physical Item,,Square Point of Sale,tok00941
2026-09-26,14:14:44,Central Time (US & Canada),Bowls,Chicken Bowl,2,Regular,,,$24.00,$0.00,$24.00,$1.98,TXN100942,PAY500942,Counter iPad 1,,,Payment,Bluebird Bowl Co. - Main St,To Go,,,,ea,2,Physical Item,,Square Point of Sale,tok00942
2026-09-26,14:44:14,Central Time (US & Canada),Bowls,Veggie Bowl,2,Regular,,,$27.00,$0.00,$27.00,$2.23,TXN100943,PAY500943,Counter iPad 1,,,Payment,Bluebird Bowl Co. - Main St,For Here,,,,ea,2,Physical Item,,Square Point of Sale,tok00943
2026-09-26,14:45:37,Central Time (US & Canada),Kids,Kids Plate,1,Regular,,,$7.00,$0.00,$7.00,$0.58,TXN100944,PAY500944,Counter iPad 1,,,Payment,Bluebird Bowl Co. - Main St,To Go,,,,ea,1,Physical Item,,Square Point of Sale,tok00944
2026-09-26,14:57:54,Central Time (US & Canada),Beverages,Fountain Drink,1,Regular,,,$2.75,$0.00,$2.75,$0.23,TXN100945,PAY500945,Counter iPad 1,,,Payment,Bluebird Bowl Co. - Main St,For Here,,,,ea,1,Physical Item,,Square Point of Sale,tok00945
2026-09-26,15:05:19,Central Time (US & Canada),Plates,Salmon Plate,1,Regular,,,$19.00,$0.00,$19.00,$1.57,TXN100946,PAY500946,Counter iPad 1,,,Payment,Bluebird Bowl Co. - Main St,For Here,,,,ea,1,Physical Item,,Square Point of Sale,tok00946
2026-09-26,16:01:40,Central Time (US & Canada),Bowls,Chicken Bowl,1,Regular,,,$12.00,$0.00,$12.00,$0.99,TXN100947,PAY500947,Counter iPad 1,,,Payment,Bluebird Bowl Co. - Main St,To Go,,,,ea,1,Physical Item,,Square Point of Sale,tok00947
2026-09-26,16:41:05,Central Time (US & Canada),Bowls,Chicken Bowl,1,Regular,,,$12.00,$0.00,$12.00,$0.99,TXN100948,PAY500948,Counter iPad 1,,,Payment,Bluebird Bowl Co. - Main St,For Here,,,,ea,1,Physical Item,,Square Point of Sale,tok00948
2026-09-26,17:17:11,Central Time (US & Canada),Beverages,Fountain Drink,1,Regular,,,$2.75,$0.00,$2.75,$0.23,TXN100949,PAY500949,Counter iPad 1,,,Payment,Bluebird Bowl Co. - Main St,For Here,,,,ea,1,Physical Item,,Square Point of Sale,tok00949
2026-09-26,17:19:30,Central Time (US & Canada),Bowls,Steak Bowl,2,Regular,,,$32.00,$0.00,$32.00,$2.64,TXN100950,PAY500950,Counter iPad 1,,,Payment,Bluebird Bowl Co. - Main St,For Here,,,,ea,2,Physical Item,,Square Point of Sale,tok00950
2026-09-26,17:36:53,Central Time (US & Canada),Plates,Salmon Plate,1,Regular,,,$19.00,$0.00,$19.00,$1.57,TXN100951,PAY500951,Counter iPad 1,,,Payment,Bluebird Bowl Co. - Main St,For Here,,,,ea,1,Physical Item,,Square Point of Sale,tok00951
2026-09-26,17:37:06,Central Time (US & Canada),Bowls,Steak Bowl,1,Regular,,Extra Avocado,$16.00,$0.00,$16.00,$1.32,TXN100952,PAY500952,Counter iPad 1,,,Payment,Bluebird Bowl Co. - Main St,For Here,,,,ea,1,Physical Item,,Square Point of Sale,tok00952
2026-09-26,17:39:49,Central Time (US & Canada),Bowls,Veggie Bowl,2,Regular,,,$27.00,$0.00,$27.00,$2.23,TXN100953,PAY500953,Counter iPad 1,,,Payment,Bluebird Bowl Co. - Main St,To Go,,,,ea,2,Physical Item,,Square Point of Sale,tok00953
2026-09-26,18:01:07,Central Time (US & Canada),Bowls,Chicken Bowl,1,Regular,,,$12.00,$0.00,$12.00,$0.99,TXN100954,PAY500954,Counter iPad 1,,,Payment,Bluebird Bowl Co. - Main St,For Here,,,,ea,1,Physical Item,,Square Point of Sale,tok00954
2026-09-26,18:19:43,Central Time (US & Canada),Plates,Salmon Plate,1,Regular,,,$19.00,$0.00,$19.00,$1.57,TXN100955,PAY500955,Counter iPad 1,,,Payment,Bluebird Bowl Co. - Main St,For Here,,,,ea,1,Physical Item,,Square Point of Sale,tok00955
2026-09-26,18:29:42,Central Time (US & Canada),Beverages,Fountain Drink,1,Regular,,,$2.75,$0.00,$2.75,$0.23,TXN100956,PAY500956,Counter iPad 1,,,Payment,Bluebird Bowl Co. - Main St,For Here,,,,ea,1,Physical Item,,Square Point of Sale,tok00956
2026-09-26,18:51:26,Central Time (US & Canada),Bowls,Chicken Bowl,1,Regular,,,$12.00,$0.00,$12.00,$0.99,TXN100957,PAY500957,Counter iPad 1,,,Payment,Bluebird Bowl Co. - Main St,For Here,,,,ea,1,Physical Item,,Square Point of Sale,tok00957
2026-09-26,18:51:36,Central Time (US & Canada),Beverages,Fountain Drink,2,Regular,,,$5.50,$0.00,$5.50,$0.45,TXN100958,PAY500958,Counter iPad 1,,,Payment,Bluebird Bowl Co. - Main St,To Go,,,,ea,2,Physical Item,,Square Point of Sale,tok00958
2026-09-26,19:20:05,Central Time (US & Canada),Beverages,Fountain Drink,1,Regular,,,$2.75,$0.00,$2.75,$0.23,TXN100959,PAY500959,Counter iPad 1,,,Payment,Bluebird Bowl Co. - Main St,For Here,,,,ea,1,Physical Item,,Square Point of Sale,tok00959
2026-09-26,19:24:11,Central Time (US & Canada),Plates,Salmon Plate,1,Regular,,,$19.00,$0.00,$19.00,$1.57,TXN100960,PAY500960,Counter iPad 1,,,Payment,Bluebird Bowl Co. - Main St,To Go,,,,ea,1,Physical Item,,Square Point of Sale,tok00960
2026-09-26,20:07:18,Central Time (US & Canada),Beverages,Fountain Drink,1,Regular,,,$2.75,$0.00,$2.75,$0.23,TXN100961,PAY500961,Counter iPad 1,,,Payment,Bluebird Bowl Co. - Main St,To Go,,,,ea,1,Physical Item,,Square Point of Sale,tok00961
2026-09-26,20:30:37,Central Time (US & Canada),Beverages,Fountain Drink,2,Regular,,,$5.50,$0.00,$5.50,$0.45,TXN100962,PAY500962,Counter iPad 1,,,Payment,Bluebird Bowl Co. - Main St,To Go,,,,ea,2,Physical Item,,Square Point of Sale,tok00962
2026-09-26,20:41:48,Central Time (US & Canada),Bowls,Chicken Bowl,1,Regular,,,$12.00,$0.00,$12.00,$0.99,TXN100963,PAY500963,Counter iPad 1,,,Payment,Bluebird Bowl Co. - Main St,For Here,,,,ea,1,Physical Item,,Square Point of Sale,tok00963
2026-09-26,20:58:30,Central Time (US & Canada),Plates,Salmon Plate,1,Regular,,,$19.00,$0.00,$19.00,$1.57,TXN100964,PAY500964,Counter iPad 1,,,Payment,Bluebird Bowl Co. - Main St,For Here,,,,ea,1,Physical Item,,Square Point of Sale,tok00964
2026-09-27,11:15:13,Central Time (US & Canada),Bowls,Steak Bowl,2,Regular,,,$32.00,$0.00,$32.00,$2.64,TXN100965,PAY500965,Counter iPad 1,,,Payment,Bluebird Bowl Co. - Main St,For Here,,,,ea,2,Physical Item,,Square Point of Sale,tok00965
2026-09-27,11:20:38,Central Time (US & Canada),Plates,Salmon Plate,1,Regular,,,$19.00,$0.00,$19.00,$1.57,TXN100966,PAY500966,Counter iPad 1,,,Payment,Bluebird Bowl Co. - Main St,To Go,,,,ea,1,Physical Item,,Square Point of Sale,tok00966
2026-09-27,11:45:08,Central Time (US & Canada),Bowls,Chicken Bowl,1,Regular,,,$12.00,$0.00,$12.00,$0.99,TXN100967,PAY500967,Counter iPad 1,,,Payment,Bluebird Bowl Co. - Main St,To Go,,,,ea,1,Physical Item,,Square Point of Sale,tok00967
2026-09-27,11:53:49,Central Time (US & Canada),Beverages,Fountain Drink,1,Regular,,,$2.75,$0.00,$2.75,$0.23,TXN100968,PAY500968,Counter iPad 1,,,Payment,Bluebird Bowl Co. - Main St,For Here,,,,ea,1,Physical Item,,Square Point of Sale,tok00968
2026-09-27,12:08:48,Central Time (US & Canada),Beverages,Fountain Drink,1,Regular,,,$2.75,$0.00,$2.75,$0.23,TXN100969,PAY500969,Counter iPad 1,,,Payment,Bluebird Bowl Co. - Main St,To Go,,,,ea,1,Physical Item,,Square Point of Sale,tok00969
2026-09-27,12:23:16,Central Time (US & Canada),Beverages,Fountain Drink,1,Regular,,,$2.75,$0.00,$2.75,$0.23,TXN100970,PAY500970,Counter iPad 1,,,Payment,Bluebird Bowl Co. - Main St,To Go,,Test Customer A,,ea,1,Physical Item,,Square Point of Sale,tok00970
2026-09-27,12:32:58,Central Time (US & Canada),Beverages,Fountain Drink,1,Regular,,,$2.75,$0.00,$2.75,$0.23,TXN100971,PAY500971,Counter iPad 1,,,Payment,Bluebird Bowl Co. - Main St,To Go,,,,ea,1,Physical Item,,Square Point of Sale,tok00971
2026-09-27,12:50:06,Central Time (US & Canada),Bowls,Veggie Bowl,2,Regular,,,$27.00,$0.00,$27.00,$2.23,TXN100972,PAY500972,Counter iPad 1,,,Payment,Bluebird Bowl Co. - Main St,To Go,,,,ea,2,Physical Item,,Square Point of Sale,tok00972
2026-09-27,13:04:19,Central Time (US & Canada),Bowls,Chicken Bowl,1,Regular,,,$12.00,$0.00,$12.00,$0.99,TXN100973,PAY500973,Counter iPad 1,,,Payment,Bluebird Bowl Co. - Main St,To Go,,,,ea,1,Physical Item,,Square Point of Sale,tok00973
2026-09-27,13:07:08,Central Time (US & Canada),Bowls,Chicken Bowl,1,Regular,,,$12.00,$0.00,$12.00,$0.99,TXN100974,PAY500974,Counter iPad 1,,,Payment,Bluebird Bowl Co. - Main St,To Go,,,,ea,1,Physical Item,,Square Point of Sale,tok00974
2026-09-27,13:28:29,Central Time (US & Canada),Beverages,Fountain Drink,1,Regular,,,$2.75,$0.00,$2.75,$0.23,TXN100975,PAY500975,Counter iPad 1,,,Payment,Bluebird Bowl Co. - Main St,To Go,,,,ea,1,Physical Item,,Square Point of Sale,tok00975
2026-09-27,14:10:28,Central Time (US & Canada),Bowls,Steak Bowl,1,Regular,,,$16.00,$0.00,$16.00,$1.32,TXN100976,PAY500976,Counter iPad 1,,,Payment,Bluebird Bowl Co. - Main St,To Go,,,,ea,1,Physical Item,,Square Point of Sale,tok00976
2026-09-27,14:22:14,Central Time (US & Canada),Bowls,Veggie Bowl,2,Regular,,,$27.00,$0.00,$27.00,$2.23,TXN100977,PAY500977,Counter iPad 1,,,Payment,Bluebird Bowl Co. - Main St,For Here,,,,ea,2,Physical Item,,Square Point of Sale,tok00977
2026-09-27,14:31:35,Central Time (US & Canada),Plates,Salmon Plate,1,Regular,,,$19.00,$0.00,$19.00,$1.57,TXN100978,PAY500978,Counter iPad 1,,,Payment,Bluebird Bowl Co. - Main St,For Here,,,,ea,1,Physical Item,,Square Point of Sale,tok00978
2026-09-27,14:33:11,Central Time (US & Canada),Bowls,Steak Bowl,1,Regular,,,$16.00,$0.00,$16.00,$1.32,TXN100979,PAY500979,Counter iPad 1,,,Payment,Bluebird Bowl Co. - Main St,To Go,,,,ea,1,Physical Item,,Square Point of Sale,tok00979
2026-09-27,14:52:13,Central Time (US & Canada),Plates,Salmon Plate,1,Regular,,,$19.00,$0.00,$19.00,$1.57,TXN100980,PAY500980,Counter iPad 1,,,Payment,Bluebird Bowl Co. - Main St,To Go,,,,ea,1,Physical Item,,Square Point of Sale,tok00980
2026-09-27,15:43:52,Central Time (US & Canada),Plates,Salmon Plate,1,Regular,,,$19.00,$0.00,$19.00,$1.57,TXN100981,PAY500981,Counter iPad 1,,,Payment,Bluebird Bowl Co. - Main St,To Go,,,,ea,1,Physical Item,,Square Point of Sale,tok00981
2026-09-27,15:50:28,Central Time (US & Canada),Bowls,Chicken Bowl,1,Regular,,,$12.00,$0.00,$12.00,$0.99,TXN100982,PAY500982,Counter iPad 1,,,Payment,Bluebird Bowl Co. - Main St,To Go,,,,ea,1,Physical Item,,Square Point of Sale,tok00982
2026-09-27,16:05:34,Central Time (US & Canada),Bowls,Chicken Bowl,1,Regular,,,$12.00,$0.00,$12.00,$0.99,TXN100983,PAY500983,Counter iPad 1,,,Payment,Bluebird Bowl Co. - Main St,To Go,,,,ea,1,Physical Item,,Square Point of Sale,tok00983
2026-09-27,16:19:08,Central Time (US & Canada),Bowls,Steak Bowl,2,Regular,,,$32.00,$0.00,$32.00,$2.64,TXN100984,PAY500984,Counter iPad 1,,,Payment,Bluebird Bowl Co. - Main St,To Go,,,,ea,2,Physical Item,,Square Point of Sale,tok00984
2026-09-27,16:19:20,Central Time (US & Canada),Bowls,Chicken Bowl,2,Regular,,,$24.00,$0.00,$24.00,$1.98,TXN100985,PAY500985,Counter iPad 1,,,Payment,Bluebird Bowl Co. - Main St,For Here,,,,ea,2,Physical Item,,Square Point of Sale,tok00985
2026-09-27,16:56:24,Central Time (US & Canada),Plates,Salmon Plate,1,Regular,,,$19.00,$0.00,$19.00,$1.57,TXN100986,PAY500986,Counter iPad 1,,,Payment,Bluebird Bowl Co. - Main St,For Here,,,,ea,1,Physical Item,,Square Point of Sale,tok00986
2026-09-27,17:21:45,Central Time (US & Canada),Bowls,Chicken Bowl,1,Regular,,,$12.00,$0.00,$12.00,$0.99,TXN100987,PAY500987,Counter iPad 1,,,Payment,Bluebird Bowl Co. - Main St,To Go,,,,ea,1,Physical Item,,Square Point of Sale,tok00987
2026-09-27,17:34:32,Central Time (US & Canada),Bowls,Veggie Bowl,2,Regular,,,$27.00,$0.00,$27.00,$2.23,TXN100988,PAY500988,Counter iPad 1,,,Payment,Bluebird Bowl Co. - Main St,For Here,,,,ea,2,Physical Item,,Square Point of Sale,tok00988
2026-09-27,17:42:06,Central Time (US & Canada),Bowls,Chicken Bowl,2,Regular,,,$24.00,$0.00,$24.00,$1.98,TXN100989,PAY500989,Counter iPad 1,,,Payment,Bluebird Bowl Co. - Main St,For Here,,,,ea,2,Physical Item,,Square Point of Sale,tok00989
2026-09-27,18:05:54,Central Time (US & Canada),Bowls,Chicken Bowl,1,Regular,,,$12.00,$0.00,$12.00,$0.99,TXN100990,PAY500990,Counter iPad 1,,,Payment,Bluebird Bowl Co. - Main St,To Go,,,,ea,1,Physical Item,,Square Point of Sale,tok00990
2026-09-27,18:05:57,Central Time (US & Canada),Bowls,Chicken Bowl,1,Regular,,,$12.00,$0.00,$12.00,$0.99,TXN100991,PAY500991,Counter iPad 1,,,Payment,Bluebird Bowl Co. - Main St,For Here,,,,ea,1,Physical Item,,Square Point of Sale,tok00991
2026-09-27,18:18:08,Central Time (US & Canada),Beverages,Fountain Drink,1,Regular,,,$2.75,$0.00,$2.75,$0.23,TXN100992,PAY500992,Counter iPad 1,,,Payment,Bluebird Bowl Co. - Main St,To Go,,,,ea,1,Physical Item,,Square Point of Sale,tok00992
2026-09-27,18:23:24,Central Time (US & Canada),Kids,Kids Plate,1,Regular,,,$7.00,$0.00,$7.00,$0.58,TXN100993,PAY500993,Counter iPad 1,,,Payment,Bluebird Bowl Co. - Main St,For Here,,,,ea,1,Physical Item,,Square Point of Sale,tok00993
2026-09-27,19:26:44,Central Time (US & Canada),Bowls,Chicken Bowl,2,Regular,,,$24.00,$0.00,$24.00,$1.98,TXN100994,PAY500994,Counter iPad 1,,,Payment,Bluebird Bowl Co. - Main St,For Here,,,,ea,2,Physical Item,,Square Point of Sale,tok00994
2026-09-27,19:52:39,Central Time (US & Canada),Bowls,Chicken Bowl,1,Regular,,,$12.00,$0.00,$12.00,$0.99,TXN100995,PAY500995,Counter iPad 1,,,Payment,Bluebird Bowl Co. - Main St,To Go,,,,ea,1,Physical Item,,Square Point of Sale,tok00995
2026-09-27,20:32:08,Central Time (US & Canada),Bowls,Chicken Bowl,1,Regular,,,$12.00,$0.00,$12.00,$0.99,TXN100996,PAY500996,Counter iPad 1,,,Payment,Bluebird Bowl Co. - Main St,For Here,,,,ea,1,Physical Item,,Square Point of Sale,tok00996
2026-09-27,20:37:33,Central Time (US & Canada),Plates,Salmon Plate,1,Regular,,,$19.00,$0.00,$19.00,$1.57,TXN100997,PAY500997,Counter iPad 1,,,Payment,Bluebird Bowl Co. - Main St,To Go,,,,ea,1,Physical Item,,Square Point of Sale,tok00997
2026-09-27,19:05:00,Central Time (US & Canada),Bowls,Chicken Bowl,1,Regular,,,$12.00,$0.00,$12.00,$0.99,TXN199999,PAY599999,Counter iPad 1,,wrong order,Payment,Bluebird Bowl Co. - Main St,To Go,,,,ea,1,Physical Item,,Square Point of Sale,tok99999
2026-09-27,19:05:00,Central Time (US & Canada),Bowls,Chicken Bowl,-1,Regular,,,-$12.00,$0.00,-$12.00,-$0.99,TXN199999,PAY599999,Counter iPad 1,,wrong order,Refund,Bluebird Bowl Co. - Main St,To Go,,,,ea,-1,Physical Item,,Square Point of Sale,tok99999
