Location,Order Id,Order #,Sent Date,Order Date,Check Id,Server,Table,Dining Area,Service,Dining Option,Item Selection Id,Item Id,Master Id,SKU,PLU,Menu Item,Menu Subgroup(s),Menu Group,Menu,Sales Category,Gross Price,Discount,Net Price,Qty,Tax,Void?,Deferred,Tax Exempt,Tax Inclusion Option,Dining Option Tax,Tab Name
Bluebird Bowl Co. - Main St,400000000,1,08/29/2026 11:27 AM,08/29/2026 11:27 AM,700000000,Server B,,Counter,Lunch,Dine In,900000000,158126,,,,Salmon Plate,,Plates,Main Menu,Food,19.00,0.00,19.00,1,1.57,false,false,false,EXCLUDED,,
Bluebird Bowl Co. - Main St,400000001,2,08/29/2026 11:36 AM,08/29/2026 11:36 AM,700000001,Server A,,Counter,Lunch,Dine In,900000001,136997,,,,Fountain Drink,,Beverages,Main Menu,Beverage,5.50,0.00,5.50,2,0.45,false,false,false,EXCLUDED,,
Bluebird Bowl Co. - Main St,400000002,3,08/29/2026 11:54 AM,08/29/2026 11:54 AM,700000002,Server B,,Counter,Lunch,Dine In,900000002,191961,,,,Chicken Bowl,,Bowls,Main Menu,Food,12.00,0.00,12.00,1,0.99,false,false,false,EXCLUDED,,
Bluebird Bowl Co. - Main St,400000003,4,08/29/2026 12:06 PM,08/29/2026 12:06 PM,700000003,Server A,,Counter,Lunch,Take Out,900000003,191961,,,,Chicken Bowl,,Bowls,Main Menu,Food,12.00,0.00,12.00,1,0.99,false,false,false,EXCLUDED,,
Bluebird Bowl Co. - Main St,400000004,5,08/29/2026 12:24 PM,08/29/2026 12:24 PM,700000004,Server B,,Counter,Lunch,Take Out,900000004,158126,,,,Salmon Plate,,Plates,Main Menu,Food,19.00,0.00,19.00,1,1.57,false,false,false,EXCLUDED,,
Bluebird Bowl Co. - Main St,400000005,6,08/29/2026 12:37 PM,08/29/2026 12:37 PM,700000005,Server A,,Counter,Lunch,Dine In,900000005,191961,,,,Chicken Bowl,,Bowls,Main Menu,Food,12.00,0.00,12.00,1,0.99,false,false,false,EXCLUDED,,
Bluebird Bowl Co. - Main St,400000006,7,08/29/2026 12:41 PM,08/29/2026 12:41 PM,700000006,Server B,,Counter,Lunch,Dine In,900000006,191961,,,,Chicken Bowl,,Bowls,Main Menu,Food,12.00,0.00,12.00,1,0.99,false,false,false,EXCLUDED,,
Bluebird Bowl Co. - Main St,400000007,8,08/29/2026 12:51 PM,08/29/2026 12:51 PM,700000007,Server A,,Counter,Lunch,Take Out,900000007,191961,,,,Chicken Bowl,,Bowls,Main Menu,Food,12.00,0.00,12.00,1,0.99,false,false,false,EXCLUDED,,
Bluebird Bowl Co. - Main St,400000008,9,08/29/2026 01:08 PM,08/29/2026 01:08 PM,700000008,Server B,,Counter,Lunch,Take Out,900000008,158126,,,,Salmon Plate,,Plates,Main Menu,Food,19.00,0.00,19.00,1,1.57,false,false,false,EXCLUDED,,
Bluebird Bowl Co. - Main St,400000009,10,08/29/2026 01:10 PM,08/29/2026 01:10 PM,700000009,Server A,,Counter,Lunch,Dine In,900000009,158126,,,,Salmon Plate,,Plates,Main Menu,Food,19.00,0.00,19.00,1,1.57,false,false,false,EXCLUDED,,
Bluebird Bowl Co. - Main St,400000010,11,08/29/2026 01:11 PM,08/29/2026 01:11 PM,700000010,Server B,,Counter,Lunch,Dine In,900000010,191961,,,,Chicken Bowl,,Bowls,Main Menu,Food,24.00,0.00,24.00,2,1.98,false,false,false,EXCLUDED,,
Bluebird Bowl Co. - Main St,400000011,12,08/29/2026 01:12 PM,08/29/2026 01:12 PM,700000011,Server A,,Counter,Lunch,Take Out,900000011,158126,,,,Salmon Plate,,Plates,Main Menu,Food,19.00,0.00,19.00,1,1.57,false,false,false,EXCLUDED,,
Bluebird Bowl Co. - Main St,400000012,13,08/29/2026 01:20 PM,08/29/2026 01:20 PM,700000012,Server B,,Counter,Lunch,Take Out,900000012,191961,,,,Chicken Bowl,,Bowls,Main Menu,Food,12.00,0.00,12.00,1,0.99,false,false,false,EXCLUDED,,
Bluebird Bowl Co. - Main St,400000013,14,08/29/2026 02:01 PM,08/29/2026 02:01 PM,700000013,Server A,,Counter,Lunch,Dine In,900000013,158126,,,,Salmon Plate,,Plates,Main Menu,Food,19.00,0.00,19.00,1,1.57,false,false,false,EXCLUDED,,
Bluebird Bowl Co. - Main St,400000014,15,08/29/2026 02:03 PM,08/29/2026 02:03 PM,700000014,Server B,,Counter,Lunch,Take Out,900000014,191961,,,,Chicken Bowl,,Bowls,Main Menu,Food,12.00,0.00,12.00,1,0.99,false,false,false,EXCLUDED,,
Bluebird Bowl Co. - Main St,400000015,16,08/29/2026 02:08 PM,08/29/2026 02:08 PM,700000015,Server A,,Counter,Lunch,Dine In,900000015,158126,,,,Salmon Plate,,Plates,Main Menu,Food,19.00,0.00,19.00,1,1.57,false,false,false,EXCLUDED,,
Bluebird Bowl Co. - Main St,400000016,17,08/29/2026 02:46 PM,08/29/2026 02:46 PM,700000016,Server B,,Counter,Lunch,Dine In,900000016,136997,,,,Fountain Drink,,Beverages,Main Menu,Beverage,5.50,0.00,5.50,2,0.45,false,false,false,EXCLUDED,,
Bluebird Bowl Co. - Main St,400000017,18,08/29/2026 02:51 PM,08/29/2026 02:51 PM,700000017,Server A,,Counter,Lunch,Take Out,900000017,110096,,,,Veggie Bowl,,Bowls,Main Menu,Food,13.50,0.00,13.50,1,1.11,false,false,false,EXCLUDED,,
Bluebird Bowl Co. - Main St,400000018,19,08/29/2026 03:26 PM,08/29/2026 03:26 PM,700000018,Server B,,Counter,Lunch,Take Out,900000018,158126,,,,Salmon Plate,,Plates,Main Menu,Food,19.00,0.00,19.00,1,1.57,false,false,false,EXCLUDED,,
Bluebird Bowl Co. - Main St,400000019,20,08/29/2026 04:11 PM,08/29/2026 04:11 PM,700000019,Server A,,Counter,Dinner,Dine In,900000019,110096,,,,Veggie Bowl,,Bowls,Main Menu,Food,27.00,0.00,27.00,2,2.23,false,false,false,EXCLUDED,,
Bluebird Bowl Co. - Main St,400000020,21,08/29/2026 04:16 PM,08/29/2026 04:16 PM,700000020,Server B,,Counter,Dinner,Take Out,900000020,191961,,,,Chicken Bowl,,Bowls,Main Menu,Food,12.00,0.00,12.00,1,0.99,false,false,false,EXCLUDED,,
Bluebird Bowl Co. - Main St,400000021,22,08/29/2026 04:29 PM,08/29/2026 04:29 PM,700000021,Server A,,Counter,Dinner,Dine In,900000021,175402,,,,Kids Tenders Plate,,Kids,Main Menu,Food,7.00,0.00,7.00,1,0.58,false,false,false,EXCLUDED,,
Bluebird Bowl Co. - Main St,400000022,23,08/29/2026 05:07 PM,08/29/2026 05:07 PM,700000022,Server B,,Counter,Dinner,Take Out,900000022,136997,,,,Fountain Drink,,Beverages,Main Menu,Beverage,5.50,0.00,5.50,2,0.45,false,false,false,EXCLUDED,,
Bluebird Bowl Co. - Main St,400000023,24,08/29/2026 05:34 PM,08/29/2026 05:34 PM,700000023,Server A,,Counter,Dinner,Dine In,900000023,158126,,,,Salmon Plate,,Plates,Main Menu,Food,19.00,0.00,19.00,1,1.57,false,false,false,EXCLUDED,,
Bluebird Bowl Co. - Main St,400000024,25,08/29/2026 05:37 PM,08/29/2026 05:37 PM,700000024,Server B,,Counter,Dinner,Take Out,900000024,177015,,,,Steak Bowl,,Bowls,Main Menu,Food,16.00,0.00,16.00,1,1.32,false,false,false,EXCLUDED,,
Bluebird Bowl Co. - Main St,400000025,26,08/29/2026 06:00 PM,08/29/2026 06:00 PM,700000025,Server A,,Counter,Dinner,Dine In,900000025,191961,,,,Chicken Bowl,,Bowls,Main Menu,Food,12.00,0.00,12.00,1,0.99,false,false,false,EXCLUDED,,
Bluebird Bowl Co. - Main St,400000026,27,08/29/2026 06:06 PM,08/29/2026 06:06 PM,700000026,Server B,,Counter,Dinner,Dine In,900000026,175402,,,,Kids Tenders Plate,,Kids,Main Menu,Food,7.00,0.00,7.00,1,0.58,false,false,false,EXCLUDED,,
Bluebird Bowl Co. - Main St,400000027,28,08/29/2026 06:12 PM,08/29/2026 06:12 PM,700000027,Server A,,Counter,Dinner,Take Out,900000027,136997,,,,Fountain Drink,,Beverages,Main Menu,Beverage,2.75,0.00,2.75,1,0.23,false,false,false,EXCLUDED,,
Bluebird Bowl Co. - Main St,400000028,29,08/29/2026 06:14 PM,08/29/2026 06:14 PM,700000028,Server B,,Counter,Dinner,Take Out,900000028,177015,,,,Steak Bowl,,Bowls,Main Menu,Food,16.00,0.00,16.00,1,1.32,false,false,false,EXCLUDED,,
Bluebird Bowl Co. - Main St,400000029,30,08/29/2026 06:28 PM,08/29/2026 06:28 PM,700000029,Server A,,Counter,Dinner,Take Out,900000029,191961,,,,Chicken Bowl,,Bowls,Main Menu,Food,12.00,0.00,12.00,1,0.99,false,false,false,EXCLUDED,,
Bluebird Bowl Co. - Main St,400000030,31,08/29/2026 07:10 PM,08/29/2026 07:10 PM,700000030,Server B,,Counter,Dinner,Take Out,900000030,158126,,,,Salmon Plate,,Plates,Main Menu,Food,19.00,0.00,19.00,1,1.57,false,false,false,EXCLUDED,,
Bluebird Bowl Co. - Main St,400000031,32,08/29/2026 07:13 PM,08/29/2026 07:13 PM,700000031,Server A,,Counter,Dinner,Dine In,900000031,191961,,,,Chicken Bowl,,Bowls,Main Menu,Food,12.00,0.00,12.00,1,0.99,false,false,false,EXCLUDED,,
Bluebird Bowl Co. - Main St,400000032,33,08/29/2026 07:25 PM,08/29/2026 07:25 PM,700000032,Server B,,Counter,Dinner,Dine In,900000032,191961,,,,Chicken Bowl,,Bowls,Main Menu,Food,12.00,0.00,12.00,1,0.99,false,false,false,EXCLUDED,,
Bluebird Bowl Co. - Main St,400000033,34,08/29/2026 07:28 PM,08/29/2026 07:28 PM,700000033,Server A,,Counter,Dinner,Dine In,900000033,110096,,,,Veggie Bowl,,Bowls,Main Menu,Food,27.00,0.00,27.00,2,2.23,false,false,false,EXCLUDED,,
Bluebird Bowl Co. - Main St,400000034,35,08/30/2026 11:05 AM,08/30/2026 11:05 AM,700000034,Server B,,Counter,Lunch,Take Out,900000034,191961,,,,Chicken Bowl,,Bowls,Main Menu,Food,12.00,0.00,12.00,1,0.99,false,false,false,EXCLUDED,,
Bluebird Bowl Co. - Main St,400000035,36,08/30/2026 11:16 AM,08/30/2026 11:16 AM,700000035,Server A,,Counter,Lunch,Dine In,900000035,136997,,,,Fountain Drink,,Beverages,Main Menu,Beverage,2.75,0.00,2.75,1,0.23,false,false,false,EXCLUDED,,
Bluebird Bowl Co. - Main St,400000036,37,08/30/2026 11:18 AM,08/30/2026 11:18 AM,700000036,Server B,,Counter,Lunch,Take Out,900000036,136997,,,,Fountain Drink,,Beverages,Main Menu,Beverage,5.50,0.00,5.50,2,0.45,false,false,false,EXCLUDED,,
Bluebird Bowl Co. - Main St,400000037,38,08/30/2026 11:28 AM,08/30/2026 11:28 AM,700000037,Server A,,Counter,Lunch,Dine In,900000037,158126,,,,Salmon Plate,,Plates,Main Menu,Food,19.00,0.00,19.00,1,1.57,false,false,false,EXCLUDED,,
Bluebird Bowl Co. - Main St,400000038,39,08/30/2026 11:29 AM,08/30/2026 11:29 AM,700000038,Server B,,Counter,Lunch,Take Out,900000038,158126,,,,Salmon Plate,,Plates,Main Menu,Food,19.00,0.00,19.00,1,1.57,false,false,false,EXCLUDED,,
Bluebird Bowl Co. - Main St,400000039,40,08/30/2026 11:32 AM,08/30/2026 11:32 AM,700000039,Server A,,Counter,Lunch,Dine In,900000039,191961,,,,Chicken Bowl,,Bowls,Main Menu,Food,12.00,0.00,12.00,1,0.99,false,false,false,EXCLUDED,,
Bluebird Bowl Co. - Main St,400000040,41,08/30/2026 11:35 AM,08/30/2026 11:35 AM,700000040,Server B,,Counter,Lunch,Take Out,900000040,136997,,,,Fountain Drink,,Beverages,Main Menu,Beverage,2.75,0.00,2.75,1,0.23,false,false,false,EXCLUDED,,
Bluebird Bowl Co. - Main St,400000041,42,08/30/2026 11:35 AM,08/30/2026 11:35 AM,700000041,Server A,,Counter,Lunch,Dine In,900000041,191961,,,,Chicken Bowl,,Bowls,Main Menu,Food,12.00,0.00,12.00,1,0.99,false,false,false,EXCLUDED,,
Bluebird Bowl Co. - Main St,400000042,43,08/30/2026 12:26 PM,08/30/2026 12:26 PM,700000042,Server B,,Counter,Lunch,Dine In,900000042,136997,,,,Fountain Drink,,Beverages,Main Menu,Beverage,2.75,0.00,2.75,1,0.23,false,false,false,EXCLUDED,,
Bluebird Bowl Co. - Main St,400000043,44,08/30/2026 12:31 PM,08/30/2026 12:31 PM,700000043,Server A,,Counter,Lunch,Dine In,900000043,136997,,,,Fountain Drink,,Beverages,Main Menu,Beverage,2.75,0.00,2.75,1,0.23,false,false,false,EXCLUDED,,
Bluebird Bowl Co. - Main St,400000044,45,08/30/2026 12:37 PM,08/30/2026 12:37 PM,700000044,Server B,,Counter,Lunch,Take Out,900000044,191961,,,,Chicken Bowl,,Bowls,Main Menu,Food,12.00,0.00,12.00,1,0.99,false,false,false,EXCLUDED,,
Bluebird Bowl Co. - Main St,400000045,46,08/30/2026 01:00 PM,08/30/2026 01:00 PM,700000045,Server A,,Counter,Lunch,Take Out,900000045,191961,,,,Chicken Bowl,,Bowls,Main Menu,Food,24.00,0.00,24.00,2,1.98,false,false,false,EXCLUDED,,
Bluebird Bowl Co. - Main St,400000046,47,08/30/2026 01:09 PM,08/30/2026 01:09 PM,700000046,Server B,,Counter,Lunch,Dine In,900000046,136997,,,,Fountain Drink,,Beverages,Main Menu,Beverage,5.50,0.00,5.50,2,0.45,false,false,false,EXCLUDED,,
Bluebird Bowl Co. - Main St,400000047,48,08/30/2026 01:56 PM,08/30/2026 01:56 PM,700000047,Server A,,Counter,Lunch,Dine In,900000047,191961,,,,Chicken Bowl,,Bowls,Main Menu,Food,12.00,0.00,12.00,1,0.99,false,false,false,EXCLUDED,,
Bluebird Bowl Co. - Main St,400000048,49,08/30/2026 02:49 PM,08/30/2026 02:49 PM,700000048,Server B,,Counter,Lunch,Take Out,900000048,191961,,,,Chicken Bowl,,Bowls,Main Menu,Food,12.00,0.00,12.00,1,0.99,false,false,false,EXCLUDED,,
Bluebird Bowl Co. - Main St,400000049,50,08/30/2026 03:03 PM,08/30/2026 03:03 PM,700000049,Server A,,Counter,Lunch,Take Out,900000049,110096,,,,Veggie Bowl,,Bowls,Main Menu,Food,27.00,0.00,27.00,2,2.23,false,false,false,EXCLUDED,,
Bluebird Bowl Co. - Main St,400000050,51,08/30/2026 04:23 PM,08/30/2026 04:23 PM,700000050,Server B,,Counter,Dinner,Take Out,900000050,191961,,,,Chicken Bowl,,Bowls,Main Menu,Food,12.00,0.00,12.00,1,0.99,false,false,false,EXCLUDED,,
Bluebird Bowl Co. - Main St,400000051,52,08/30/2026 04:42 PM,08/30/2026 04:42 PM,700000051,Server A,,Counter,Dinner,Dine In,900000051,177015,,,,Steak Bowl,,Bowls,Main Menu,Food,16.00,0.00,16.00,1,1.32,false,false,false,EXCLUDED,,
Bluebird Bowl Co. - Main St,400000052,53,08/30/2026 04:44 PM,08/30/2026 04:44 PM,700000052,Server B,,Counter,Dinner,Dine In,900000052,158126,,,,Salmon Plate,,Plates,Main Menu,Food,19.00,0.00,19.00,1,1.57,false,false,false,EXCLUDED,,
Bluebird Bowl Co. - Main St,400000053,54,08/30/2026 04:59 PM,08/30/2026 04:59 PM,700000053,Server A,,Counter,Dinner,Take Out,900000053,158126,,,,Salmon Plate,,Plates,Main Menu,Food,19.00,0.00,19.00,1,1.57,false,false,false,EXCLUDED,,
Bluebird Bowl Co. - Main St,400000054,55,08/30/2026 05:22 PM,08/30/2026 05:22 PM,700000054,Server B,,Counter,Dinner,Dine In,900000054,191961,,,,Chicken Bowl,,Bowls,Main Menu,Food,12.00,0.00,12.00,1,0.99,false,false,false,EXCLUDED,,
Bluebird Bowl Co. - Main St,400000055,56,08/30/2026 05:23 PM,08/30/2026 05:23 PM,700000055,Server A,,Counter,Dinner,Take Out,900000055,110096,,,,Veggie Bowl,,Bowls,Main Menu,Food,13.50,0.00,13.50,1,1.11,false,false,false,EXCLUDED,,
Bluebird Bowl Co. - Main St,400000056,57,08/30/2026 05:43 PM,08/30/2026 05:43 PM,700000056,Server B,,Counter,Dinner,Dine In,900000056,136997,,,,Fountain Drink,,Beverages,Main Menu,Beverage,5.50,0.00,5.50,2,0.45,false,false,false,EXCLUDED,,
Bluebird Bowl Co. - Main St,400000057,58,08/30/2026 05:50 PM,08/30/2026 05:50 PM,700000057,Server A,,Counter,Dinner,Take Out,900000057,136997,,,,Fountain Drink,,Beverages,Main Menu,Beverage,5.50,0.00,5.50,2,0.45,false,false,false,EXCLUDED,,
Bluebird Bowl Co. - Main St,400000058,59,08/30/2026 06:38 PM,08/30/2026 06:38 PM,700000058,Server B,,Counter,Dinner,Take Out,900000058,191961,,,,Chicken Bowl,,Bowls,Main Menu,Food,12.00,0.00,12.00,1,0.99,false,false,false,EXCLUDED,,
Bluebird Bowl Co. - Main St,400000059,60,08/30/2026 06:39 PM,08/30/2026 06:39 PM,700000059,Server A,,Counter,Dinner,Dine In,900000059,158126,,,,Salmon Plate,,Plates,Main Menu,Food,19.00,0.00,19.00,1,1.57,false,false,false,EXCLUDED,,
Bluebird Bowl Co. - Main St,400000060,61,08/30/2026 06:46 PM,08/30/2026 06:46 PM,700000060,Server B,,Counter,Dinner,Take Out,900000060,177015,,,,Steak Bowl,,Bowls,Main Menu,Food,16.00,0.00,16.00,1,1.32,false,false,false,EXCLUDED,,
Bluebird Bowl Co. - Main St,400000061,62,08/30/2026 07:17 PM,08/30/2026 07:17 PM,700000061,Server A,,Counter,Dinner,Take Out,900000061,158126,,,,Salmon Plate,,Plates,Main Menu,Food,19.00,0.00,19.00,1,1.57,false,false,false,EXCLUDED,,
Bluebird Bowl Co. - Main St,400000062,63,08/30/2026 07:20 PM,08/30/2026 07:20 PM,700000062,Server B,,Counter,Dinner,Dine In,900000062,158126,,,,Salmon Plate,,Plates,Main Menu,Food,19.00,0.00,19.00,1,1.57,false,false,false,EXCLUDED,,
Bluebird Bowl Co. - Main St,400000063,64,08/30/2026 07:24 PM,08/30/2026 07:24 PM,700000063,Server A,,Counter,Dinner,Dine In,900000063,136997,,,,Fountain Drink,,Beverages,Main Menu,Beverage,2.75,0.00,2.75,1,0.23,false,false,false,EXCLUDED,,
Bluebird Bowl Co. - Main St,400000064,65,08/30/2026 07:25 PM,08/30/2026 07:25 PM,700000064,Server B,,Counter,Dinner,Take Out,900000064,191961,,,,Chicken Bowl,,Bowls,Main Menu,Food,12.00,0.00,12.00,1,0.99,false,false,false,EXCLUDED,,
Bluebird Bowl Co. - Main St,400000065,66,08/30/2026 07:27 PM,08/30/2026 07:27 PM,700000065,Server A,,Counter,Dinner,Dine In,900000065,191961,,,,Chicken Bowl,,Bowls,Main Menu,Food,24.00,0.00,24.00,2,1.98,false,false,false,EXCLUDED,,
Bluebird Bowl Co. - Main St,400000066,67,08/30/2026 07:56 PM,08/30/2026 07:56 PM,700000066,Server B,,Counter,Dinner,Take Out,900000066,158126,,,,Salmon Plate,,Plates,Main Menu,Food,19.00,0.00,19.00,1,1.57,false,false,false,EXCLUDED,,
Bluebird Bowl Co. - Main St,400000067,68,08/30/2026 08:19 PM,08/30/2026 08:19 PM,700000067,Server A,,Counter,Dinner,Take Out,900000067,110096,,,,Veggie Bowl,,Bowls,Main Menu,Food,13.50,0.00,13.50,1,1.11,false,false,false,EXCLUDED,,
Bluebird Bowl Co. - Main St,400000068,69,08/31/2026 11:02 AM,08/31/2026 11:02 AM,700000068,Server B,,Counter,Lunch,Dine In,900000068,191961,,,,Chicken Bowl,,Bowls,Main Menu,Food,12.00,0.00,12.00,1,0.99,false,false,false,EXCLUDED,,
Bluebird Bowl Co. - Main St,400000069,70,08/31/2026 11:06 AM,08/31/2026 11:06 AM,700000069,Server A,,Counter,Lunch,Dine In,900000069,136997,,,,Fountain Drink,,Beverages,Main Menu,Beverage,2.75,0.00,2.75,1,0.23,false,false,false,EXCLUDED,,
Bluebird Bowl Co. - Main St,400000070,71,08/31/2026 11:11 AM,08/31/2026 11:11 AM,700000070,Server B,,Counter,Lunch,Dine In,900000070,158126,,,,Salmon Plate,,Plates,Main Menu,Food,19.00,0.00,19.00,1,1.57,false,false,false,EXCLUDED,,
Bluebird Bowl Co. - Main St,400000071,72,08/31/2026 11:15 AM,08/31/2026 11:15 AM,700000071,Server A,,Counter,Lunch,Dine In,900000071,158126,,,,Salmon Plate,,Plates,Main Menu,Food,38.00,0.00,38.00,2,3.14,false,false,false,EXCLUDED,,
Bluebird Bowl Co. - Main St,400000072,73,08/31/2026 11:16 AM,08/31/2026 11:16 AM,700000072,Server B,,Counter,Lunch,Take Out,900000072,191961,,,,Chicken Bowl,,Bowls,Main Menu,Food,12.00,0.00,12.00,1,0.99,false,false,false,EXCLUDED,,
Bluebird Bowl Co. - Main St,400000073,74,08/31/2026 12:37 PM,08/31/2026 12:37 PM,700000073,Server A,,Counter,Lunch,Take Out,900000073,177015,,,,Steak Bowl,,Bowls,Main Menu,Food,32.00,0.00,32.00,2,2.64,false,false,false,EXCLUDED,,
Bluebird Bowl Co. - Main St,400000074,75,08/31/2026 12:52 PM,08/31/2026 12:52 PM,700000074,Server B,,Counter,Lunch,Take Out,900000074,110096,,,,Veggie Bowl,,Bowls,Main Menu,Food,27.00,0.00,27.00,2,2.23,false,false,false,EXCLUDED,,
Bluebird Bowl Co. - Main St,400000075,76,08/31/2026 01:26 PM,08/31/2026 01:26 PM,700000075,Server A,,Counter,Lunch,Dine In,900000075,136997,,,,Fountain Drink,,Beverages,Main Menu,Beverage,2.75,0.00,2.75,1,0.23,false,false,false,EXCLUDED,,
Bluebird Bowl Co. - Main St,400000076,77,08/31/2026 01:43 PM,08/31/2026 01:43 PM,700000076,Server B,,Counter,Lunch,Dine In,900000076,191961,,,,Chicken Bowl,,Bowls,Main Menu,Food,12.00,0.00,12.00,1,0.99,false,false,false,EXCLUDED,,
Bluebird Bowl Co. - Main St,400000077,78,08/31/2026 02:29 PM,08/31/2026 02:29 PM,700000077,Server A,,Counter,Lunch,Take Out,900000077,191961,,,,Chicken Bowl,,Bowls,Main Menu,Food,12.00,0.00,12.00,1,0.99,false,false,false,EXCLUDED,,
Bluebird Bowl Co. - Main St,400000078,79,08/31/2026 02:51 PM,08/31/2026 02:51 PM,700000078,Server B,,Counter,Lunch,Take Out,900000078,191961,,,,Chicken Bowl,,Bowls,Main Menu,Food,24.00,0.00,24.00,2,1.98,false,false,false,EXCLUDED,,
Bluebird Bowl Co. - Main St,400000079,80,08/31/2026 03:10 PM,08/31/2026 03:10 PM,700000079,Server A,,Counter,Lunch,Take Out,900000079,136997,,,,Fountain Drink,,Beverages,Main Menu,Beverage,5.50,0.00,5.50,2,0.45,false,false,false,EXCLUDED,,
Bluebird Bowl Co. - Main St,400000080,81,08/31/2026 04:00 PM,08/31/2026 04:00 PM,700000080,Server B,,Counter,Dinner,Take Out,900000080,191961,,,,Chicken Bowl,,Bowls,Main Menu,Food,24.00,0.00,24.00,2,1.98,false,false,false,EXCLUDED,,
Bluebird Bowl Co. - Main St,400000081,82,08/31/2026 04:16 PM,08/31/2026 04:16 PM,700000081,Server A,,Counter,Dinner,Dine In,900000081,158126,,,,Salmon Plate,,Plates,Main Menu,Food,19.00,0.00,19.00,1,1.57,false,false,false,EXCLUDED,,
Bluebird Bowl Co. - Main St,400000082,83,08/31/2026 04:35 PM,08/31/2026 04:35 PM,700000082,Server B,,Counter,Dinner,Take Out,900000082,158126,,,,Salmon Plate,,Plates,Main Menu,Food,19.00,0.00,19.00,1,1.57,false,false,false,EXCLUDED,,
Bluebird Bowl Co. - Main St,400000083,84,08/31/2026 04:50 PM,08/31/2026 04:50 PM,700000083,Server A,,Counter,Dinner,Take Out,900000083,136997,,,,Fountain Drink,,Beverages,Main Menu,Beverage,2.75,0.00,2.75,1,0.23,false,false,false,EXCLUDED,,
Bluebird Bowl Co. - Main St,400000084,85,08/31/2026 05:14 PM,08/31/2026 05:14 PM,700000084,Server B,,Counter,Dinner,Dine In,900000084,136997,,,,Fountain Drink,,Beverages,Main Menu,Beverage,2.75,0.00,2.75,1,0.23,false,false,false,EXCLUDED,,
Bluebird Bowl Co. - Main St,400000085,86,08/31/2026 05:24 PM,08/31/2026 05:24 PM,700000085,Server A,,Counter,Dinner,Take Out,900000085,191961,,,,Chicken Bowl,,Bowls,Main Menu,Food,12.00,0.00,12.00,1,0.99,false,false,false,EXCLUDED,,
Bluebird Bowl Co. - Main St,400000086,87,08/31/2026 05:53 PM,08/31/2026 05:53 PM,700000086,Server B,,Counter,Dinner,Dine In,900000086,177015,,,,Steak Bowl,,Bowls,Main Menu,Food,16.00,0.00,16.00,1,1.32,false,false,false,EXCLUDED,,
Bluebird Bowl Co. - Main St,400000087,88,08/31/2026 06:16 PM,08/31/2026 06:16 PM,700000087,Server A,,Counter,Dinner,Take Out,900000087,175402,,,,Kids Tenders Plate,,Kids,Main Menu,Food,7.00,0.00,7.00,1,0.58,false,false,false,EXCLUDED,,
Bluebird Bowl Co. - Main St,400000088,89,08/31/2026 06:29 PM,08/31/2026 06:29 PM,700000088,Server B,,Counter,Dinner,Take Out,900000088,191961,,,,Chicken Bowl,,Bowls,Main Menu,Food,12.00,0.00,12.00,1,0.99,false,false,false,EXCLUDED,,
Bluebird Bowl Co. - Main St,400000089,90,08/31/2026 06:33 PM,08/31/2026 06:33 PM,700000089,Server A,,Counter,Dinner,Dine In,900000089,110096,,,,Veggie Bowl,,Bowls,Main Menu,Food,13.50,0.00,13.50,1,1.11,false,false,false,EXCLUDED,,
Bluebird Bowl Co. - Main St,400000090,91,08/31/2026 06:41 PM,08/31/2026 06:41 PM,700000090,Server B,,Counter,Dinner,Take Out,900000090,158126,,,,Salmon Plate,,Plates,Main Menu,Food,19.00,0.00,19.00,1,1.57,false,false,false,EXCLUDED,,
Bluebird Bowl Co. - Main St,400000091,92,08/31/2026 07:08 PM,08/31/2026 07:08 PM,700000091,Server A,,Counter,Dinner,Dine In,900000091,177015,,,,Steak Bowl,,Bowls,Main Menu,Food,32.00,0.00,32.00,2,2.64,false,false,false,EXCLUDED,,
Bluebird Bowl Co. - Main St,400000092,93,08/31/2026 07:10 PM,08/31/2026 07:10 PM,700000092,Server B,,Counter,Dinner,Dine In,900000092,136997,,,,Fountain Drink,,Beverages,Main Menu,Beverage,5.50,0.00,5.50,2,0.45,false,false,false,EXCLUDED,,
Bluebird Bowl Co. - Main St,400000093,94,08/31/2026 07:12 PM,08/31/2026 07:12 PM,700000093,Server A,,Counter,Dinner,Dine In,900000093,158126,,,,Salmon Plate,,Plates,Main Menu,Food,38.00,0.00,38.00,2,3.14,false,false,false,EXCLUDED,,
Bluebird Bowl Co. - Main St,400000094,95,08/31/2026 07:24 PM,08/31/2026 07:24 PM,700000094,Server B,,Counter,Dinner,Take Out,900000094,136997,,,,Fountain Drink,,Beverages,Main Menu,Beverage,2.75,0.00,2.75,1,0.23,false,false,false,EXCLUDED,,
Bluebird Bowl Co. - Main St,400000095,96,08/31/2026 07:26 PM,08/31/2026 07:26 PM,700000095,Server A,,Counter,Dinner,Dine In,900000095,191961,,,,Chicken Bowl,,Bowls,Main Menu,Food,12.00,0.00,12.00,1,0.99,false,false,false,EXCLUDED,,
Bluebird Bowl Co. - Main St,400000096,97,08/31/2026 07:38 PM,08/31/2026 07:38 PM,700000096,Server B,,Counter,Dinner,Dine In,900000096,191961,,,,Chicken Bowl,,Bowls,Main Menu,Food,12.00,0.00,12.00,1,0.99,false,false,false,EXCLUDED,,
Bluebird Bowl Co. - Main St,400000097,98,08/31/2026 08:02 PM,08/31/2026 08:02 PM,700000097,Server A,,Counter,Dinner,Dine In,900000097,191961,,,,Chicken Bowl,,Bowls,Main Menu,Food,12.00,0.00,12.00,1,0.99,false,false,false,EXCLUDED,,
Bluebird Bowl Co. - Main St,400000098,99,08/31/2026 08:18 PM,08/31/2026 08:18 PM,700000098,Server B,,Counter,Dinner,Dine In,900000098,177015,,,,Steak Bowl,,Bowls,Main Menu,Food,16.00,0.00,16.00,1,1.32,false,false,false,EXCLUDED,,
Bluebird Bowl Co. - Main St,400000099,100,08/31/2026 08:30 PM,08/31/2026 08:30 PM,700000099,Server A,,Counter,Dinner,Dine In,900000099,191961,,,,Chicken Bowl,,Bowls,Main Menu,Food,24.00,0.00,24.00,2,1.98,false,false,false,EXCLUDED,,
Bluebird Bowl Co. - Main St,400000100,101,08/31/2026 08:37 PM,08/31/2026 08:37 PM,700000100,Server B,,Counter,Dinner,Dine In,900000100,136997,,,,Fountain Drink,,Beverages,Main Menu,Beverage,5.50,0.00,5.50,2,0.45,false,false,false,EXCLUDED,,
Bluebird Bowl Co. - Main St,400000101,102,08/31/2026 08:40 PM,08/31/2026 08:40 PM,700000101,Server A,,Counter,Dinner,Take Out,900000101,191961,,,,Chicken Bowl,,Bowls,Main Menu,Food,12.00,0.00,12.00,1,0.99,false,false,false,EXCLUDED,,
Bluebird Bowl Co. - Main St,400000102,103,09/01/2026 11:25 AM,09/01/2026 11:25 AM,700000102,Server B,,Counter,Lunch,Dine In,900000102,191961,,,,Chicken Bowl,,Bowls,Main Menu,Food,12.00,0.00,12.00,1,0.99,false,false,false,EXCLUDED,,
Bluebird Bowl Co. - Main St,400000103,104,09/01/2026 12:06 PM,09/01/2026 12:06 PM,700000103,Server A,,Counter,Lunch,Take Out,900000103,158126,,,,Salmon Plate,,Plates,Main Menu,Food,38.00,0.00,38.00,2,3.14,false,false,false,EXCLUDED,,
Bluebird Bowl Co. - Main St,400000104,105,09/01/2026 12:12 PM,09/01/2026 12:12 PM,700000104,Server B,,Counter,Lunch,Dine In,900000104,158126,,,,Salmon Plate,,Plates,Main Menu,Food,38.00,0.00,38.00,2,3.14,false,false,false,EXCLUDED,,
Bluebird Bowl Co. - Main St,400000105,106,09/01/2026 12:19 PM,09/01/2026 12:19 PM,700000105,Server A,,Counter,Lunch,Take Out,900000105,191961,,,,Chicken Bowl,,Bowls,Main Menu,Food,12.00,0.00,12.00,1,0.99,false,false,false,EXCLUDED,,
Bluebird Bowl Co. - Main St,400000106,107,09/01/2026 12:21 PM,09/01/2026 12:21 PM,700000106,Server B,,Counter,Lunch,Take Out,900000106,158126,,,,Salmon Plate,,Plates,Main Menu,Food,19.00,0.00,19.00,1,1.57,false,false,false,EXCLUDED,,
Bluebird Bowl Co. - Main St,400000107,108,09/01/2026 12:30 PM,09/01/2026 12:30 PM,700000107,Server A,,Counter,Lunch,Take Out,900000107,191961,,,,Chicken Bowl,,Bowls,Main Menu,Food,12.00,0.00,12.00,1,0.99,false,false,false,EXCLUDED,,
Bluebird Bowl Co. - Main St,400000108,109,09/01/2026 12:59 PM,09/01/2026 12:59 PM,700000108,Server B,,Counter,Lunch,Dine In,900000108,177015,,,,Steak Bowl,,Bowls,Main Menu,Food,32.00,0.00,32.00,2,2.64,false,false,false,EXCLUDED,,
Bluebird Bowl Co. - Main St,400000109,110,09/01/2026 01:11 PM,09/01/2026 01:11 PM,700000109,Server A,,Counter,Lunch,Take Out,900000109,136997,,,,Fountain Drink,,Beverages,Main Menu,Beverage,2.75,0.00,2.75,1,0.23,false,false,false,EXCLUDED,,
Bluebird Bowl Co. - Main St,400000110,111,09/01/2026 01:12 PM,09/01/2026 01:12 PM,700000110,Server B,,Counter,Lunch,Dine In,900000110,191961,,,,Chicken Bowl,,Bowls,Main Menu,Food,12.00,0.00,12.00,1,0.99,false,false,false,EXCLUDED,,
Bluebird Bowl Co. - Main St,400000111,112,09/01/2026 01:19 PM,09/01/2026 01:19 PM,700000111,Server A,,Counter,Lunch,Dine In,900000111,191961,,,,Chicken Bowl,,Bowls,Main Menu,Food,12.00,0.00,12.00,1,0.99,false,false,false,EXCLUDED,,
Bluebird Bowl Co. - Main St,400000112,113,09/01/2026 01:29 PM,09/01/2026 01:29 PM,700000112,Server B,,Counter,Lunch,Dine In,900000112,136997,,,,Fountain Drink,,Beverages,Main Menu,Beverage,2.75,0.00,2.75,1,0.23,false,false,false,EXCLUDED,,
Bluebird Bowl Co. - Main St,400000113,114,09/01/2026 01:45 PM,09/01/2026 01:45 PM,700000113,Server A,,Counter,Lunch,Take Out,900000113,136997,,,,Fountain Drink,,Beverages,Main Menu,Beverage,5.50,0.00,5.50,2,0.45,false,false,false,EXCLUDED,,
Bluebird Bowl Co. - Main St,400000114,115,09/01/2026 01:45 PM,09/01/2026 01:45 PM,700000114,Server B,,Counter,Lunch,Take Out,900000114,158126,,,,Salmon Plate,,Plates,Main Menu,Food,19.00,0.00,19.00,1,1.57,false,false,false,EXCLUDED,,
Bluebird Bowl Co. - Main St,400000115,116,09/01/2026 02:17 PM,09/01/2026 02:17 PM,700000115,Server A,,Counter,Lunch,Dine In,900000115,136997,,,,Fountain Drink,,Beverages,Main Menu,Beverage,5.50,0.00,5.50,2,0.45,false,false,false,EXCLUDED,,
Bluebird Bowl Co. - Main St,400000116,117,09/01/2026 02:26 PM,09/01/2026 02:26 PM,700000116,Server B,,Counter,Lunch,Dine In,900000116,177015,,,,Steak Bowl,,Bowls,Main Menu,Food,32.00,0.00,32.00,2,2.64,false,false,false,EXCLUDED,,
Bluebird Bowl Co. - Main St,400000117,118,09/01/2026 02:28 PM,09/01/2026 02:28 PM,700000117,Server A,,Counter,Lunch,Take Out,900000117,191961,,,,Chicken Bowl,,Bowls,Main Menu,Food,12.00,0.00,12.00,1,0.99,false,false,false,EXCLUDED,,
Bluebird Bowl Co. - Main St,400000118,119,09/01/2026 02:53 PM,09/01/2026 02:53 PM,700000118,Server B,,Counter,Lunch,Dine In,900000118,158126,,,,Salmon Plate,,Plates,Main Menu,Food,19.00,0.00,19.00,1,1.57,false,false,false,EXCLUDED,,
Bluebird Bowl Co. - Main St,400000119,120,09/01/2026 03:05 PM,09/01/2026 03:05 PM,700000119,Server A,,Counter,Lunch,Take Out,900000119,191961,,,,Chicken Bowl,,Bowls,Main Menu,Food,12.00,0.00,12.00,1,0.99,false,false,false,EXCLUDED,,
Bluebird Bowl Co. - Main St,400000120,121,09/01/2026 03:18 PM,09/01/2026 03:18 PM,700000120,Server B,,Counter,Lunch,Dine In,900000120,191961,,,,Chicken Bowl,,Bowls,Main Menu,Food,12.00,0.00,12.00,1,0.99,false,false,false,EXCLUDED,,
Bluebird Bowl Co. - Main St,400000121,122,09/01/2026 03:18 PM,09/01/2026 03:18 PM,700000121,Server A,,Counter,Lunch,Dine In,900000121,110096,,,,Veggie Bowl,,Bowls,Main Menu,Food,27.00,0.00,27.00,2,2.23,false,false,false,EXCLUDED,,
Bluebird Bowl Co. - Main St,400000122,123,09/01/2026 03:36 PM,09/01/2026 03:36 PM,700000122,Server B,,Counter,Lunch,Take Out,900000122,158126,,,,Salmon Plate,,Plates,Main Menu,Food,19.00,0.00,19.00,1,1.57,false,false,false,EXCLUDED,,
Bluebird Bowl Co. - Main St,400000123,124,09/01/2026 03:58 PM,09/01/2026 03:58 PM,700000123,Server A,,Counter,Lunch,Dine In,900000123,136997,,,,Fountain Drink,,Beverages,Main Menu,Beverage,2.75,0.00,2.75,1,0.23,false,false,false,EXCLUDED,,
Bluebird Bowl Co. - Main St,400000124,125,09/01/2026 04:10 PM,09/01/2026 04:10 PM,700000124,Server B,,Counter,Dinner,Take Out,900000124,191961,,,,Chicken Bowl,,Bowls,Main Menu,Food,12.00,0.00,12.00,1,0.99,false,false,false,EXCLUDED,,
Bluebird Bowl Co. - Main St,400000125,126,09/01/2026 05:02 PM,09/01/2026 05:02 PM,700000125,Server A,,Counter,Dinner,Dine In,900000125,191961,,,,Chicken Bowl,,Bowls,Main Menu,Food,12.00,0.00,12.00,1,0.99,false,false,false,EXCLUDED,,
Bluebird Bowl Co. - Main St,400000126,127,09/01/2026 05:04 PM,09/01/2026 05:04 PM,700000126,Server B,,Counter,Dinner,Take Out,900000126,177015,,,,Steak Bowl,,Bowls,Main Menu,Food,32.00,0.00,32.00,2,2.64,false,false,false,EXCLUDED,,
Bluebird Bowl Co. - Main St,400000127,128,09/01/2026 05:05 PM,09/01/2026 05:05 PM,700000127,Server A,,Counter,Dinner,Dine In,900000127,136997,,,,Fountain Drink,,Beverages,Main Menu,Beverage,2.75,0.00,2.75,1,0.23,false,false,false,EXCLUDED,,
Bluebird Bowl Co. - Main St,400000128,129,09/01/2026 05:18 PM,09/01/2026 05:18 PM,700000128,Server B,,Counter,Dinner,Dine In,900000128,110096,,,,Veggie Bowl,,Bowls,Main Menu,Food,13.50,0.00,13.50,1,1.11,false,false,false,EXCLUDED,,
Bluebird Bowl Co. - Main St,400000129,130,09/01/2026 06:03 PM,09/01/2026 06:03 PM,700000129,Server A,,Counter,Dinner,Take Out,900000129,136997,,,,Fountain Drink,,Beverages,Main Menu,Beverage,2.75,0.00,2.75,1,0.23,false,false,false,EXCLUDED,,
Bluebird Bowl Co. - Main St,400000130,131,09/01/2026 06:30 PM,09/01/2026 06:30 PM,700000130,Server B,,Counter,Dinner,Take Out,900000130,158126,,,,Salmon Plate,,Plates,Main Menu,Food,19.00,0.00,19.00,1,1.57,false,false,false,EXCLUDED,,
Bluebird Bowl Co. - Main St,400000131,132,09/01/2026 06:59 PM,09/01/2026 06:59 PM,700000131,Server A,,Counter,Dinner,Take Out,900000131,191961,,,,Chicken Bowl,,Bowls,Main Menu,Food,12.00,0.00,12.00,1,0.99,false,false,false,EXCLUDED,,
Bluebird Bowl Co. - Main St,400000132,133,09/01/2026 08:03 PM,09/01/2026 08:03 PM,700000132,Server B,,Counter,Dinner,Dine In,900000132,136997,,,,Fountain Drink,,Beverages,Main Menu,Beverage,2.75,0.00,2.75,1,0.23,false,false,false,EXCLUDED,,
Bluebird Bowl Co. - Main St,400000133,134,09/01/2026 08:14 PM,09/01/2026 08:14 PM,700000133,Server A,,Counter,Dinner,Dine In,900000133,191961,,,,Chicken Bowl,,Bowls,Main Menu,Food,12.00,0.00,12.00,1,0.99,false,false,false,EXCLUDED,,
Bluebird Bowl Co. - Main St,400000134,135,09/01/2026 08:38 PM,09/01/2026 08:38 PM,700000134,Server B,,Counter,Dinner,Take Out,900000134,191961,,,,Chicken Bowl,,Bowls,Main Menu,Food,12.00,0.00,12.00,1,0.99,false,false,false,EXCLUDED,,
Bluebird Bowl Co. - Main St,400000135,136,09/01/2026 08:43 PM,09/01/2026 08:43 PM,700000135,Server A,,Counter,Dinner,Take Out,900000135,191961,,,,Chicken Bowl,,Bowls,Main Menu,Food,12.00,0.00,12.00,1,0.99,false,false,false,EXCLUDED,,
Bluebird Bowl Co. - Main St,400000136,137,09/02/2026 11:35 AM,09/02/2026 11:35 AM,700000136,Server B,,Counter,Lunch,Dine In,900000136,191961,,,,Chicken Bowl,,Bowls,Main Menu,Food,12.00,0.00,12.00,1,0.99,false,false,false,EXCLUDED,,
Bluebird Bowl Co. - Main St,400000137,138,09/02/2026 11:44 AM,09/02/2026 11:44 AM,700000137,Server A,,Counter,Lunch,Take Out,900000137,191961,,,,Chicken Bowl,,Bowls,Main Menu,Food,12.00,0.00,12.00,1,0.99,false,false,false,EXCLUDED,,
Bluebird Bowl Co. - Main St,400000138,139,09/02/2026 12:01 PM,09/02/2026 12:01 PM,700000138,Server B,,Counter,Lunch,Dine In,900000138,191961,,,,Chicken Bowl,,Bowls,Main Menu,Food,12.00,0.00,12.00,1,0.99,false,false,false,EXCLUDED,,
Bluebird Bowl Co. - Main St,400000139,140,09/02/2026 12:15 PM,09/02/2026 12:15 PM,700000139,Server A,,Counter,Lunch,Take Out,900000139,158126,,,,Salmon Plate,,Plates,Main Menu,Food,19.00,0.00,19.00,1,1.57,false,false,false,EXCLUDED,,
Bluebird Bowl Co. - Main St,400000140,141,09/02/2026 12:15 PM,09/02/2026 12:15 PM,700000140,Server B,,Counter,Lunch,Take Out,900000140,191961,,,,Chicken Bowl,,Bowls,Main Menu,Food,12.00,0.00,12.00,1,0.99,false,false,false,EXCLUDED,,
Bluebird Bowl Co. - Main St,400000141,142,09/02/2026 01:39 PM,09/02/2026 01:39 PM,700000141,Server A,,Counter,Lunch,Dine In,900000141,158126,,,,Salmon Plate,,Plates,Main Menu,Food,19.00,0.00,19.00,1,1.57,false,false,false,EXCLUDED,,
Bluebird Bowl Co. - Main St,400000142,143,09/02/2026 01:44 PM,09/02/2026 01:44 PM,700000142,Server B,,Counter,Lunch,Dine In,900000142,177015,,,,Steak Bowl,,Bowls,Main Menu,Food,32.00,0.00,32.00,2,2.64,false,false,false,EXCLUDED,,
Bluebird Bowl Co. - Main St,400000143,144,09/02/2026 01:48 PM,09/02/2026 01:48 PM,700000143,Server A,,Counter,Lunch,Dine In,900000143,191961,,,,Chicken Bowl,,Bowls,Main Menu,Food,12.00,0.00,12.00,1,0.99,false,false,false,EXCLUDED,,
Bluebird Bowl Co. - Main St,400000144,145,09/02/2026 02:02 PM,09/02/2026 02:02 PM,700000144,Server B,,Counter,Lunch,Take Out,900000144,136997,,,,Fountain Drink,,Beverages,Main Menu,Beverage,2.75,0.00,2.75,1,0.23,false,false,false,EXCLUDED,,
Bluebird Bowl Co. - Main St,400000145,146,09/02/2026 02:34 PM,09/02/2026 02:34 PM,700000145,Server A,,Counter,Lunch,Dine In,900000145,136997,,,,Fountain Drink,,Beverages,Main Menu,Beverage,2.75,0.00,2.75,1,0.23,false,false,false,EXCLUDED,,
Bluebird Bowl Co. - Main St,400000146,147,09/02/2026 02:42 PM,09/02/2026 02:42 PM,700000146,Server B,,Counter,Lunch,Dine In,900000146,110096,,,,Veggie Bowl,,Bowls,Main Menu,Food,27.00,0.00,27.00,2,2.23,false,false,false,EXCLUDED,,
Bluebird Bowl Co. - Main St,400000147,148,09/02/2026 02:48 PM,09/02/2026 02:48 PM,700000147,Server A,,Counter,Lunch,Dine In,900000147,158126,,,,Salmon Plate,,Plates,Main Menu,Food,19.00,0.00,19.00,1,1.57,false,false,false,EXCLUDED,,
Bluebird Bowl Co. - Main St,400000148,149,09/02/2026 03:21 PM,09/02/2026 03:21 PM,700000148,Server B,,Counter,Lunch,Take Out,900000148,158126,,,,Salmon Plate,,Plates,Main Menu,Food,19.00,0.00,19.00,1,1.57,false,false,false,EXCLUDED,,
Bluebird Bowl Co. - Main St,400000149,150,09/02/2026 03:43 PM,09/02/2026 03:43 PM,700000149,Server A,,Counter,Lunch,Take Out,900000149,191961,,,,Chicken Bowl,,Bowls,Main Menu,Food,24.00,0.00,24.00,2,1.98,false,false,false,EXCLUDED,,
Bluebird Bowl Co. - Main St,400000150,151,09/02/2026 03:54 PM,09/02/2026 03:54 PM,700000150,Server B,,Counter,Lunch,Take Out,900000150,177015,,,,Steak Bowl,,Bowls,Main Menu,Food,32.00,0.00,32.00,2,2.64,false,false,false,EXCLUDED,,
Bluebird Bowl Co. - Main St,400000151,152,09/02/2026 04:16 PM,09/02/2026 04:16 PM,700000151,Server A,,Counter,Dinner,Take Out,900000151,136997,,,,Fountain Drink,,Beverages,Main Menu,Beverage,2.75,0.00,2.75,1,0.23,false,false,false,EXCLUDED,,
Bluebird Bowl Co. - Main St,400000152,153,09/02/2026 04:17 PM,09/02/2026 04:17 PM,700000152,Server B,,Counter,Dinner,Dine In,900000152,191961,,,,Chicken Bowl,,Bowls,Main Menu,Food,24.00,0.00,24.00,2,1.98,false,false,false,EXCLUDED,,
Bluebird Bowl Co. - Main St,400000153,154,09/02/2026 05:10 PM,09/02/2026 05:10 PM,700000153,Server A,,Counter,Dinner,Dine In,900000153,110096,,,,Veggie Bowl,,Bowls,Main Menu,Food,27.00,0.00,27.00,2,2.23,false,false,false,EXCLUDED,,
Bluebird Bowl Co. - Main St,400000154,155,09/02/2026 05:21 PM,09/02/2026 05:21 PM,700000154,Server B,,Counter,Dinner,Take Out,900000154,177015,,,,Steak Bowl,,Bowls,Main Menu,Food,16.00,0.00,16.00,1,1.32,false,false,false,EXCLUDED,,
Bluebird Bowl Co. - Main St,400000155,156,09/02/2026 05:25 PM,09/02/2026 05:25 PM,700000155,Server A,,Counter,Dinner,Take Out,900000155,191961,,,,Chicken Bowl,,Bowls,Main Menu,Food,12.00,0.00,12.00,1,0.99,false,false,false,EXCLUDED,,
Bluebird Bowl Co. - Main St,400000156,157,09/02/2026 05:35 PM,09/02/2026 05:35 PM,700000156,Server B,,Counter,Dinner,Take Out,900000156,191961,,,,Chicken Bowl,,Bowls,Main Menu,Food,24.00,0.00,24.00,2,1.98,false,false,false,EXCLUDED,,
Bluebird Bowl Co. - Main St,400000157,158,09/02/2026 05:46 PM,09/02/2026 05:46 PM,700000157,Server A,,Counter,Dinner,Take Out,900000157,136997,,,,Fountain Drink,,Beverages,Main Menu,Beverage,5.50,0.00,5.50,2,0.45,false,false,false,EXCLUDED,,
Bluebird Bowl Co. - Main St,400000158,159,09/02/2026 06:33 PM,09/02/2026 06:33 PM,700000158,Server B,,Counter,Dinner,Dine In,900000158,158126,,,,Salmon Plate,,Plates,Main Menu,Food,19.00,0.00,19.00,1,1.57,false,false,false,EXCLUDED,,
Bluebird Bowl Co. - Main St,400000159,160,09/02/2026 06:43 PM,09/02/2026 06:43 PM,700000159,Server A,,Counter,Dinner,Take Out,900000159,136997,,,,Fountain Drink,,Beverages,Main Menu,Beverage,5.50,0.00,5.50,2,0.45,false,false,false,EXCLUDED,,
Bluebird Bowl Co. - Main St,400000160,161,09/02/2026 07:00 PM,09/02/2026 07:00 PM,700000160,Server B,,Counter,Dinner,Dine In,900000160,158126,,,,Salmon Plate,,Plates,Main Menu,Food,38.00,0.00,38.00,2,3.14,false,false,false,EXCLUDED,,
Bluebird Bowl Co. - Main St,400000161,162,09/02/2026 07:21 PM,09/02/2026 07:21 PM,700000161,Server A,,Counter,Dinner,Take Out,900000161,191961,,,,Chicken Bowl,,Bowls,Main Menu,Food,24.00,0.00,24.00,2,1.98,false,false,false,EXCLUDED,,
Bluebird Bowl Co. - Main St,400000162,163,09/02/2026 07:31 PM,09/02/2026 07:31 PM,700000162,Server B,,Counter,Dinner,Take Out,900000162,191961,,,,Chicken Bowl,,Bowls,Main Menu,Food,12.00,0.00,12.00,1,0.99,false,false,false,EXCLUDED,,
Bluebird Bowl Co. - Main St,400000163,164,09/02/2026 07:38 PM,09/02/2026 07:38 PM,700000163,Server A,,Counter,Dinner,Dine In,900000163,158126,,,,Salmon Plate,,Plates,Main Menu,Food,38.00,0.00,38.00,2,3.14,false,false,false,EXCLUDED,,
Bluebird Bowl Co. - Main St,400000164,165,09/02/2026 08:03 PM,09/02/2026 08:03 PM,700000164,Server B,,Counter,Dinner,Take Out,900000164,191961,,,,Chicken Bowl,,Bowls,Main Menu,Food,12.00,0.00,12.00,1,0.99,false,false,false,EXCLUDED,,
Bluebird Bowl Co. - Main St,400000165,166,09/02/2026 08:18 PM,09/02/2026 08:18 PM,700000165,Server A,,Counter,Dinner,Dine In,900000165,191961,,,,Chicken Bowl,,Bowls,Main Menu,Food,12.00,0.00,12.00,1,0.99,false,false,false,EXCLUDED,,
Bluebird Bowl Co. - Main St,400000166,167,09/02/2026 08:37 PM,09/02/2026 08:37 PM,700000166,Server B,,Counter,Dinner,Dine In,900000166,158126,,,,Salmon Plate,,Plates,Main Menu,Food,19.00,0.00,19.00,1,1.57,false,false,false,EXCLUDED,,
Bluebird Bowl Co. - Main St,400000167,168,09/02/2026 08:46 PM,09/02/2026 08:46 PM,700000167,Server A,,Counter,Dinner,Take Out,900000167,191961,,,,Chicken Bowl,,Bowls,Main Menu,Food,12.00,0.00,12.00,1,0.99,false,false,false,EXCLUDED,,
Bluebird Bowl Co. - Main St,400000168,169,09/02/2026 08:49 PM,09/02/2026 08:49 PM,700000168,Server B,,Counter,Dinner,Take Out,900000168,191961,,,,Chicken Bowl,,Bowls,Main Menu,Food,12.00,0.00,12.00,1,0.99,false,false,false,EXCLUDED,,
Bluebird Bowl Co. - Main St,400000169,170,09/02/2026 08:50 PM,09/02/2026 08:50 PM,700000169,Server A,,Counter,Dinner,Dine In,900000169,136997,,,,Fountain Drink,,Beverages,Main Menu,Beverage,2.75,0.00,2.75,1,0.23,false,false,false,EXCLUDED,,
Bluebird Bowl Co. - Main St,400000170,171,09/03/2026 11:08 AM,09/03/2026 11:08 AM,700000170,Server B,,Counter,Lunch,Dine In,900000170,136997,,,,Fountain Drink,,Beverages,Main Menu,Beverage,2.75,0.00,2.75,1,0.23,false,false,false,EXCLUDED,,
Bluebird Bowl Co. - Main St,400000171,172,09/03/2026 11:58 AM,09/03/2026 11:58 AM,700000171,Server A,,Counter,Lunch,Take Out,900000171,158126,,,,Salmon Plate,,Plates,Main Menu,Food,38.00,0.00,38.00,2,3.14,false,false,false,EXCLUDED,,
Bluebird Bowl Co. - Main St,400000172,173,09/03/2026 12:05 PM,09/03/2026 12:05 PM,700000172,Server B,,Counter,Lunch,Dine In,900000172,191961,,,,Chicken Bowl,,Bowls,Main Menu,Food,12.00,0.00,12.00,1,0.99,false,false,false,EXCLUDED,,
Bluebird Bowl Co. - Main St,400000173,174,09/03/2026 12:08 PM,09/03/2026 12:08 PM,700000173,Server A,,Counter,Lunch,Take Out,900000173,177015,,,,Steak Bowl,,Bowls,Main Menu,Food,32.00,0.00,32.00,2,2.64,false,false,false,EXCLUDED,,
Bluebird Bowl Co. - Main St,400000174,175,09/03/2026 12:30 PM,09/03/2026 12:30 PM,700000174,Server B,,Counter,Lunch,Dine In,900000174,136997,,,,Fountain Drink,,Beverages,Main Menu,Beverage,2.75,0.00,2.75,1,0.23,false,false,false,EXCLUDED,,
Bluebird Bowl Co. - Main St,400000175,176,09/03/2026 12:31 PM,09/03/2026 12:31 PM,700000175,Server A,,Counter,Lunch,Dine In,900000175,191961,,,,Chicken Bowl,,Bowls,Main Menu,Food,12.00,0.00,12.00,1,0.99,false,false,false,EXCLUDED,,
Bluebird Bowl Co. - Main St,400000176,177,09/03/2026 12:35 PM,09/03/2026 12:35 PM,700000176,Server B,,Counter,Lunch,Take Out,900000176,191961,,,,Chicken Bowl,,Bowls,Main Menu,Food,12.00,0.00,12.00,1,0.99,false,false,false,EXCLUDED,,
Bluebird Bowl Co. - Main St,400000177,178,09/03/2026 12:36 PM,09/03/2026 12:36 PM,700000177,Server A,,Counter,Lunch,Take Out,900000177,158126,,,,Salmon Plate,,Plates,Main Menu,Food,38.00,0.00,38.00,2,3.14,false,false,false,EXCLUDED,,
Bluebird Bowl Co. - Main St,400000178,179,09/03/2026 12:50 PM,09/03/2026 12:50 PM,700000178,Server B,,Counter,Lunch,Take Out,900000178,191961,,,,Chicken Bowl,,Bowls,Main Menu,Food,24.00,0.00,24.00,2,1.98,false,false,false,EXCLUDED,,
Bluebird Bowl Co. - Main St,400000179,180,09/03/2026 01:15 PM,09/03/2026 01:15 PM,700000179,Server A,,Counter,Lunch,Take Out,900000179,136997,,,,Fountain Drink,,Beverages,Main Menu,Beverage,2.75,0.00,2.75,1,0.23,false,false,false,EXCLUDED,,
Bluebird Bowl Co. - Main St,400000180,181,09/03/2026 01:38 PM,09/03/2026 01:38 PM,700000180,Server B,,Counter,Lunch,Dine In,900000180,136997,,,,Fountain Drink,,Beverages,Main Menu,Beverage,2.75,0.00,2.75,1,0.23,false,false,false,EXCLUDED,,
Bluebird Bowl Co. - Main St,400000181,182,09/03/2026 01:46 PM,09/03/2026 01:46 PM,700000181,Server A,,Counter,Lunch,Dine In,900000181,158126,,,,Salmon Plate,,Plates,Main Menu,Food,19.00,0.00,19.00,1,1.57,false,false,false,EXCLUDED,,
Bluebird Bowl Co. - Main St,400000182,183,09/03/2026 02:03 PM,09/03/2026 02:03 PM,700000182,Server B,,Counter,Lunch,Dine In,900000182,191961,,,,Chicken Bowl,,Bowls,Main Menu,Food,12.00,0.00,12.00,1,0.99,false,false,false,EXCLUDED,,
Bluebird Bowl Co. - Main St,400000183,184,09/03/2026 02:17 PM,09/03/2026 02:17 PM,700000183,Server A,,Counter,Lunch,Dine In,900000183,136997,,,,Fountain Drink,,Beverages,Main Menu,Beverage,5.50,0.00,5.50,2,0.45,false,false,false,EXCLUDED,,
Bluebird Bowl Co. - Main St,400000184,185,09/03/2026 02:42 PM,09/03/2026 02:42 PM,700000184,Server B,,Counter,Lunch,Dine In,900000184,191961,,,,Chicken Bowl,,Bowls,Main Menu,Food,12.00,0.00,12.00,1,0.99,false,false,false,EXCLUDED,,
Bluebird Bowl Co. - Main St,400000185,186,09/03/2026 02:44 PM,09/03/2026 02:44 PM,700000185,Server A,,Counter,Lunch,Take Out,900000185,158126,,,,Salmon Plate,,Plates,Main Menu,Food,38.00,0.00,38.00,2,3.14,false,false,false,EXCLUDED,,
Bluebird Bowl Co. - Main St,400000186,187,09/03/2026 02:45 PM,09/03/2026 02:45 PM,700000186,Server B,,Counter,Lunch,Dine In,900000186,191961,,,,Chicken Bowl,,Bowls,Main Menu,Food,24.00,0.00,24.00,2,1.98,false,false,false,EXCLUDED,,
Bluebird Bowl Co. - Main St,400000187,188,09/03/2026 02:57 PM,09/03/2026 02:57 PM,700000187,Server A,,Counter,Lunch,Take Out,900000187,158126,,,,Salmon Plate,,Plates,Main Menu,Food,19.00,0.00,19.00,1,1.57,false,false,false,EXCLUDED,,
Bluebird Bowl Co. - Main St,400000188,189,09/03/2026 03:46 PM,09/03/2026 03:46 PM,700000188,Server B,,Counter,Lunch,Dine In,900000188,136997,,,,Fountain Drink,,Beverages,Main Menu,Beverage,2.75,0.00,2.75,1,0.23,false,false,false,EXCLUDED,,
Bluebird Bowl Co. - Main St,400000189,190,09/03/2026 03:55 PM,09/03/2026 03:55 PM,700000189,Server A,,Counter,Lunch,Dine In,900000189,177015,,,,Steak Bowl,,Bowls,Main Menu,Food,32.00,0.00,32.00,2,2.64,false,false,false,EXCLUDED,,
Bluebird Bowl Co. - Main St,400000190,191,09/03/2026 04:10 PM,09/03/2026 04:10 PM,700000190,Server B,,Counter,Dinner,Take Out,900000190,136997,,,,Fountain Drink,,Beverages,Main Menu,Beverage,2.75,0.00,2.75,1,0.23,false,false,false,EXCLUDED,,
Bluebird Bowl Co. - Main St,400000191,192,09/03/2026 04:18 PM,09/03/2026 04:18 PM,700000191,Server A,,Counter,Dinner,Dine In,900000191,110096,,,,Veggie Bowl,,Bowls,Main Menu,Food,13.50,0.00,13.50,1,1.11,false,false,false,EXCLUDED,,
Bluebird Bowl Co. - Main St,400000192,193,09/03/2026 04:27 PM,09/03/2026 04:27 PM,700000192,Server B,,Counter,Dinner,Dine In,900000192,136997,,,,Fountain Drink,,Beverages,Main Menu,Beverage,5.50,0.00,5.50,2,0.45,false,false,false,EXCLUDED,,
Bluebird Bowl Co. - Main St,400000193,194,09/03/2026 04:39 PM,09/03/2026 04:39 PM,700000193,Server A,,Counter,Dinner,Dine In,900000193,191961,,,,Chicken Bowl,,Bowls,Main Menu,Food,12.00,0.00,12.00,1,0.99,false,false,false,EXCLUDED,,
Bluebird Bowl Co. - Main St,400000194,195,09/03/2026 04:42 PM,09/03/2026 04:42 PM,700000194,Server B,,Counter,Dinner,Take Out,900000194,158126,,,,Salmon Plate,,Plates,Main Menu,Food,19.00,0.00,19.00,1,1.57,false,false,false,EXCLUDED,,
Bluebird Bowl Co. - Main St,400000195,196,09/03/2026 04:43 PM,09/03/2026 04:43 PM,700000195,Server A,,Counter,Dinner,Dine In,900000195,136997,,,,Fountain Drink,,Beverages,Main Menu,Beverage,5.50,0.00,5.50,2,0.45,false,false,false,EXCLUDED,,
Bluebird Bowl Co. - Main St,400000196,197,09/03/2026 06:04 PM,09/03/2026 06:04 PM,700000196,Server B,,Counter,Dinner,Dine In,900000196,136997,,,,Fountain Drink,,Beverages,Main Menu,Beverage,2.75,0.00,2.75,1,0.23,false,false,false,EXCLUDED,,
Bluebird Bowl Co. - Main St,400000197,198,09/03/2026 06:26 PM,09/03/2026 06:26 PM,700000197,Server A,,Counter,Dinner,Take Out,900000197,191961,,,,Chicken Bowl,,Bowls,Main Menu,Food,12.00,0.00,12.00,1,0.99,false,false,false,EXCLUDED,,
Bluebird Bowl Co. - Main St,400000198,199,09/03/2026 07:13 PM,09/03/2026 07:13 PM,700000198,Server B,,Counter,Dinner,Take Out,900000198,191961,,,,Chicken Bowl,,Bowls,Main Menu,Food,12.00,0.00,12.00,1,0.99,false,false,false,EXCLUDED,,
Bluebird Bowl Co. - Main St,400000199,200,09/03/2026 07:41 PM,09/03/2026 07:41 PM,700000199,Server A,,Counter,Dinner,Take Out,900000199,158126,,,,Salmon Plate,,Plates,Main Menu,Food,19.00,0.00,19.00,1,1.57,false,false,false,EXCLUDED,,
Bluebird Bowl Co. - Main St,400000200,201,09/03/2026 08:24 PM,09/03/2026 08:24 PM,700000200,Server B,,Counter,Dinner,Take Out,900000200,191961,,,,Chicken Bowl,,Bowls,Main Menu,Food,12.00,0.00,12.00,1,0.99,false,false,false,EXCLUDED,,
Bluebird Bowl Co. - Main St,400000201,202,09/03/2026 08:38 PM,09/03/2026 08:38 PM,700000201,Server A,,Counter,Dinner,Take Out,900000201,136997,,,,Fountain Drink,,Beverages,Main Menu,Beverage,2.75,0.00,2.75,1,0.23,false,false,false,EXCLUDED,,
Bluebird Bowl Co. - Main St,400000202,203,09/03/2026 08:46 PM,09/03/2026 08:46 PM,700000202,Server B,,Counter,Dinner,Take Out,900000202,158126,,,,Salmon Plate,,Plates,Main Menu,Food,19.00,0.00,19.00,1,1.57,false,false,false,EXCLUDED,,
Bluebird Bowl Co. - Main St,400000203,204,09/03/2026 08:56 PM,09/03/2026 08:56 PM,700000203,Server A,,Counter,Dinner,Dine In,900000203,191961,,,,Chicken Bowl,,Bowls,Main Menu,Food,12.00,0.00,12.00,1,0.99,false,false,false,EXCLUDED,,
Bluebird Bowl Co. - Main St,400000204,205,09/04/2026 11:16 AM,09/04/2026 11:16 AM,700000204,Server B,,Counter,Lunch,Dine In,900000204,191961,,,,Chicken Bowl,,Bowls,Main Menu,Food,24.00,0.00,24.00,2,1.98,false,false,false,EXCLUDED,,
Bluebird Bowl Co. - Main St,400000205,206,09/04/2026 11:48 AM,09/04/2026 11:48 AM,700000205,Server A,,Counter,Lunch,Dine In,900000205,158126,,,,Salmon Plate,,Plates,Main Menu,Food,19.00,0.00,19.00,1,1.57,false,false,false,EXCLUDED,,
Bluebird Bowl Co. - Main St,400000206,207,09/04/2026 11:58 AM,09/04/2026 11:58 AM,700000206,Server B,,Counter,Lunch,Dine In,900000206,177015,,,,Steak Bowl,,Bowls,Main Menu,Food,16.00,0.00,16.00,1,1.32,false,false,false,EXCLUDED,,
Bluebird Bowl Co. - Main St,400000207,208,09/04/2026 12:17 PM,09/04/2026 12:17 PM,700000207,Server A,,Counter,Lunch,Dine In,900000207,158126,,,,Salmon Plate,,Plates,Main Menu,Food,19.00,0.00,19.00,1,1.57,false,false,false,EXCLUDED,,
Bluebird Bowl Co. - Main St,400000208,209,09/04/2026 12:21 PM,09/04/2026 12:21 PM,700000208,Server B,,Counter,Lunch,Dine In,900000208,158126,,,,Salmon Plate,,Plates,Main Menu,Food,19.00,0.00,19.00,1,1.57,false,false,false,EXCLUDED,,
Bluebird Bowl Co. - Main St,400000209,210,09/04/2026 12:32 PM,09/04/2026 12:32 PM,700000209,Server A,,Counter,Lunch,Take Out,900000209,158126,,,,Salmon Plate,,Plates,Main Menu,Food,19.00,0.00,19.00,1,1.57,false,false,false,EXCLUDED,,
Bluebird Bowl Co. - Main St,400000210,211,09/04/2026 12:59 PM,09/04/2026 12:59 PM,700000210,Server B,,Counter,Lunch,Dine In,900000210,136997,,,,Fountain Drink,,Beverages,Main Menu,Beverage,5.50,0.00,5.50,2,0.45,false,false,false,EXCLUDED,,
Bluebird Bowl Co. - Main St,400000211,212,09/04/2026 01:03 PM,09/04/2026 01:03 PM,700000211,Server A,,Counter,Lunch,Dine In,900000211,136997,,,,Fountain Drink,,Beverages,Main Menu,Beverage,5.50,0.00,5.50,2,0.45,false,false,false,EXCLUDED,,
Bluebird Bowl Co. - Main St,400000212,213,09/04/2026 01:06 PM,09/04/2026 01:06 PM,700000212,Server B,,Counter,Lunch,Dine In,900000212,136997,,,,Fountain Drink,,Beverages,Main Menu,Beverage,5.50,0.00,5.50,2,0.45,false,false,false,EXCLUDED,,
Bluebird Bowl Co. - Main St,400000213,214,09/04/2026 01:21 PM,09/04/2026 01:21 PM,700000213,Server A,,Counter,Lunch,Dine In,900000213,177015,,,,Steak Bowl,,Bowls,Main Menu,Food,16.00,0.00,16.00,1,1.32,false,false,false,EXCLUDED,,
Bluebird Bowl Co. - Main St,400000214,215,09/04/2026 01:24 PM,09/04/2026 01:24 PM,700000214,Server B,,Counter,Lunch,Take Out,900000214,177015,,,,Steak Bowl,,Bowls,Main Menu,Food,16.00,0.00,16.00,1,1.32,false,false,false,EXCLUDED,,
Bluebird Bowl Co. - Main St,400000215,216,09/04/2026 01:30 PM,09/04/2026 01:30 PM,700000215,Server A,,Counter,Lunch,Dine In,900000215,136997,,,,Fountain Drink,,Beverages,Main Menu,Beverage,5.50,0.00,5.50,2,0.45,false,false,false,EXCLUDED,,
Bluebird Bowl Co. - Main St,400000216,217,09/04/2026 02:17 PM,09/04/2026 02:17 PM,700000216,Server B,,Counter,Lunch,Take Out,900000216,136997,,,,Fountain Drink,,Beverages,Main Menu,Beverage,2.75,0.00,2.75,1,0.23,false,false,false,EXCLUDED,,
Bluebird Bowl Co. - Main St,400000217,218,09/04/2026 02:32 PM,09/04/2026 02:32 PM,700000217,Server A,,Counter,Lunch,Dine In,900000217,177015,,,,Steak Bowl,,Bowls,Main Menu,Food,32.00,0.00,32.00,2,2.64,false,false,false,EXCLUDED,,
Bluebird Bowl Co. - Main St,400000218,219,09/04/2026 02:55 PM,09/04/2026 02:55 PM,700000218,Server B,,Counter,Lunch,Take Out,900000218,191961,,,,Chicken Bowl,,Bowls,Main Menu,Food,12.00,0.00,12.00,1,0.99,false,false,false,EXCLUDED,,
Bluebird Bowl Co. - Main St,400000219,220,09/04/2026 03:14 PM,09/04/2026 03:14 PM,700000219,Server A,,Counter,Lunch,Take Out,900000219,110096,,,,Veggie Bowl,,Bowls,Main Menu,Food,13.50,0.00,13.50,1,1.11,false,false,false,EXCLUDED,,
Bluebird Bowl Co. - Main St,400000220,221,09/04/2026 03:39 PM,09/04/2026 03:39 PM,700000220,Server B,,Counter,Lunch,Dine In,900000220,136997,,,,Fountain Drink,,Beverages,Main Menu,Beverage,2.75,0.00,2.75,1,0.23,false,false,false,EXCLUDED,,
Bluebird Bowl Co. - Main St,400000221,222,09/04/2026 03:40 PM,09/04/2026 03:40 PM,700000221,Server A,,Counter,Lunch,Take Out,900000221,177015,,,,Steak Bowl,,Bowls,Main Menu,Food,16.00,0.00,16.00,1,1.32,false,false,false,EXCLUDED,,
Bluebird Bowl Co. - Main St,400000222,223,09/04/2026 03:54 PM,09/04/2026 03:54 PM,700000222,Server B,,Counter,Lunch,Take Out,900000222,177015,,,,Steak Bowl,,Bowls,Main Menu,Food,16.00,0.00,16.00,1,1.32,false,false,false,EXCLUDED,,
Bluebird Bowl Co. - Main St,400000223,224,09/04/2026 04:28 PM,09/04/2026 04:28 PM,700000223,Server A,,Counter,Dinner,Take Out,900000223,175402,,,,Kids Tenders Plate,,Kids,Main Menu,Food,7.00,0.00,7.00,1,0.58,false,false,false,EXCLUDED,,
Bluebird Bowl Co. - Main St,400000224,225,09/04/2026 04:51 PM,09/04/2026 04:51 PM,700000224,Server B,,Counter,Dinner,Dine In,900000224,136997,,,,Fountain Drink,,Beverages,Main Menu,Beverage,2.75,0.00,2.75,1,0.23,false,false,false,EXCLUDED,,
Bluebird Bowl Co. - Main St,400000225,226,09/04/2026 04:56 PM,09/04/2026 04:56 PM,700000225,Server A,,Counter,Dinner,Dine In,900000225,136997,,,,Fountain Drink,,Beverages,Main Menu,Beverage,2.75,0.00,2.75,1,0.23,false,false,false,EXCLUDED,,
Bluebird Bowl Co. - Main St,400000226,227,09/04/2026 05:16 PM,09/04/2026 05:16 PM,700000226,Server B,,Counter,Dinner,Dine In,900000226,158126,,,,Salmon Plate,,Plates,Main Menu,Food,38.00,0.00,38.00,2,3.14,false,false,false,EXCLUDED,,
Bluebird Bowl Co. - Main St,400000227,228,09/04/2026 05:41 PM,09/04/2026 05:41 PM,700000227,Server A,,Counter,Dinner,Dine In,900000227,191961,,,,Chicken Bowl,,Bowls,Main Menu,Food,12.00,0.00,12.00,1,0.99,false,false,false,EXCLUDED,,
Bluebird Bowl Co. - Main St,400000228,229,09/04/2026 05:58 PM,09/04/2026 05:58 PM,700000228,Server B,,Counter,Dinner,Dine In,900000228,136997,,,,Fountain Drink,,Beverages,Main Menu,Beverage,5.50,0.00,5.50,2,0.45,false,false,false,EXCLUDED,,
Bluebird Bowl Co. - Main St,400000229,230,09/04/2026 06:21 PM,09/04/2026 06:21 PM,700000229,Server A,,Counter,Dinner,Take Out,900000229,158126,,,,Salmon Plate,,Plates,Main Menu,Food,38.00,0.00,38.00,2,3.14,false,false,false,EXCLUDED,,
Bluebird Bowl Co. - Main St,400000230,231,09/04/2026 06:26 PM,09/04/2026 06:26 PM,700000230,Server B,,Counter,Dinner,Dine In,900000230,177015,,,,Steak Bowl,,Bowls,Main Menu,Food,16.00,0.00,16.00,1,1.32,false,false,false,EXCLUDED,,
Bluebird Bowl Co. - Main St,400000231,232,09/04/2026 06:37 PM,09/04/2026 06:37 PM,700000231,Server A,,Counter,Dinner,Take Out,900000231,110096,,,,Veggie Bowl,,Bowls,Main Menu,Food,13.50,0.00,13.50,1,1.11,false,false,false,EXCLUDED,,
Bluebird Bowl Co. - Main St,400000232,233,09/04/2026 06:51 PM,09/04/2026 06:51 PM,700000232,Server B,,Counter,Dinner,Take Out,900000232,191961,,,,Chicken Bowl,,Bowls,Main Menu,Food,12.00,0.00,12.00,1,0.99,false,false,false,EXCLUDED,,
Bluebird Bowl Co. - Main St,400000233,234,09/04/2026 07:02 PM,09/04/2026 07:02 PM,700000233,Server A,,Counter,Dinner,Dine In,900000233,110096,,,,Veggie Bowl,,Bowls,Main Menu,Food,13.50,0.00,13.50,1,1.11,false,false,false,EXCLUDED,,
Bluebird Bowl Co. - Main St,400000234,235,09/04/2026 07:08 PM,09/04/2026 07:08 PM,700000234,Server B,,Counter,Dinner,Dine In,900000234,177015,,,,Steak Bowl,,Bowls,Main Menu,Food,16.00,0.00,16.00,1,1.32,false,false,false,EXCLUDED,,
Bluebird Bowl Co. - Main St,400000235,236,09/04/2026 08:02 PM,09/04/2026 08:02 PM,700000235,Server A,,Counter,Dinner,Dine In,900000235,136997,,,,Fountain Drink,,Beverages,Main Menu,Beverage,2.75,0.00,2.75,1,0.23,false,false,false,EXCLUDED,,
Bluebird Bowl Co. - Main St,400000236,237,09/04/2026 08:18 PM,09/04/2026 08:18 PM,700000236,Server B,,Counter,Dinner,Dine In,900000236,191961,,,,Chicken Bowl,,Bowls,Main Menu,Food,12.00,0.00,12.00,1,0.99,false,false,false,EXCLUDED,,
Bluebird Bowl Co. - Main St,400000237,238,09/04/2026 08:40 PM,09/04/2026 08:40 PM,700000237,Server A,,Counter,Dinner,Dine In,900000237,158126,,,,Salmon Plate,,Plates,Main Menu,Food,19.00,0.00,19.00,1,1.57,false,false,false,EXCLUDED,,
Bluebird Bowl Co. - Main St,400000238,239,09/05/2026 11:00 AM,09/05/2026 11:00 AM,700000238,Server B,,Counter,Lunch,Take Out,900000238,136997,,,,Fountain Drink,,Beverages,Main Menu,Beverage,5.50,0.00,5.50,2,0.45,false,false,false,EXCLUDED,,
Bluebird Bowl Co. - Main St,400000239,240,09/05/2026 11:11 AM,09/05/2026 11:11 AM,700000239,Server A,,Counter,Lunch,Take Out,900000239,136997,,,,Fountain Drink,,Beverages,Main Menu,Beverage,2.75,0.00,2.75,1,0.23,false,false,false,EXCLUDED,,
Bluebird Bowl Co. - Main St,400000240,241,09/05/2026 11:47 AM,09/05/2026 11:47 AM,700000240,Server B,,Counter,Lunch,Take Out,900000240,191961,,,,Chicken Bowl,,Bowls,Main Menu,Food,12.00,0.00,12.00,1,0.99,false,false,false,EXCLUDED,,
Bluebird Bowl Co. - Main St,400000241,242,09/05/2026 11:54 AM,09/05/2026 11:54 AM,700000241,Server A,,Counter,Lunch,Take Out,900000241,158126,,,,Salmon Plate,,Plates,Main Menu,Food,19.00,0.00,19.00,1,1.57,false,false,false,EXCLUDED,,
Bluebird Bowl Co. - Main St,400000242,243,09/05/2026 12:29 PM,09/05/2026 12:29 PM,700000242,Server B,,Counter,Lunch,Dine In,900000242,136997,,,,Fountain Drink,,Beverages,Main Menu,Beverage,2.75,0.00,2.75,1,0.23,false,false,false,EXCLUDED,,
Bluebird Bowl Co. - Main St,400000243,244,09/05/2026 12:41 PM,09/05/2026 12:41 PM,700000243,Server A,,Counter,Lunch,Take Out,900000243,191961,,,,Chicken Bowl,,Bowls,Main Menu,Food,12.00,0.00,12.00,1,0.99,false,false,false,EXCLUDED,,
Bluebird Bowl Co. - Main St,400000244,245,09/05/2026 12:52 PM,09/05/2026 12:52 PM,700000244,Server B,,Counter,Lunch,Take Out,900000244,136997,,,,Fountain Drink,,Beverages,Main Menu,Beverage,2.75,0.00,2.75,1,0.23,false,false,false,EXCLUDED,,
Bluebird Bowl Co. - Main St,400000245,246,09/05/2026 12:57 PM,09/05/2026 12:57 PM,700000245,Server A,,Counter,Lunch,Dine In,900000245,177015,,,,Steak Bowl,,Bowls,Main Menu,Food,16.00,0.00,16.00,1,1.32,false,false,false,EXCLUDED,,
Bluebird Bowl Co. - Main St,400000246,247,09/05/2026 02:15 PM,09/05/2026 02:15 PM,700000246,Server B,,Counter,Lunch,Take Out,900000246,177015,,,,Steak Bowl,,Bowls,Main Menu,Food,16.00,0.00,16.00,1,1.32,false,false,false,EXCLUDED,,
Bluebird Bowl Co. - Main St,400000247,248,09/05/2026 03:08 PM,09/05/2026 03:08 PM,700000247,Server A,,Counter,Lunch,Take Out,900000247,191961,,,,Chicken Bowl,,Bowls,Main Menu,Food,12.00,0.00,12.00,1,0.99,false,false,false,EXCLUDED,,
Bluebird Bowl Co. - Main St,400000248,249,09/05/2026 03:16 PM,09/05/2026 03:16 PM,700000248,Server B,,Counter,Lunch,Take Out,900000248,136997,,,,Fountain Drink,,Beverages,Main Menu,Beverage,2.75,0.00,2.75,1,0.23,false,false,false,EXCLUDED,,
Bluebird Bowl Co. - Main St,400000249,250,09/05/2026 03:24 PM,09/05/2026 03:24 PM,700000249,Server A,,Counter,Lunch,Dine In,900000249,177015,,,,Steak Bowl,,Bowls,Main Menu,Food,16.00,0.00,16.00,1,1.32,false,false,false,EXCLUDED,,
Bluebird Bowl Co. - Main St,400000250,251,09/05/2026 03:46 PM,09/05/2026 03:46 PM,700000250,Server B,,Counter,Lunch,Dine In,900000250,110096,,,,Veggie Bowl,,Bowls,Main Menu,Food,13.50,0.00,13.50,1,1.11,false,false,false,EXCLUDED,,
Bluebird Bowl Co. - Main St,400000251,252,09/05/2026 03:55 PM,09/05/2026 03:55 PM,700000251,Server A,,Counter,Lunch,Take Out,900000251,158126,,,,Salmon Plate,,Plates,Main Menu,Food,19.00,0.00,19.00,1,1.57,false,false,false,EXCLUDED,,
Bluebird Bowl Co. - Main St,400000252,253,09/05/2026 04:19 PM,09/05/2026 04:19 PM,700000252,Server B,,Counter,Dinner,Take Out,900000252,191961,,,,Chicken Bowl,,Bowls,Main Menu,Food,12.00,0.00,12.00,1,0.99,false,false,false,EXCLUDED,,
Bluebird Bowl Co. - Main St,400000253,254,09/05/2026 04:36 PM,09/05/2026 04:36 PM,700000253,Server A,,Counter,Dinner,Dine In,900000253,177015,,,,Steak Bowl,,Bowls,Main Menu,Food,16.00,0.00,16.00,1,1.32,false,false,false,EXCLUDED,,
Bluebird Bowl Co. - Main St,400000254,255,09/05/2026 04:44 PM,09/05/2026 04:44 PM,700000254,Server B,,Counter,Dinner,Dine In,900000254,158126,,,,Salmon Plate,,Plates,Main Menu,Food,19.00,0.00,19.00,1,1.57,false,false,false,EXCLUDED,,
Bluebird Bowl Co. - Main St,400000255,256,09/05/2026 05:00 PM,09/05/2026 05:00 PM,700000255,Server A,,Counter,Dinner,Take Out,900000255,177015,,,,Steak Bowl,,Bowls,Main Menu,Food,16.00,0.00,16.00,1,1.32,false,false,false,EXCLUDED,,
Bluebird Bowl Co. - Main St,400000256,257,09/05/2026 05:33 PM,09/05/2026 05:33 PM,700000256,Server B,,Counter,Dinner,Dine In,900000256,191961,,,,Chicken Bowl,,Bowls,Main Menu,Food,12.00,0.00,12.00,1,0.99,false,false,false,EXCLUDED,,
Bluebird Bowl Co. - Main St,400000257,258,09/05/2026 05:44 PM,09/05/2026 05:44 PM,700000257,Server A,,Counter,Dinner,Take Out,900000257,191961,,,,Chicken Bowl,,Bowls,Main Menu,Food,12.00,0.00,12.00,1,0.99,false,false,false,EXCLUDED,,
Bluebird Bowl Co. - Main St,400000258,259,09/05/2026 05:45 PM,09/05/2026 05:45 PM,700000258,Server B,,Counter,Dinner,Dine In,900000258,136997,,,,Fountain Drink,,Beverages,Main Menu,Beverage,2.75,0.00,2.75,1,0.23,false,false,false,EXCLUDED,,
Bluebird Bowl Co. - Main St,400000259,260,09/05/2026 05:48 PM,09/05/2026 05:48 PM,700000259,Server A,,Counter,Dinner,Dine In,900000259,175402,,,,Kids Tenders Plate,,Kids,Main Menu,Food,14.00,0.00,14.00,2,1.16,false,false,false,EXCLUDED,,
Bluebird Bowl Co. - Main St,400000260,261,09/05/2026 05:48 PM,09/05/2026 05:48 PM,700000260,Server B,,Counter,Dinner,Take Out,900000260,177015,,,,Steak Bowl,,Bowls,Main Menu,Food,16.00,0.00,16.00,1,1.32,false,false,false,EXCLUDED,,
Bluebird Bowl Co. - Main St,400000261,262,09/05/2026 05:52 PM,09/05/2026 05:52 PM,700000261,Server A,,Counter,Dinner,Take Out,900000261,191961,,,,Chicken Bowl,,Bowls,Main Menu,Food,12.00,0.00,12.00,1,0.99,false,false,false,EXCLUDED,,
Bluebird Bowl Co. - Main St,400000262,263,09/05/2026 06:07 PM,09/05/2026 06:07 PM,700000262,Server B,,Counter,Dinner,Take Out,900000262,136997,,,,Fountain Drink,,Beverages,Main Menu,Beverage,5.50,0.00,5.50,2,0.45,false,false,false,EXCLUDED,,
Bluebird Bowl Co. - Main St,400000263,264,09/05/2026 06:22 PM,09/05/2026 06:22 PM,700000263,Server A,,Counter,Dinner,Take Out,900000263,191961,,,,Chicken Bowl,,Bowls,Main Menu,Food,24.00,0.00,24.00,2,1.98,false,false,false,EXCLUDED,,
Bluebird Bowl Co. - Main St,400000264,265,09/05/2026 06:31 PM,09/05/2026 06:31 PM,700000264,Server B,,Counter,Dinner,Take Out,900000264,191961,,,,Chicken Bowl,,Bowls,Main Menu,Food,12.00,0.00,12.00,1,0.99,false,false,false,EXCLUDED,,
Bluebird Bowl Co. - Main St,400000265,266,09/05/2026 06:32 PM,09/05/2026 06:32 PM,700000265,Server A,,Counter,Dinner,Take Out,900000265,158126,,,,Salmon Plate,,Plates,Main Menu,Food,19.00,0.00,19.00,1,1.57,false,false,false,EXCLUDED,,
Bluebird Bowl Co. - Main St,400000266,267,09/05/2026 07:35 PM,09/05/2026 07:35 PM,700000266,Server B,,Counter,Dinner,Dine In,900000266,136997,,,,Fountain Drink,,Beverages,Main Menu,Beverage,2.75,0.00,2.75,1,0.23,false,false,false,EXCLUDED,,
Bluebird Bowl Co. - Main St,400000267,268,09/05/2026 08:20 PM,09/05/2026 08:20 PM,700000267,Server A,,Counter,Dinner,Take Out,900000267,158126,,,,Salmon Plate,,Plates,Main Menu,Food,38.00,0.00,38.00,2,3.14,false,false,false,EXCLUDED,,
Bluebird Bowl Co. - Main St,400000268,269,09/05/2026 08:20 PM,09/05/2026 08:20 PM,700000268,Server B,,Counter,Dinner,Take Out,900000268,177015,,,,Steak Bowl,,Bowls,Main Menu,Food,32.00,0.00,32.00,2,2.64,false,false,false,EXCLUDED,,
Bluebird Bowl Co. - Main St,400000269,270,09/05/2026 08:38 PM,09/05/2026 08:38 PM,700000269,Server A,,Counter,Dinner,Dine In,900000269,158126,,,,Salmon Plate,,Plates,Main Menu,Food,19.00,0.00,19.00,1,1.57,false,false,false,EXCLUDED,,
Bluebird Bowl Co. - Main St,400000270,271,09/05/2026 08:54 PM,09/05/2026 08:54 PM,700000270,Server B,,Counter,Dinner,Dine In,900000270,191961,,,,Chicken Bowl,,Bowls,Main Menu,Food,12.00,0.00,12.00,1,0.99,false,false,false,EXCLUDED,,
Bluebird Bowl Co. - Main St,400000271,272,09/05/2026 08:57 PM,09/05/2026 08:57 PM,700000271,Server A,,Counter,Dinner,Take Out,900000271,177015,,,,Steak Bowl,,Bowls,Main Menu,Food,16.00,0.00,16.00,1,1.32,false,false,false,EXCLUDED,,
Bluebird Bowl Co. - Main St,400000272,273,09/06/2026 11:13 AM,09/06/2026 11:13 AM,700000272,Server B,,Counter,Lunch,Take Out,900000272,158126,,,,Salmon Plate,,Plates,Main Menu,Food,19.00,0.00,19.00,1,1.57,false,false,false,EXCLUDED,,
Bluebird Bowl Co. - Main St,400000273,274,09/06/2026 11:27 AM,09/06/2026 11:27 AM,700000273,Server A,,Counter,Lunch,Dine In,900000273,191961,,,,Chicken Bowl,,Bowls,Main Menu,Food,12.00,0.00,12.00,1,0.99,false,false,false,EXCLUDED,,
Bluebird Bowl Co. - Main St,400000274,275,09/06/2026 11:42 AM,09/06/2026 11:42 AM,700000274,Server B,,Counter,Lunch,Dine In,900000274,136997,,,,Fountain Drink,,Beverages,Main Menu,Beverage,2.75,0.00,2.75,1,0.23,false,false,false,EXCLUDED,,
Bluebird Bowl Co. - Main St,400000275,276,09/06/2026 11:44 AM,09/06/2026 11:44 AM,700000275,Server A,,Counter,Lunch,Dine In,900000275,136997,,,,Fountain Drink,,Beverages,Main Menu,Beverage,2.75,0.00,2.75,1,0.23,false,false,false,EXCLUDED,,
Bluebird Bowl Co. - Main St,400000276,277,09/06/2026 11:48 AM,09/06/2026 11:48 AM,700000276,Server B,,Counter,Lunch,Dine In,900000276,158126,,,,Salmon Plate,,Plates,Main Menu,Food,19.00,0.00,19.00,1,1.57,false,false,false,EXCLUDED,,
Bluebird Bowl Co. - Main St,400000277,278,09/06/2026 12:36 PM,09/06/2026 12:36 PM,700000277,Server A,,Counter,Lunch,Take Out,900000277,191961,,,,Chicken Bowl,,Bowls,Main Menu,Food,12.00,0.00,12.00,1,0.99,false,false,false,EXCLUDED,,
Bluebird Bowl Co. - Main St,400000278,279,09/06/2026 12:43 PM,09/06/2026 12:43 PM,700000278,Server B,,Counter,Lunch,Take Out,900000278,158126,,,,Salmon Plate,,Plates,Main Menu,Food,19.00,0.00,19.00,1,1.57,false,false,false,EXCLUDED,,
Bluebird Bowl Co. - Main St,400000279,280,09/06/2026 12:57 PM,09/06/2026 12:57 PM,700000279,Server A,,Counter,Lunch,Take Out,900000279,136997,,,,Fountain Drink,,Beverages,Main Menu,Beverage,2.75,0.00,2.75,1,0.23,false,false,false,EXCLUDED,,
Bluebird Bowl Co. - Main St,400000280,281,09/06/2026 12:58 PM,09/06/2026 12:58 PM,700000280,Server B,,Counter,Lunch,Take Out,900000280,136997,,,,Fountain Drink,,Beverages,Main Menu,Beverage,5.50,0.00,5.50,2,0.45,false,false,false,EXCLUDED,,
Bluebird Bowl Co. - Main St,400000281,282,09/06/2026 01:44 PM,09/06/2026 01:44 PM,700000281,Server A,,Counter,Lunch,Dine In,900000281,177015,,,,Steak Bowl,,Bowls,Main Menu,Food,16.00,0.00,16.00,1,1.32,false,false,false,EXCLUDED,,
Bluebird Bowl Co. - Main St,400000282,283,09/06/2026 01:47 PM,09/06/2026 01:47 PM,700000282,Server B,,Counter,Lunch,Dine In,900000282,158126,,,,Salmon Plate,,Plates,Main Menu,Food,38.00,0.00,38.00,2,3.14,false,false,false,EXCLUDED,,
Bluebird Bowl Co. - Main St,400000283,284,09/06/2026 02:10 PM,09/06/2026 02:10 PM,700000283,Server A,,Counter,Lunch,Take Out,900000283,136997,,,,Fountain Drink,,Beverages,Main Menu,Beverage,2.75,0.00,2.75,1,0.23,false,false,false,EXCLUDED,,
Bluebird Bowl Co. - Main St,400000284,285,09/06/2026 02:13 PM,09/06/2026 02:13 PM,700000284,Server B,,Counter,Lunch,Dine In,900000284,191961,,,,Chicken Bowl,,Bowls,Main Menu,Food,12.00,0.00,12.00,1,0.99,false,false,false,EXCLUDED,,
Bluebird Bowl Co. - Main St,400000285,286,09/06/2026 02:27 PM,09/06/2026 02:27 PM,700000285,Server A,,Counter,Lunch,Take Out,900000285,175402,,,,Kids Tenders Plate,,Kids,Main Menu,Food,7.00,0.00,7.00,1,0.58,false,false,false,EXCLUDED,,
Bluebird Bowl Co. - Main St,400000286,287,09/06/2026 02:34 PM,09/06/2026 02:34 PM,700000286,Server B,,Counter,Lunch,Dine In,900000286,136997,,,,Fountain Drink,,Beverages,Main Menu,Beverage,2.75,0.00,2.75,1,0.23,false,false,false,EXCLUDED,,
Bluebird Bowl Co. - Main St,400000287,288,09/06/2026 02:35 PM,09/06/2026 02:35 PM,700000287,Server A,,Counter,Lunch,Take Out,900000287,136997,,,,Fountain Drink,,Beverages,Main Menu,Beverage,2.75,0.00,2.75,1,0.23,false,false,false,EXCLUDED,,
Bluebird Bowl Co. - Main St,400000288,289,09/06/2026 03:12 PM,09/06/2026 03:12 PM,700000288,Server B,,Counter,Lunch,Take Out,900000288,136997,,,,Fountain Drink,,Beverages,Main Menu,Beverage,5.50,0.00,5.50,2,0.45,false,false,false,EXCLUDED,,
Bluebird Bowl Co. - Main St,400000289,290,09/06/2026 03:13 PM,09/06/2026 03:13 PM,700000289,Server A,,Counter,Lunch,Dine In,900000289,191961,,,,Chicken Bowl,,Bowls,Main Menu,Food,12.00,0.00,12.00,1,0.99,false,false,false,EXCLUDED,,
Bluebird Bowl Co. - Main St,400000290,291,09/06/2026 04:07 PM,09/06/2026 04:07 PM,700000290,Server B,,Counter,Dinner,Dine In,900000290,191961,,,,Chicken Bowl,,Bowls,Main Menu,Food,12.00,0.00,12.00,1,0.99,false,false,false,EXCLUDED,,
Bluebird Bowl Co. - Main St,400000291,292,09/06/2026 04:20 PM,09/06/2026 04:20 PM,700000291,Server A,,Counter,Dinner,Dine In,900000291,158126,,,,Salmon Plate,,Plates,Main Menu,Food,19.00,0.00,19.00,1,1.57,false,false,false,EXCLUDED,,
Bluebird Bowl Co. - Main St,400000292,293,09/06/2026 05:03 PM,09/06/2026 05:03 PM,700000292,Server B,,Counter,Dinner,Dine In,900000292,191961,,,,Chicken Bowl,,Bowls,Main Menu,Food,24.00,0.00,24.00,2,1.98,false,false,false,EXCLUDED,,
Bluebird Bowl Co. - Main St,400000293,294,09/06/2026 05:06 PM,09/06/2026 05:06 PM,700000293,Server A,,Counter,Dinner,Take Out,900000293,177015,,,,Steak Bowl,,Bowls,Main Menu,Food,16.00,0.00,16.00,1,1.32,false,false,false,EXCLUDED,,
Bluebird Bowl Co. - Main St,400000294,295,09/06/2026 05:22 PM,09/06/2026 05:22 PM,700000294,Server B,,Counter,Dinner,Take Out,900000294,191961,,,,Chicken Bowl,,Bowls,Main Menu,Food,12.00,0.00,12.00,1,0.99,false,false,false,EXCLUDED,,
Bluebird Bowl Co. - Main St,400000295,296,09/06/2026 05:28 PM,09/06/2026 05:28 PM,700000295,Server A,,Counter,Dinner,Dine In,900000295,177015,,,,Steak Bowl,,Bowls,Main Menu,Food,16.00,0.00,16.00,1,1.32,false,false,false,EXCLUDED,,
Bluebird Bowl Co. - Main St,400000296,297,09/06/2026 05:39 PM,09/06/2026 05:39 PM,700000296,Server B,,Counter,Dinner,Take Out,900000296,191961,,,,Chicken Bowl,,Bowls,Main Menu,Food,12.00,0.00,12.00,1,0.99,false,false,false,EXCLUDED,,
Bluebird Bowl Co. - Main St,400000297,298,09/06/2026 06:21 PM,09/06/2026 06:21 PM,700000297,Server A,,Counter,Dinner,Dine In,900000297,136997,,,,Fountain Drink,,Beverages,Main Menu,Beverage,5.50,0.00,5.50,2,0.45,false,false,false,EXCLUDED,,
Bluebird Bowl Co. - Main St,400000298,299,09/06/2026 06:36 PM,09/06/2026 06:36 PM,700000298,Server B,,Counter,Dinner,Take Out,900000298,177015,,,,Steak Bowl,,Bowls,Main Menu,Food,32.00,0.00,32.00,2,2.64,false,false,false,EXCLUDED,,
Bluebird Bowl Co. - Main St,400000299,300,09/06/2026 07:02 PM,09/06/2026 07:02 PM,700000299,Server A,,Counter,Dinner,Take Out,900000299,136997,,,,Fountain Drink,,Beverages,Main Menu,Beverage,5.50,0.00,5.50,2,0.45,false,false,false,EXCLUDED,,
Bluebird Bowl Co. - Main St,400000300,301,09/06/2026 07:19 PM,09/06/2026 07:19 PM,700000300,Server B,,Counter,Dinner,Dine In,900000300,136997,,,,Fountain Drink,,Beverages,Main Menu,Beverage,2.75,0.00,2.75,1,0.23,false,false,false,EXCLUDED,,
Bluebird Bowl Co. - Main St,400000301,302,09/06/2026 08:03 PM,09/06/2026 08:03 PM,700000301,Server A,,Counter,Dinner,Dine In,900000301,177015,,,,Steak Bowl,,Bowls,Main Menu,Food,16.00,0.00,16.00,1,1.32,false,false,false,EXCLUDED,,
Bluebird Bowl Co. - Main St,400000302,303,09/06/2026 08:04 PM,09/06/2026 08:04 PM,700000302,Server B,,Counter,Dinner,Take Out,900000302,175402,,,,Kids Tenders Plate,,Kids,Main Menu,Food,7.00,0.00,7.00,1,0.58,false,false,false,EXCLUDED,,
Bluebird Bowl Co. - Main St,400000303,304,09/06/2026 08:08 PM,09/06/2026 08:08 PM,700000303,Server A,,Counter,Dinner,Dine In,900000303,110096,,,,Veggie Bowl,,Bowls,Main Menu,Food,13.50,0.00,13.50,1,1.11,false,false,false,EXCLUDED,,
Bluebird Bowl Co. - Main St,400000304,305,09/06/2026 08:49 PM,09/06/2026 08:49 PM,700000304,Server B,,Counter,Dinner,Dine In,900000304,136997,,,,Fountain Drink,,Beverages,Main Menu,Beverage,5.50,0.00,5.50,2,0.45,false,false,false,EXCLUDED,,
Bluebird Bowl Co. - Main St,400000305,306,09/07/2026 11:14 AM,09/07/2026 11:14 AM,700000305,Server A,,Counter,Lunch,Dine In,900000305,158126,,,,Salmon Plate,,Plates,Main Menu,Food,38.00,0.00,38.00,2,3.14,false,false,false,EXCLUDED,,
Bluebird Bowl Co. - Main St,400000306,307,09/07/2026 11:52 AM,09/07/2026 11:52 AM,700000306,Server B,,Counter,Lunch,Dine In,900000306,191961,,,,Chicken Bowl,,Bowls,Main Menu,Food,12.00,0.00,12.00,1,0.99,false,false,false,EXCLUDED,,
Bluebird Bowl Co. - Main St,400000307,308,09/07/2026 11:58 AM,09/07/2026 11:58 AM,700000307,Server A,,Counter,Lunch,Dine In,900000307,158126,,,,Salmon Plate,,Plates,Main Menu,Food,38.00,0.00,38.00,2,3.14,false,false,false,EXCLUDED,,
Bluebird Bowl Co. - Main St,400000308,309,09/07/2026 12:16 PM,09/07/2026 12:16 PM,700000308,Server B,,Counter,Lunch,Take Out,900000308,191961,,,,Chicken Bowl,,Bowls,Main Menu,Food,12.00,0.00,12.00,1,0.99,false,false,false,EXCLUDED,,
Bluebird Bowl Co. - Main St,400000309,310,09/07/2026 12:16 PM,09/07/2026 12:16 PM,700000309,Server A,,Counter,Lunch,Take Out,900000309,191961,,,,Chicken Bowl,,Bowls,Main Menu,Food,12.00,0.00,12.00,1,0.99,false,false,false,EXCLUDED,,
Bluebird Bowl Co. - Main St,400000310,311,09/07/2026 12:36 PM,09/07/2026 12:36 PM,700000310,Server B,,Counter,Lunch,Take Out,900000310,175402,,,,Kids Tenders Plate,,Kids,Main Menu,Food,14.00,0.00,14.00,2,1.16,false,false,false,EXCLUDED,,
Bluebird Bowl Co. - Main St,400000311,312,09/07/2026 12:45 PM,09/07/2026 12:45 PM,700000311,Server A,,Counter,Lunch,Take Out,900000311,158126,,,,Salmon Plate,,Plates,Main Menu,Food,38.00,0.00,38.00,2,3.14,false,false,false,EXCLUDED,,
Bluebird Bowl Co. - Main St,400000312,313,09/07/2026 12:56 PM,09/07/2026 12:56 PM,700000312,Server B,,Counter,Lunch,Take Out,900000312,136997,,,,Fountain Drink,,Beverages,Main Menu,Beverage,2.75,0.00,2.75,1,0.23,false,false,false,EXCLUDED,,
Bluebird Bowl Co. - Main St,400000313,314,09/07/2026 01:07 PM,09/07/2026 01:07 PM,700000313,Server A,,Counter,Lunch,Dine In,900000313,136997,,,,Fountain Drink,,Beverages,Main Menu,Beverage,2.75,0.00,2.75,1,0.23,false,false,false,EXCLUDED,,
Bluebird Bowl Co. - Main St,400000314,315,09/07/2026 01:08 PM,09/07/2026 01:08 PM,700000314,Server B,,Counter,Lunch,Dine In,900000314,175402,,,,Kids Tenders Plate,,Kids,Main Menu,Food,14.00,0.00,14.00,2,1.16,false,false,false,EXCLUDED,,
Bluebird Bowl Co. - Main St,400000315,316,09/07/2026 01:11 PM,09/07/2026 01:11 PM,700000315,Server A,,Counter,Lunch,Dine In,900000315,191961,,,,Chicken Bowl,,Bowls,Main Menu,Food,12.00,0.00,12.00,1,0.99,false,false,false,EXCLUDED,,
Bluebird Bowl Co. - Main St,400000316,317,09/07/2026 01:15 PM,09/07/2026 01:15 PM,700000316,Server B,,Counter,Lunch,Dine In,900000316,158126,,,,Salmon Plate,,Plates,Main Menu,Food,19.00,0.00,19.00,1,1.57,false,false,false,EXCLUDED,,
Bluebird Bowl Co. - Main St,400000317,318,09/07/2026 01:38 PM,09/07/2026 01:38 PM,700000317,Server A,,Counter,Lunch,Dine In,900000317,191961,,,,Chicken Bowl,,Bowls,Main Menu,Food,24.00,0.00,24.00,2,1.98,false,false,false,EXCLUDED,,
Bluebird Bowl Co. - Main St,400000318,319,09/07/2026 02:18 PM,09/07/2026 02:18 PM,700000318,Server B,,Counter,Lunch,Take Out,900000318,191961,,,,Chicken Bowl,,Bowls,Main Menu,Food,12.00,0.00,12.00,1,0.99,false,false,false,EXCLUDED,,
Bluebird Bowl Co. - Main St,400000319,320,09/07/2026 02:23 PM,09/07/2026 02:23 PM,700000319,Server A,,Counter,Lunch,Dine In,900000319,158126,,,,Salmon Plate,,Plates,Main Menu,Food,19.00,0.00,19.00,1,1.57,false,false,false,EXCLUDED,,
Bluebird Bowl Co. - Main St,400000320,321,09/07/2026 02:47 PM,09/07/2026 02:47 PM,700000320,Server B,,Counter,Lunch,Take Out,900000320,136997,,,,Fountain Drink,,Beverages,Main Menu,Beverage,2.75,0.00,2.75,1,0.23,false,false,false,EXCLUDED,,
Bluebird Bowl Co. - Main St,400000321,322,09/07/2026 03:14 PM,09/07/2026 03:14 PM,700000321,Server A,,Counter,Lunch,Take Out,900000321,136997,,,,Fountain Drink,,Beverages,Main Menu,Beverage,2.75,0.00,2.75,1,0.23,false,false,false,EXCLUDED,,
Bluebird Bowl Co. - Main St,400000322,323,09/07/2026 03:37 PM,09/07/2026 03:37 PM,700000322,Server B,,Counter,Lunch,Take Out,900000322,191961,,,,Chicken Bowl,,Bowls,Main Menu,Food,12.00,0.00,12.00,1,0.99,false,false,false,EXCLUDED,,
Bluebird Bowl Co. - Main St,400000323,324,09/07/2026 03:49 PM,09/07/2026 03:49 PM,700000323,Server A,,Counter,Lunch,Dine In,900000323,191961,,,,Chicken Bowl,,Bowls,Main Menu,Food,12.00,0.00,12.00,1,0.99,false,false,false,EXCLUDED,,
Bluebird Bowl Co. - Main St,400000324,325,09/07/2026 04:15 PM,09/07/2026 04:15 PM,700000324,Server B,,Counter,Dinner,Take Out,900000324,110096,,,,Veggie Bowl,,Bowls,Main Menu,Food,13.50,0.00,13.50,1,1.11,false,false,false,EXCLUDED,,
Bluebird Bowl Co. - Main St,400000325,326,09/07/2026 04:23 PM,09/07/2026 04:23 PM,700000325,Server A,,Counter,Dinner,Dine In,900000325,191961,,,,Chicken Bowl,,Bowls,Main Menu,Food,12.00,0.00,12.00,1,0.99,false,false,false,EXCLUDED,,
Bluebird Bowl Co. - Main St,400000326,327,09/07/2026 04:38 PM,09/07/2026 04:38 PM,700000326,Server B,,Counter,Dinner,Dine In,900000326,110096,,,,Veggie Bowl,,Bowls,Main Menu,Food,13.50,0.00,13.50,1,1.11,false,false,false,EXCLUDED,,
Bluebird Bowl Co. - Main St,400000327,328,09/07/2026 05:01 PM,09/07/2026 05:01 PM,700000327,Server A,,Counter,Dinner,Take Out,900000327,158126,,,,Salmon Plate,,Plates,Main Menu,Food,38.00,0.00,38.00,2,3.14,false,false,false,EXCLUDED,,
Bluebird Bowl Co. - Main St,400000328,329,09/07/2026 05:08 PM,09/07/2026 05:08 PM,700000328,Server B,,Counter,Dinner,Take Out,900000328,191961,,,,Chicken Bowl,,Bowls,Main Menu,Food,12.00,0.00,12.00,1,0.99,false,false,false,EXCLUDED,,
Bluebird Bowl Co. - Main St,400000329,330,09/07/2026 05:22 PM,09/07/2026 05:22 PM,700000329,Server A,,Counter,Dinner,Take Out,900000329,136997,,,,Fountain Drink,,Beverages,Main Menu,Beverage,2.75,0.00,2.75,1,0.23,false,false,false,EXCLUDED,,
Bluebird Bowl Co. - Main St,400000330,331,09/07/2026 05:52 PM,09/07/2026 05:52 PM,700000330,Server B,,Counter,Dinner,Take Out,900000330,158126,,,,Salmon Plate,,Plates,Main Menu,Food,19.00,0.00,19.00,1,1.57,false,false,false,EXCLUDED,,
Bluebird Bowl Co. - Main St,400000331,332,09/07/2026 05:54 PM,09/07/2026 05:54 PM,700000331,Server A,,Counter,Dinner,Dine In,900000331,110096,,,,Veggie Bowl,,Bowls,Main Menu,Food,27.00,0.00,27.00,2,2.23,false,false,false,EXCLUDED,,
Bluebird Bowl Co. - Main St,400000332,333,09/07/2026 06:02 PM,09/07/2026 06:02 PM,700000332,Server B,,Counter,Dinner,Dine In,900000332,136997,,,,Fountain Drink,,Beverages,Main Menu,Beverage,5.50,0.00,5.50,2,0.45,false,false,false,EXCLUDED,,
Bluebird Bowl Co. - Main St,400000333,334,09/07/2026 06:03 PM,09/07/2026 06:03 PM,700000333,Server A,,Counter,Dinner,Dine In,900000333,191961,,,,Chicken Bowl,,Bowls,Main Menu,Food,24.00,0.00,24.00,2,1.98,false,false,false,EXCLUDED,,
Bluebird Bowl Co. - Main St,400000334,335,09/07/2026 06:19 PM,09/07/2026 06:19 PM,700000334,Server B,,Counter,Dinner,Take Out,900000334,110096,,,,Veggie Bowl,,Bowls,Main Menu,Food,13.50,0.00,13.50,1,1.11,false,false,false,EXCLUDED,,
Bluebird Bowl Co. - Main St,400000335,336,09/07/2026 07:48 PM,09/07/2026 07:48 PM,700000335,Server A,,Counter,Dinner,Dine In,900000335,177015,,,,Steak Bowl,,Bowls,Main Menu,Food,16.00,0.00,16.00,1,1.32,false,false,false,EXCLUDED,,
Bluebird Bowl Co. - Main St,400000336,337,09/07/2026 08:32 PM,09/07/2026 08:32 PM,700000336,Server B,,Counter,Dinner,Dine In,900000336,158126,,,,Salmon Plate,,Plates,Main Menu,Food,19.00,0.00,19.00,1,1.57,false,false,false,EXCLUDED,,
Bluebird Bowl Co. - Main St,400000337,338,09/07/2026 08:42 PM,09/07/2026 08:42 PM,700000337,Server A,,Counter,Dinner,Dine In,900000337,175402,,,,Kids Tenders Plate,,Kids,Main Menu,Food,7.00,0.00,7.00,1,0.58,false,false,false,EXCLUDED,,
Bluebird Bowl Co. - Main St,400000338,339,09/08/2026 11:13 AM,09/08/2026 11:13 AM,700000338,Server B,,Counter,Lunch,Dine In,900000338,191961,,,,Chicken Bowl,,Bowls,Main Menu,Food,12.00,0.00,12.00,1,0.99,false,false,false,EXCLUDED,,
Bluebird Bowl Co. - Main St,400000339,340,09/08/2026 11:51 AM,09/08/2026 11:51 AM,700000339,Server A,,Counter,Lunch,Dine In,900000339,177015,,,,Steak Bowl,,Bowls,Main Menu,Food,32.00,0.00,32.00,2,2.64,false,false,false,EXCLUDED,,
Bluebird Bowl Co. - Main St,400000340,341,09/08/2026 12:00 PM,09/08/2026 12:00 PM,700000340,Server B,,Counter,Lunch,Take Out,900000340,191961,,,,Chicken Bowl,,Bowls,Main Menu,Food,12.00,0.00,12.00,1,0.99,false,false,false,EXCLUDED,,
Bluebird Bowl Co. - Main St,400000341,342,09/08/2026 12:34 PM,09/08/2026 12:34 PM,700000341,Server A,,Counter,Lunch,Dine In,900000341,177015,,,,Steak Bowl,,Bowls,Main Menu,Food,32.00,0.00,32.00,2,2.64,false,false,false,EXCLUDED,,
Bluebird Bowl Co. - Main St,400000342,343,09/08/2026 01:05 PM,09/08/2026 01:05 PM,700000342,Server B,,Counter,Lunch,Dine In,900000342,191961,,,,Chicken Bowl,,Bowls,Main Menu,Food,12.00,0.00,12.00,1,0.99,false,false,false,EXCLUDED,,
Bluebird Bowl Co. - Main St,400000343,344,09/08/2026 01:26 PM,09/08/2026 01:26 PM,700000343,Server A,,Counter,Lunch,Dine In,900000343,191961,,,,Chicken Bowl,,Bowls,Main Menu,Food,12.00,0.00,12.00,1,0.99,false,false,false,EXCLUDED,,
Bluebird Bowl Co. - Main St,400000344,345,09/08/2026 01:42 PM,09/08/2026 01:42 PM,700000344,Server B,,Counter,Lunch,Take Out,900000344,158126,,,,Salmon Plate,,Plates,Main Menu,Food,19.00,0.00,19.00,1,1.57,false,false,false,EXCLUDED,,
Bluebird Bowl Co. - Main St,400000345,346,09/08/2026 01:44 PM,09/08/2026 01:44 PM,700000345,Server A,,Counter,Lunch,Take Out,900000345,136997,,,,Fountain Drink,,Beverages,Main Menu,Beverage,2.75,0.00,2.75,1,0.23,false,false,false,EXCLUDED,,
Bluebird Bowl Co. - Main St,400000346,347,09/08/2026 02:04 PM,09/08/2026 02:04 PM,700000346,Server B,,Counter,Lunch,Dine In,900000346,136997,,,,Fountain Drink,,Beverages,Main Menu,Beverage,2.75,0.00,2.75,1,0.23,false,false,false,EXCLUDED,,
Bluebird Bowl Co. - Main St,400000347,348,09/08/2026 02:08 PM,09/08/2026 02:08 PM,700000347,Server A,,Counter,Lunch,Dine In,900000347,177015,,,,Steak Bowl,,Bowls,Main Menu,Food,16.00,0.00,16.00,1,1.32,false,false,false,EXCLUDED,,
Bluebird Bowl Co. - Main St,400000348,349,09/08/2026 02:30 PM,09/08/2026 02:30 PM,700000348,Server B,,Counter,Lunch,Dine In,900000348,191961,,,,Chicken Bowl,,Bowls,Main Menu,Food,12.00,0.00,12.00,1,0.99,false,false,false,EXCLUDED,,
Bluebird Bowl Co. - Main St,400000349,350,09/08/2026 02:44 PM,09/08/2026 02:44 PM,700000349,Server A,,Counter,Lunch,Take Out,900000349,177015,,,,Steak Bowl,,Bowls,Main Menu,Food,16.00,0.00,16.00,1,1.32,false,false,false,EXCLUDED,,
Bluebird Bowl Co. - Main St,400000350,351,09/08/2026 02:46 PM,09/08/2026 02:46 PM,700000350,Server B,,Counter,Lunch,Dine In,900000350,158126,,,,Salmon Plate,,Plates,Main Menu,Food,38.00,0.00,38.00,2,3.14,false,false,false,EXCLUDED,,
Bluebird Bowl Co. - Main St,400000351,352,09/08/2026 03:14 PM,09/08/2026 03:14 PM,700000351,Server A,,Counter,Lunch,Dine In,900000351,191961,,,,Chicken Bowl,,Bowls,Main Menu,Food,12.00,0.00,12.00,1,0.99,false,false,false,EXCLUDED,,
Bluebird Bowl Co. - Main St,400000352,353,09/08/2026 03:25 PM,09/08/2026 03:25 PM,700000352,Server B,,Counter,Lunch,Take Out,900000352,136997,,,,Fountain Drink,,Beverages,Main Menu,Beverage,2.75,0.00,2.75,1,0.23,false,false,false,EXCLUDED,,
Bluebird Bowl Co. - Main St,400000353,354,09/08/2026 03:49 PM,09/08/2026 03:49 PM,700000353,Server A,,Counter,Lunch,Dine In,900000353,191961,,,,Chicken Bowl,,Bowls,Main Menu,Food,12.00,0.00,12.00,1,0.99,false,false,false,EXCLUDED,,
Bluebird Bowl Co. - Main St,400000354,355,09/08/2026 04:00 PM,09/08/2026 04:00 PM,700000354,Server B,,Counter,Dinner,Take Out,900000354,191961,,,,Chicken Bowl,,Bowls,Main Menu,Food,12.00,0.00,12.00,1,0.99,false,false,false,EXCLUDED,,
Bluebird Bowl Co. - Main St,400000355,356,09/08/2026 04:26 PM,09/08/2026 04:26 PM,700000355,Server A,,Counter,Dinner,Take Out,900000355,177015,,,,Steak Bowl,,Bowls,Main Menu,Food,32.00,0.00,32.00,2,2.64,false,false,false,EXCLUDED,,
Bluebird Bowl Co. - Main St,400000356,357,09/08/2026 04:53 PM,09/08/2026 04:53 PM,700000356,Server B,,Counter,Dinner,Dine In,900000356,175402,,,,Kids Tenders Plate,,Kids,Main Menu,Food,14.00,0.00,14.00,2,1.16,false,false,false,EXCLUDED,,
Bluebird Bowl Co. - Main St,400000357,358,09/08/2026 05:10 PM,09/08/2026 05:10 PM,700000357,Server A,,Counter,Dinner,Dine In,900000357,175402,,,,Kids Tenders Plate,,Kids,Main Menu,Food,7.00,0.00,7.00,1,0.58,false,false,false,EXCLUDED,,
Bluebird Bowl Co. - Main St,400000358,359,09/08/2026 05:18 PM,09/08/2026 05:18 PM,700000358,Server B,,Counter,Dinner,Take Out,900000358,136997,,,,Fountain Drink,,Beverages,Main Menu,Beverage,2.75,0.00,2.75,1,0.23,false,false,false,EXCLUDED,,
Bluebird Bowl Co. - Main St,400000359,360,09/08/2026 05:34 PM,09/08/2026 05:34 PM,700000359,Server A,,Counter,Dinner,Take Out,900000359,136997,,,,Fountain Drink,,Beverages,Main Menu,Beverage,2.75,0.00,2.75,1,0.23,false,false,false,EXCLUDED,,
Bluebird Bowl Co. - Main St,400000360,361,09/08/2026 05:43 PM,09/08/2026 05:43 PM,700000360,Server B,,Counter,Dinner,Take Out,900000360,158126,,,,Salmon Plate,,Plates,Main Menu,Food,19.00,0.00,19.00,1,1.57,false,false,false,EXCLUDED,,
Bluebird Bowl Co. - Main St,400000361,362,09/08/2026 06:21 PM,09/08/2026 06:21 PM,700000361,Server A,,Counter,Dinner,Take Out,900000361,191961,,,,Chicken Bowl,,Bowls,Main Menu,Food,12.00,0.00,12.00,1,0.99,false,false,false,EXCLUDED,,
Bluebird Bowl Co. - Main St,400000362,363,09/08/2026 06:58 PM,09/08/2026 06:58 PM,700000362,Server B,,Counter,Dinner,Dine In,900000362,191961,,,,Chicken Bowl,,Bowls,Main Menu,Food,12.00,0.00,12.00,1,0.99,false,false,false,EXCLUDED,,
Bluebird Bowl Co. - Main St,400000363,364,09/08/2026 07:11 PM,09/08/2026 07:11 PM,700000363,Server A,,Counter,Dinner,Take Out,900000363,191961,,,,Chicken Bowl,,Bowls,Main Menu,Food,12.00,0.00,12.00,1,0.99,false,false,false,EXCLUDED,,
Bluebird Bowl Co. - Main St,400000364,365,09/08/2026 07:47 PM,09/08/2026 07:47 PM,700000364,Server B,,Counter,Dinner,Dine In,900000364,191961,,,,Chicken Bowl,,Bowls,Main Menu,Food,24.00,0.00,24.00,2,1.98,false,false,false,EXCLUDED,,
Bluebird Bowl Co. - Main St,400000365,366,09/08/2026 07:53 PM,09/08/2026 07:53 PM,700000365,Server A,,Counter,Dinner,Take Out,900000365,158126,,,,Salmon Plate,,Plates,Main Menu,Food,19.00,0.00,19.00,1,1.57,false,false,false,EXCLUDED,,
Bluebird Bowl Co. - Main St,400000366,367,09/08/2026 08:02 PM,09/08/2026 08:02 PM,700000366,Server B,,Counter,Dinner,Take Out,900000366,175402,,,,Kids Tenders Plate,,Kids,Main Menu,Food,7.00,0.00,7.00,1,0.58,false,false,false,EXCLUDED,,
Bluebird Bowl Co. - Main St,400000367,368,09/08/2026 08:20 PM,09/08/2026 08:20 PM,700000367,Server A,,Counter,Dinner,Dine In,900000367,191961,,,,Chicken Bowl,,Bowls,Main Menu,Food,12.00,0.00,12.00,1,0.99,false,false,false,EXCLUDED,,
Bluebird Bowl Co. - Main St,400000368,369,09/08/2026 08:27 PM,09/08/2026 08:27 PM,700000368,Server B,,Counter,Dinner,Dine In,900000368,136997,,,,Fountain Drink,,Beverages,Main Menu,Beverage,2.75,0.00,2.75,1,0.23,false,false,false,EXCLUDED,,
Bluebird Bowl Co. - Main St,400000369,370,09/08/2026 08:28 PM,09/08/2026 08:28 PM,700000369,Server A,,Counter,Dinner,Take Out,900000369,136997,,,,Fountain Drink,,Beverages,Main Menu,Beverage,5.50,0.00,5.50,2,0.45,false,false,false,EXCLUDED,,
Bluebird Bowl Co. - Main St,400000370,371,09/08/2026 08:30 PM,09/08/2026 08:30 PM,700000370,Server B,,Counter,Dinner,Take Out,900000370,136997,,,,Fountain Drink,,Beverages,Main Menu,Beverage,2.75,0.00,2.75,1,0.23,false,false,false,EXCLUDED,,
Bluebird Bowl Co. - Main St,400000371,372,09/09/2026 11:50 AM,09/09/2026 11:50 AM,700000371,Server A,,Counter,Lunch,Take Out,900000371,191961,,,,Chicken Bowl,,Bowls,Main Menu,Food,24.00,0.00,24.00,2,1.98,false,false,false,EXCLUDED,,
Bluebird Bowl Co. - Main St,400000372,373,09/09/2026 11:59 AM,09/09/2026 11:59 AM,700000372,Server B,,Counter,Lunch,Dine In,900000372,136997,,,,Fountain Drink,,Beverages,Main Menu,Beverage,2.75,0.00,2.75,1,0.23,false,false,false,EXCLUDED,,
Bluebird Bowl Co. - Main St,400000373,374,09/09/2026 12:08 PM,09/09/2026 12:08 PM,700000373,Server A,,Counter,Lunch,Dine In,900000373,136997,,,,Fountain Drink,,Beverages,Main Menu,Beverage,2.75,0.00,2.75,1,0.23,false,false,false,EXCLUDED,,
Bluebird Bowl Co. - Main St,400000374,375,09/09/2026 12:21 PM,09/09/2026 12:21 PM,700000374,Server B,,Counter,Lunch,Dine In,900000374,110096,,,,Veggie Bowl,,Bowls,Main Menu,Food,13.50,0.00,13.50,1,1.11,false,false,false,EXCLUDED,,
Bluebird Bowl Co. - Main St,400000375,376,09/09/2026 12:59 PM,09/09/2026 12:59 PM,700000375,Server A,,Counter,Lunch,Dine In,900000375,158126,,,,Salmon Plate,,Plates,Main Menu,Food,19.00,0.00,19.00,1,1.57,false,false,false,EXCLUDED,,
Bluebird Bowl Co. - Main St,400000376,377,09/09/2026 01:00 PM,09/09/2026 01:00 PM,700000376,Server B,,Counter,Lunch,Dine In,900000376,191961,,,,Chicken Bowl,,Bowls,Main Menu,Food,12.00,0.00,12.00,1,0.99,false,false,false,EXCLUDED,,
Bluebird Bowl Co. - Main St,400000377,378,09/09/2026 01:25 PM,09/09/2026 01:25 PM,700000377,Server A,,Counter,Lunch,Take Out,900000377,158126,,,,Salmon Plate,,Plates,Main Menu,Food,38.00,0.00,38.00,2,3.14,false,false,false,EXCLUDED,,
Bluebird Bowl Co. - Main St,400000378,379,09/09/2026 01:31 PM,09/09/2026 01:31 PM,700000378,Server B,,Counter,Lunch,Take Out,900000378,175402,,,,Kids Tenders Plate,,Kids,Main Menu,Food,7.00,0.00,7.00,1,0.58,false,false,false,EXCLUDED,,
Bluebird Bowl Co. - Main St,400000379,380,09/09/2026 01:59 PM,09/09/2026 01:59 PM,700000379,Server A,,Counter,Lunch,Take Out,900000379,191961,,,,Chicken Bowl,,Bowls,Main Menu,Food,12.00,0.00,12.00,1,0.99,false,false,false,EXCLUDED,,
Bluebird Bowl Co. - Main St,400000380,381,09/09/2026 02:26 PM,09/09/2026 02:26 PM,700000380,Server B,,Counter,Lunch,Take Out,900000380,191961,,,,Chicken Bowl,,Bowls,Main Menu,Food,12.00,0.00,12.00,1,0.99,false,false,false,EXCLUDED,,
Bluebird Bowl Co. - Main St,400000381,382,09/09/2026 02:46 PM,09/09/2026 02:46 PM,700000381,Server A,,Counter,Lunch,Take Out,900000381,158126,,,,Salmon Plate,,Plates,Main Menu,Food,38.00,0.00,38.00,2,3.14,false,false,false,EXCLUDED,,
Bluebird Bowl Co. - Main St,400000382,383,09/09/2026 03:10 PM,09/09/2026 03:10 PM,700000382,Server B,,Counter,Lunch,Take Out,900000382,110096,,,,Veggie Bowl,,Bowls,Main Menu,Food,13.50,0.00,13.50,1,1.11,false,false,false,EXCLUDED,,
Bluebird Bowl Co. - Main St,400000383,384,09/09/2026 03:20 PM,09/09/2026 03:20 PM,700000383,Server A,,Counter,Lunch,Dine In,900000383,136997,,,,Fountain Drink,,Beverages,Main Menu,Beverage,2.75,0.00,2.75,1,0.23,false,false,false,EXCLUDED,,
Bluebird Bowl Co. - Main St,400000384,385,09/09/2026 03:44 PM,09/09/2026 03:44 PM,700000384,Server B,,Counter,Lunch,Take Out,900000384,158126,,,,Salmon Plate,,Plates,Main Menu,Food,19.00,0.00,19.00,1,1.57,false,false,false,EXCLUDED,,
Bluebird Bowl Co. - Main St,400000385,386,09/09/2026 04:12 PM,09/09/2026 04:12 PM,700000385,Server A,,Counter,Dinner,Take Out,900000385,191961,,,,Chicken Bowl,,Bowls,Main Menu,Food,12.00,0.00,12.00,1,0.99,false,false,false,EXCLUDED,,
Bluebird Bowl Co. - Main St,400000386,387,09/09/2026 04:58 PM,09/09/2026 04:58 PM,700000386,Server B,,Counter,Dinner,Take Out,900000386,191961,,,,Chicken Bowl,,Bowls,Main Menu,Food,12.00,0.00,12.00,1,0.99,false,false,false,EXCLUDED,,
Bluebird Bowl Co. - Main St,400000387,388,09/09/2026 05:31 PM,09/09/2026 05:31 PM,700000387,Server A,,Counter,Dinner,Dine In,900000387,110096,,,,Veggie Bowl,,Bowls,Main Menu,Food,27.00,0.00,27.00,2,2.23,false,false,false,EXCLUDED,,
Bluebird Bowl Co. - Main St,400000388,389,09/09/2026 05:31 PM,09/09/2026 05:31 PM,700000388,Server B,,Counter,Dinner,Dine In,900000388,136997,,,,Fountain Drink,,Beverages,Main Menu,Beverage,2.75,0.00,2.75,1,0.23,false,false,false,EXCLUDED,,
Bluebird Bowl Co. - Main St,400000389,390,09/09/2026 06:09 PM,09/09/2026 06:09 PM,700000389,Server A,,Counter,Dinner,Take Out,900000389,177015,,,,Steak Bowl,,Bowls,Main Menu,Food,16.00,0.00,16.00,1,1.32,false,false,false,EXCLUDED,,
Bluebird Bowl Co. - Main St,400000390,391,09/09/2026 06:20 PM,09/09/2026 06:20 PM,700000390,Server B,,Counter,Dinner,Dine In,900000390,136997,,,,Fountain Drink,,Beverages,Main Menu,Beverage,2.75,0.00,2.75,1,0.23,false,false,false,EXCLUDED,,
Bluebird Bowl Co. - Main St,400000391,392,09/09/2026 06:23 PM,09/09/2026 06:23 PM,700000391,Server A,,Counter,Dinner,Dine In,900000391,110096,,,,Veggie Bowl,,Bowls,Main Menu,Food,13.50,0.00,13.50,1,1.11,false,false,false,EXCLUDED,,
Bluebird Bowl Co. - Main St,400000392,393,09/09/2026 06:36 PM,09/09/2026 06:36 PM,700000392,Server B,,Counter,Dinner,Dine In,900000392,136997,,,,Fountain Drink,,Beverages,Main Menu,Beverage,2.75,0.00,2.75,1,0.23,false,false,false,EXCLUDED,,
Bluebird Bowl Co. - Main St,400000393,394,09/09/2026 06:37 PM,09/09/2026 06:37 PM,700000393,Server A,,Counter,Dinner,Dine In,900000393,158126,,,,Salmon Plate,,Plates,Main Menu,Food,19.00,0.00,19.00,1,1.57,false,false,false,EXCLUDED,,
Bluebird Bowl Co. - Main St,400000394,395,09/09/2026 07:04 PM,09/09/2026 07:04 PM,700000394,Server B,,Counter,Dinner,Take Out,900000394,158126,,,,Salmon Plate,,Plates,Main Menu,Food,19.00,0.00,19.00,1,1.57,false,false,false,EXCLUDED,,
Bluebird Bowl Co. - Main St,400000395,396,09/09/2026 07:31 PM,09/09/2026 07:31 PM,700000395,Server A,,Counter,Dinner,Dine In,900000395,175402,,,,Kids Tenders Plate,,Kids,Main Menu,Food,14.00,0.00,14.00,2,1.16,false,false,false,EXCLUDED,,
Bluebird Bowl Co. - Main St,400000396,397,09/09/2026 07:37 PM,09/09/2026 07:37 PM,700000396,Server B,,Counter,Dinner,Dine In,900000396,191961,,,,Chicken Bowl,,Bowls,Main Menu,Food,12.00,0.00,12.00,1,0.99,false,false,false,EXCLUDED,,
Bluebird Bowl Co. - Main St,400000397,398,09/09/2026 07:49 PM,09/09/2026 07:49 PM,700000397,Server A,,Counter,Dinner,Take Out,900000397,191961,,,,Chicken Bowl,,Bowls,Main Menu,Food,12.00,0.00,12.00,1,0.99,false,false,false,EXCLUDED,,
Bluebird Bowl Co. - Main St,400000398,399,09/09/2026 08:06 PM,09/09/2026 08:06 PM,700000398,Server B,,Counter,Dinner,Take Out,900000398,177015,,,,Steak Bowl,,Bowls,Main Menu,Food,32.00,0.00,32.00,2,2.64,false,false,false,EXCLUDED,,
Bluebird Bowl Co. - Main St,400000399,400,09/09/2026 08:20 PM,09/09/2026 08:20 PM,700000399,Server A,,Counter,Dinner,Dine In,900000399,191961,,,,Chicken Bowl,,Bowls,Main Menu,Food,12.00,0.00,12.00,1,0.99,false,false,false,EXCLUDED,,
Bluebird Bowl Co. - Main St,400000400,1,09/09/2026 08:25 PM,09/09/2026 08:25 PM,700000400,Server B,,Counter,Dinner,Take Out,900000400,136997,,,,Fountain Drink,,Beverages,Main Menu,Beverage,2.75,0.00,2.75,1,0.23,false,false,false,EXCLUDED,,
Bluebird Bowl Co. - Main St,400000401,2,09/09/2026 08:38 PM,09/09/2026 08:38 PM,700000401,Server A,,Counter,Dinner,Take Out,900000401,158126,,,,Salmon Plate,,Plates,Main Menu,Food,38.00,0.00,38.00,2,3.14,false,false,false,EXCLUDED,,
Bluebird Bowl Co. - Main St,400000402,3,09/09/2026 08:38 PM,09/09/2026 08:38 PM,700000402,Server B,,Counter,Dinner,Dine In,900000402,136997,,,,Fountain Drink,,Beverages,Main Menu,Beverage,2.75,0.00,2.75,1,0.23,false,false,false,EXCLUDED,,
Bluebird Bowl Co. - Main St,400000403,4,09/09/2026 08:45 PM,09/09/2026 08:45 PM,700000403,Server A,,Counter,Dinner,Dine In,900000403,191961,,,,Chicken Bowl,,Bowls,Main Menu,Food,12.00,0.00,12.00,1,0.99,false,false,false,EXCLUDED,,
Bluebird Bowl Co. - Main St,400000404,5,09/10/2026 11:18 AM,09/10/2026 11:18 AM,700000404,Server B,,Counter,Lunch,Dine In,900000404,158126,,,,Salmon Plate,,Plates,Main Menu,Food,38.00,0.00,38.00,2,3.14,false,false,false,EXCLUDED,,
Bluebird Bowl Co. - Main St,400000405,6,09/10/2026 11:45 AM,09/10/2026 11:45 AM,700000405,Server A,,Counter,Lunch,Take Out,900000405,191961,,,,Chicken Bowl,,Bowls,Main Menu,Food,12.00,0.00,12.00,1,0.99,false,false,false,EXCLUDED,,
Bluebird Bowl Co. - Main St,400000406,7,09/10/2026 11:53 AM,09/10/2026 11:53 AM,700000406,Server B,,Counter,Lunch,Take Out,900000406,136997,,,,Fountain Drink,,Beverages,Main Menu,Beverage,2.75,0.00,2.75,1,0.23,false,false,false,EXCLUDED,,
Bluebird Bowl Co. - Main St,400000407,8,09/10/2026 12:10 PM,09/10/2026 12:10 PM,700000407,Server A,,Counter,Lunch,Dine In,900000407,191961,,,,Chicken Bowl,,Bowls,Main Menu,Food,12.00,0.00,12.00,1,0.99,false,false,false,EXCLUDED,,
Bluebird Bowl Co. - Main St,400000408,9,09/10/2026 12:16 PM,09/10/2026 12:16 PM,700000408,Server B,,Counter,Lunch,Take Out,900000408,158126,,,,Salmon Plate,,Plates,Main Menu,Food,19.00,0.00,19.00,1,1.57,false,false,false,EXCLUDED,,
Bluebird Bowl Co. - Main St,400000409,10,09/10/2026 12:57 PM,09/10/2026 12:57 PM,700000409,Server A,,Counter,Lunch,Take Out,900000409,191961,,,,Chicken Bowl,,Bowls,Main Menu,Food,12.00,0.00,12.00,1,0.99,false,false,false,EXCLUDED,,
Bluebird Bowl Co. - Main St,400000410,11,09/10/2026 01:49 PM,09/10/2026 01:49 PM,700000410,Server B,,Counter,Lunch,Take Out,900000410,136997,,,,Fountain Drink,,Beverages,Main Menu,Beverage,5.50,0.00,5.50,2,0.45,false,false,false,EXCLUDED,,
Bluebird Bowl Co. - Main St,400000411,12,09/10/2026 02:26 PM,09/10/2026 02:26 PM,700000411,Server A,,Counter,Lunch,Dine In,900000411,158126,,,,Salmon Plate,,Plates,Main Menu,Food,19.00,0.00,19.00,1,1.57,false,false,false,EXCLUDED,,
Bluebird Bowl Co. - Main St,400000412,13,09/10/2026 02:30 PM,09/10/2026 02:30 PM,700000412,Server B,,Counter,Lunch,Dine In,900000412,177015,,,,Steak Bowl,,Bowls,Main Menu,Food,16.00,0.00,16.00,1,1.32,false,false,false,EXCLUDED,,
Bluebird Bowl Co. - Main St,400000413,14,09/10/2026 02:31 PM,09/10/2026 02:31 PM,700000413,Server A,,Counter,Lunch,Take Out,900000413,191961,,,,Chicken Bowl,,Bowls,Main Menu,Food,12.00,0.00,12.00,1,0.99,false,false,false,EXCLUDED,,
Bluebird Bowl Co. - Main St,400000414,15,09/10/2026 02:33 PM,09/10/2026 02:33 PM,700000414,Server B,,Counter,Lunch,Take Out,900000414,158126,,,,Salmon Plate,,Plates,Main Menu,Food,19.00,0.00,19.00,1,1.57,false,false,false,EXCLUDED,,
Bluebird Bowl Co. - Main St,400000415,16,09/10/2026 03:03 PM,09/10/2026 03:03 PM,700000415,Server A,,Counter,Lunch,Take Out,900000415,191961,,,,Chicken Bowl,,Bowls,Main Menu,Food,12.00,0.00,12.00,1,0.99,false,false,false,EXCLUDED,,
Bluebird Bowl Co. - Main St,400000416,17,09/10/2026 03:06 PM,09/10/2026 03:06 PM,700000416,Server B,,Counter,Lunch,Dine In,900000416,191961,,,,Chicken Bowl,,Bowls,Main Menu,Food,12.00,0.00,12.00,1,0.99,false,false,false,EXCLUDED,,
Bluebird Bowl Co. - Main St,400000417,18,09/10/2026 03:23 PM,09/10/2026 03:23 PM,700000417,Server A,,Counter,Lunch,Dine In,900000417,191961,,,,Chicken Bowl,,Bowls,Main Menu,Food,12.00,0.00,12.00,1,0.99,false,false,false,EXCLUDED,,
Bluebird Bowl Co. - Main St,400000418,19,09/10/2026 03:47 PM,09/10/2026 03:47 PM,700000418,Server B,,Counter,Lunch,Dine In,900000418,110096,,,,Veggie Bowl,,Bowls,Main Menu,Food,13.50,0.00,13.50,1,1.11,false,false,false,EXCLUDED,,
Bluebird Bowl Co. - Main St,400000419,20,09/10/2026 03:57 PM,09/10/2026 03:57 PM,700000419,Server A,,Counter,Lunch,Take Out,900000419,191961,,,,Chicken Bowl,,Bowls,Main Menu,Food,12.00,0.00,12.00,1,0.99,false,false,false,EXCLUDED,,
Bluebird Bowl Co. - Main St,400000420,21,09/10/2026 04:22 PM,09/10/2026 04:22 PM,700000420,Server B,,Counter,Dinner,Take Out,900000420,177015,,,,Steak Bowl,,Bowls,Main Menu,Food,16.00,0.00,16.00,1,1.32,false,false,false,EXCLUDED,,
Bluebird Bowl Co. - Main St,400000421,22,09/10/2026 04:35 PM,09/10/2026 04:35 PM,700000421,Server A,,Counter,Dinner,Take Out,900000421,136997,,,,Fountain Drink,,Beverages,Main Menu,Beverage,2.75,0.00,2.75,1,0.23,false,false,false,EXCLUDED,,
Bluebird Bowl Co. - Main St,400000422,23,09/10/2026 04:43 PM,09/10/2026 04:43 PM,700000422,Server B,,Counter,Dinner,Take Out,900000422,158126,,,,Salmon Plate,,Plates,Main Menu,Food,19.00,0.00,19.00,1,1.57,false,false,false,EXCLUDED,,
Bluebird Bowl Co. - Main St,400000423,24,09/10/2026 04:45 PM,09/10/2026 04:45 PM,700000423,Server A,,Counter,Dinner,Dine In,900000423,136997,,,,Fountain Drink,,Beverages,Main Menu,Beverage,2.75,0.00,2.75,1,0.23,false,false,false,EXCLUDED,,
Bluebird Bowl Co. - Main St,400000424,25,09/10/2026 05:02 PM,09/10/2026 05:02 PM,700000424,Server B,,Counter,Dinner,Dine In,900000424,136997,,,,Fountain Drink,,Beverages,Main Menu,Beverage,2.75,0.00,2.75,1,0.23,false,false,false,EXCLUDED,,
Bluebird Bowl Co. - Main St,400000425,26,09/10/2026 05:43 PM,09/10/2026 05:43 PM,700000425,Server A,,Counter,Dinner,Take Out,900000425,136997,,,,Fountain Drink,,Beverages,Main Menu,Beverage,5.50,0.00,5.50,2,0.45,false,false,false,EXCLUDED,,
Bluebird Bowl Co. - Main St,400000426,27,09/10/2026 05:58 PM,09/10/2026 05:58 PM,700000426,Server B,,Counter,Dinner,Dine In,900000426,158126,,,,Salmon Plate,,Plates,Main Menu,Food,38.00,0.00,38.00,2,3.14,false,false,false,EXCLUDED,,
Bluebird Bowl Co. - Main St,400000427,28,09/10/2026 06:36 PM,09/10/2026 06:36 PM,700000427,Server A,,Counter,Dinner,Take Out,900000427,136997,,,,Fountain Drink,,Beverages,Main Menu,Beverage,2.75,0.00,2.75,1,0.23,false,false,false,EXCLUDED,,
Bluebird Bowl Co. - Main St,400000428,29,09/10/2026 07:29 PM,09/10/2026 07:29 PM,700000428,Server B,,Counter,Dinner,Take Out,900000428,175402,,,,Kids Tenders Plate,,Kids,Main Menu,Food,7.00,0.00,7.00,1,0.58,false,false,false,EXCLUDED,,
Bluebird Bowl Co. - Main St,400000429,30,09/10/2026 07:29 PM,09/10/2026 07:29 PM,700000429,Server A,,Counter,Dinner,Take Out,900000429,191961,,,,Chicken Bowl,,Bowls,Main Menu,Food,12.00,0.00,12.00,1,0.99,false,false,false,EXCLUDED,,
Bluebird Bowl Co. - Main St,400000430,31,09/10/2026 07:33 PM,09/10/2026 07:33 PM,700000430,Server B,,Counter,Dinner,Take Out,900000430,191961,,,,Chicken Bowl,,Bowls,Main Menu,Food,24.00,0.00,24.00,2,1.98,false,false,false,EXCLUDED,,
Bluebird Bowl Co. - Main St,400000431,32,09/10/2026 08:14 PM,09/10/2026 08:14 PM,700000431,Server A,,Counter,Dinner,Dine In,900000431,136997,,,,Fountain Drink,,Beverages,Main Menu,Beverage,5.50,0.00,5.50,2,0.45,false,false,false,EXCLUDED,,
Bluebird Bowl Co. - Main St,400000432,33,09/10/2026 08:14 PM,09/10/2026 08:14 PM,700000432,Server B,,Counter,Dinner,Take Out,900000432,175402,,,,Kids Tenders Plate,,Kids,Main Menu,Food,14.00,0.00,14.00,2,1.16,false,false,false,EXCLUDED,,
Bluebird Bowl Co. - Main St,400000433,34,09/10/2026 08:19 PM,09/10/2026 08:19 PM,700000433,Server A,,Counter,Dinner,Take Out,900000433,191961,,,,Chicken Bowl,,Bowls,Main Menu,Food,12.00,0.00,12.00,1,0.99,false,false,false,EXCLUDED,,
Bluebird Bowl Co. - Main St,400000434,35,09/10/2026 08:32 PM,09/10/2026 08:32 PM,700000434,Server B,,Counter,Dinner,Dine In,900000434,158126,,,,Salmon Plate,,Plates,Main Menu,Food,19.00,0.00,19.00,1,1.57,false,false,false,EXCLUDED,,
Bluebird Bowl Co. - Main St,400000435,36,09/10/2026 08:40 PM,09/10/2026 08:40 PM,700000435,Server A,,Counter,Dinner,Dine In,900000435,136997,,,,Fountain Drink,,Beverages,Main Menu,Beverage,2.75,0.00,2.75,1,0.23,false,false,false,EXCLUDED,,
Bluebird Bowl Co. - Main St,400000436,37,09/10/2026 08:46 PM,09/10/2026 08:46 PM,700000436,Server B,,Counter,Dinner,Take Out,900000436,136997,,,,Fountain Drink,,Beverages,Main Menu,Beverage,5.50,0.00,5.50,2,0.45,false,false,false,EXCLUDED,,
Bluebird Bowl Co. - Main St,400000437,38,09/11/2026 11:23 AM,09/11/2026 11:23 AM,700000437,Server A,,Counter,Lunch,Take Out,900000437,191961,,,,Chicken Bowl,,Bowls,Main Menu,Food,12.00,0.00,12.00,1,0.99,false,false,false,EXCLUDED,,
Bluebird Bowl Co. - Main St,400000438,39,09/11/2026 11:39 AM,09/11/2026 11:39 AM,700000438,Server B,,Counter,Lunch,Dine In,900000438,136997,,,,Fountain Drink,,Beverages,Main Menu,Beverage,2.75,0.00,2.75,1,0.23,false,false,false,EXCLUDED,,
Bluebird Bowl Co. - Main St,400000439,40,09/11/2026 11:41 AM,09/11/2026 11:41 AM,700000439,Server A,,Counter,Lunch,Dine In,900000439,191961,,,,Chicken Bowl,,Bowls,Main Menu,Food,12.00,0.00,12.00,1,0.99,false,false,false,EXCLUDED,,
Bluebird Bowl Co. - Main St,400000440,41,09/11/2026 12:06 PM,09/11/2026 12:06 PM,700000440,Server B,,Counter,Lunch,Take Out,900000440,191961,,,,Chicken Bowl,,Bowls,Main Menu,Food,12.00,0.00,12.00,1,0.99,false,false,false,EXCLUDED,,
Bluebird Bowl Co. - Main St,400000441,42,09/11/2026 12:11 PM,09/11/2026 12:11 PM,700000441,Server A,,Counter,Lunch,Dine In,900000441,158126,,,,Salmon Plate,,Plates,Main Menu,Food,19.00,0.00,19.00,1,1.57,false,false,false,EXCLUDED,,
Bluebird Bowl Co. - Main St,400000442,43,09/11/2026 12:15 PM,09/11/2026 12:15 PM,700000442,Server B,,Counter,Lunch,Take Out,900000442,191961,,,,Chicken Bowl,,Bowls,Main Menu,Food,12.00,0.00,12.00,1,0.99,false,false,false,EXCLUDED,,
Bluebird Bowl Co. - Main St,400000443,44,09/11/2026 12:23 PM,09/11/2026 12:23 PM,700000443,Server A,,Counter,Lunch,Take Out,900000443,191961,,,,Chicken Bowl,,Bowls,Main Menu,Food,12.00,0.00,12.00,1,0.99,false,false,false,EXCLUDED,,
Bluebird Bowl Co. - Main St,400000444,45,09/11/2026 12:25 PM,09/11/2026 12:25 PM,700000444,Server B,,Counter,Lunch,Dine In,900000444,177015,,,,Steak Bowl,,Bowls,Main Menu,Food,16.00,0.00,16.00,1,1.32,false,false,false,EXCLUDED,,
Bluebird Bowl Co. - Main St,400000445,46,09/11/2026 01:22 PM,09/11/2026 01:22 PM,700000445,Server A,,Counter,Lunch,Take Out,900000445,136997,,,,Fountain Drink,,Beverages,Main Menu,Beverage,2.75,0.00,2.75,1,0.23,false,false,false,EXCLUDED,,
Bluebird Bowl Co. - Main St,400000446,47,09/11/2026 01:49 PM,09/11/2026 01:49 PM,700000446,Server B,,Counter,Lunch,Dine In,900000446,191961,,,,Chicken Bowl,,Bowls,Main Menu,Food,12.00,0.00,12.00,1,0.99,false,false,false,EXCLUDED,,
Bluebird Bowl Co. - Main St,400000447,48,09/11/2026 02:14 PM,09/11/2026 02:14 PM,700000447,Server A,,Counter,Lunch,Dine In,900000447,136997,,,,Fountain Drink,,Beverages,Main Menu,Beverage,2.75,0.00,2.75,1,0.23,false,false,false,EXCLUDED,,
Bluebird Bowl Co. - Main St,400000448,49,09/11/2026 02:29 PM,09/11/2026 02:29 PM,700000448,Server B,,Counter,Lunch,Take Out,900000448,110096,,,,Veggie Bowl,,Bowls,Main Menu,Food,27.00,0.00,27.00,2,2.23,false,false,false,EXCLUDED,,
Bluebird Bowl Co. - Main St,400000449,50,09/11/2026 02:42 PM,09/11/2026 02:42 PM,700000449,Server A,,Counter,Lunch,Take Out,900000449,158126,,,,Salmon Plate,,Plates,Main Menu,Food,19.00,0.00,19.00,1,1.57,false,false,false,EXCLUDED,,
Bluebird Bowl Co. - Main St,400000450,51,09/11/2026 03:10 PM,09/11/2026 03:10 PM,700000450,Server B,,Counter,Lunch,Dine In,900000450,136997,,,,Fountain Drink,,Beverages,Main Menu,Beverage,2.75,0.00,2.75,1,0.23,false,false,false,EXCLUDED,,
Bluebird Bowl Co. - Main St,400000451,52,09/11/2026 03:18 PM,09/11/2026 03:18 PM,700000451,Server A,,Counter,Lunch,Take Out,900000451,158126,,,,Salmon Plate,,Plates,Main Menu,Food,38.00,0.00,38.00,2,3.14,false,false,false,EXCLUDED,,
Bluebird Bowl Co. - Main St,400000452,53,09/11/2026 03:47 PM,09/11/2026 03:47 PM,700000452,Server B,,Counter,Lunch,Take Out,900000452,191961,,,,Chicken Bowl,,Bowls,Main Menu,Food,12.00,0.00,12.00,1,0.99,false,false,false,EXCLUDED,,
Bluebird Bowl Co. - Main St,400000453,54,09/11/2026 04:12 PM,09/11/2026 04:12 PM,700000453,Server A,,Counter,Dinner,Dine In,900000453,136997,,,,Fountain Drink,,Beverages,Main Menu,Beverage,2.75,0.00,2.75,1,0.23,false,false,false,EXCLUDED,,
Bluebird Bowl Co. - Main St,400000454,55,09/11/2026 04:25 PM,09/11/2026 04:25 PM,700000454,Server B,,Counter,Dinner,Take Out,900000454,191961,,,,Chicken Bowl,,Bowls,Main Menu,Food,12.00,0.00,12.00,1,0.99,false,false,false,EXCLUDED,,
Bluebird Bowl Co. - Main St,400000455,56,09/11/2026 04:36 PM,09/11/2026 04:36 PM,700000455,Server A,,Counter,Dinner,Dine In,900000455,136997,,,,Fountain Drink,,Beverages,Main Menu,Beverage,2.75,0.00,2.75,1,0.23,false,false,false,EXCLUDED,,
Bluebird Bowl Co. - Main St,400000456,57,09/11/2026 04:44 PM,09/11/2026 04:44 PM,700000456,Server B,,Counter,Dinner,Take Out,900000456,136997,,,,Fountain Drink,,Beverages,Main Menu,Beverage,2.75,0.00,2.75,1,0.23,false,false,false,EXCLUDED,,
Bluebird Bowl Co. - Main St,400000457,58,09/11/2026 05:24 PM,09/11/2026 05:24 PM,700000457,Server A,,Counter,Dinner,Take Out,900000457,136997,,,,Fountain Drink,,Beverages,Main Menu,Beverage,2.75,0.00,2.75,1,0.23,false,false,false,EXCLUDED,,
Bluebird Bowl Co. - Main St,400000458,59,09/11/2026 06:00 PM,09/11/2026 06:00 PM,700000458,Server B,,Counter,Dinner,Take Out,900000458,136997,,,,Fountain Drink,,Beverages,Main Menu,Beverage,5.50,0.00,5.50,2,0.45,false,false,false,EXCLUDED,,
Bluebird Bowl Co. - Main St,400000459,60,09/11/2026 06:11 PM,09/11/2026 06:11 PM,700000459,Server A,,Counter,Dinner,Dine In,900000459,158126,,,,Salmon Plate,,Plates,Main Menu,Food,19.00,0.00,19.00,1,1.57,false,false,false,EXCLUDED,,
Bluebird Bowl Co. - Main St,400000460,61,09/11/2026 06:20 PM,09/11/2026 06:20 PM,700000460,Server B,,Counter,Dinner,Take Out,900000460,191961,,,,Chicken Bowl,,Bowls,Main Menu,Food,12.00,0.00,12.00,1,0.99,false,false,false,EXCLUDED,,
Bluebird Bowl Co. - Main St,400000461,62,09/11/2026 06:21 PM,09/11/2026 06:21 PM,700000461,Server A,,Counter,Dinner,Dine In,900000461,136997,,,,Fountain Drink,,Beverages,Main Menu,Beverage,5.50,0.00,5.50,2,0.45,false,false,false,EXCLUDED,,
Bluebird Bowl Co. - Main St,400000462,63,09/11/2026 06:33 PM,09/11/2026 06:33 PM,700000462,Server B,,Counter,Dinner,Dine In,900000462,191961,,,,Chicken Bowl,,Bowls,Main Menu,Food,24.00,0.00,24.00,2,1.98,false,false,false,EXCLUDED,,
Bluebird Bowl Co. - Main St,400000463,64,09/11/2026 06:35 PM,09/11/2026 06:35 PM,700000463,Server A,,Counter,Dinner,Take Out,900000463,191961,,,,Chicken Bowl,,Bowls,Main Menu,Food,12.00,0.00,12.00,1,0.99,false,false,false,EXCLUDED,,
Bluebird Bowl Co. - Main St,400000464,65,09/11/2026 06:36 PM,09/11/2026 06:36 PM,700000464,Server B,,Counter,Dinner,Dine In,900000464,158126,,,,Salmon Plate,,Plates,Main Menu,Food,19.00,0.00,19.00,1,1.57,false,false,false,EXCLUDED,,
Bluebird Bowl Co. - Main St,400000465,66,09/11/2026 07:20 PM,09/11/2026 07:20 PM,700000465,Server A,,Counter,Dinner,Dine In,900000465,158126,,,,Salmon Plate,,Plates,Main Menu,Food,38.00,0.00,38.00,2,3.14,false,false,false,EXCLUDED,,
Bluebird Bowl Co. - Main St,400000466,67,09/11/2026 07:46 PM,09/11/2026 07:46 PM,700000466,Server B,,Counter,Dinner,Dine In,900000466,191961,,,,Chicken Bowl,,Bowls,Main Menu,Food,12.00,0.00,12.00,1,0.99,false,false,false,EXCLUDED,,
Bluebird Bowl Co. - Main St,400000467,68,09/11/2026 08:06 PM,09/11/2026 08:06 PM,700000467,Server A,,Counter,Dinner,Take Out,900000467,136997,,,,Fountain Drink,,Beverages,Main Menu,Beverage,5.50,0.00,5.50,2,0.45,false,false,false,EXCLUDED,,
Bluebird Bowl Co. - Main St,400000468,69,09/11/2026 08:42 PM,09/11/2026 08:42 PM,700000468,Server B,,Counter,Dinner,Dine In,900000468,191961,,,,Chicken Bowl,,Bowls,Main Menu,Food,12.00,0.00,12.00,1,0.99,false,false,false,EXCLUDED,,
Bluebird Bowl Co. - Main St,400000469,70,09/11/2026 08:56 PM,09/11/2026 08:56 PM,700000469,Server A,,Counter,Dinner,Take Out,900000469,136997,,,,Fountain Drink,,Beverages,Main Menu,Beverage,2.75,0.00,2.75,1,0.23,false,false,false,EXCLUDED,,
Bluebird Bowl Co. - Main St,400000470,71,09/12/2026 11:24 AM,09/12/2026 11:24 AM,700000470,Server B,,Counter,Lunch,Dine In,900000470,136997,,,,Fountain Drink,,Beverages,Main Menu,Beverage,2.75,0.00,2.75,1,0.23,false,false,false,EXCLUDED,,
Bluebird Bowl Co. - Main St,400000471,72,09/12/2026 11:32 AM,09/12/2026 11:32 AM,700000471,Server A,,Counter,Lunch,Dine In,900000471,158126,,,,Salmon Plate,,Plates,Main Menu,Food,19.00,0.00,19.00,1,1.57,false,false,false,EXCLUDED,,
Bluebird Bowl Co. - Main St,400000472,73,09/12/2026 11:47 AM,09/12/2026 11:47 AM,700000472,Server B,,Counter,Lunch,Take Out,900000472,175402,,,,Kids Tenders Plate,,Kids,Main Menu,Food,14.00,0.00,14.00,2,1.16,false,false,false,EXCLUDED,,
Bluebird Bowl Co. - Main St,400000473,74,09/12/2026 12:18 PM,09/12/2026 12:18 PM,700000473,Server A,,Counter,Lunch,Take Out,900000473,158126,,,,Salmon Plate,,Plates,Main Menu,Food,19.00,0.00,19.00,1,1.57,false,false,false,EXCLUDED,,
Bluebird Bowl Co. - Main St,400000474,75,09/12/2026 12:26 PM,09/12/2026 12:26 PM,700000474,Server B,,Counter,Lunch,Take Out,900000474,158126,,,,Salmon Plate,,Plates,Main Menu,Food,38.00,0.00,38.00,2,3.14,false,false,false,EXCLUDED,,
Bluebird Bowl Co. - Main St,400000475,76,09/12/2026 12:34 PM,09/12/2026 12:34 PM,700000475,Server A,,Counter,Lunch,Take Out,900000475,191961,,,,Chicken Bowl,,Bowls,Main Menu,Food,24.00,0.00,24.00,2,1.98,false,false,false,EXCLUDED,,
Bluebird Bowl Co. - Main St,400000476,77,09/12/2026 12:36 PM,09/12/2026 12:36 PM,700000476,Server B,,Counter,Lunch,Dine In,900000476,136997,,,,Fountain Drink,,Beverages,Main Menu,Beverage,5.50,0.00,5.50,2,0.45,false,false,false,EXCLUDED,,
Bluebird Bowl Co. - Main St,400000477,78,09/12/2026 12:40 PM,09/12/2026 12:40 PM,700000477,Server A,,Counter,Lunch,Dine In,900000477,191961,,,,Chicken Bowl,,Bowls,Main Menu,Food,12.00,0.00,12.00,1,0.99,false,false,false,EXCLUDED,,
Bluebird Bowl Co. - Main St,400000478,79,09/12/2026 01:17 PM,09/12/2026 01:17 PM,700000478,Server B,,Counter,Lunch,Dine In,900000478,136997,,,,Fountain Drink,,Beverages,Main Menu,Beverage,2.75,0.00,2.75,1,0.23,false,false,false,EXCLUDED,,
Bluebird Bowl Co. - Main St,400000479,80,09/12/2026 01:20 PM,09/12/2026 01:20 PM,700000479,Server A,,Counter,Lunch,Dine In,900000479,191961,,,,Chicken Bowl,,Bowls,Main Menu,Food,12.00,0.00,12.00,1,0.99,false,false,false,EXCLUDED,,
Bluebird Bowl Co. - Main St,400000480,81,09/12/2026 01:36 PM,09/12/2026 01:36 PM,700000480,Server B,,Counter,Lunch,Dine In,900000480,136997,,,,Fountain Drink,,Beverages,Main Menu,Beverage,5.50,0.00,5.50,2,0.45,false,false,false,EXCLUDED,,
Bluebird Bowl Co. - Main St,400000481,82,09/12/2026 01:40 PM,09/12/2026 01:40 PM,700000481,Server A,,Counter,Lunch,Take Out,900000481,158126,,,,Salmon Plate,,Plates,Main Menu,Food,19.00,0.00,19.00,1,1.57,false,false,false,EXCLUDED,,
Bluebird Bowl Co. - Main St,400000482,83,09/12/2026 01:47 PM,09/12/2026 01:47 PM,700000482,Server B,,Counter,Lunch,Take Out,900000482,191961,,,,Chicken Bowl,,Bowls,Main Menu,Food,24.00,0.00,24.00,2,1.98,false,false,false,EXCLUDED,,
Bluebird Bowl Co. - Main St,400000483,84,09/12/2026 01:59 PM,09/12/2026 01:59 PM,700000483,Server A,,Counter,Lunch,Dine In,900000483,177015,,,,Steak Bowl,,Bowls,Main Menu,Food,32.00,0.00,32.00,2,2.64,false,false,false,EXCLUDED,,
Bluebird Bowl Co. - Main St,400000484,85,09/12/2026 02:00 PM,09/12/2026 02:00 PM,700000484,Server B,,Counter,Lunch,Dine In,900000484,191961,,,,Chicken Bowl,,Bowls,Main Menu,Food,24.00,0.00,24.00,2,1.98,false,false,false,EXCLUDED,,
Bluebird Bowl Co. - Main St,400000485,86,09/12/2026 02:20 PM,09/12/2026 02:20 PM,700000485,Server A,,Counter,Lunch,Take Out,900000485,110096,,,,Veggie Bowl,,Bowls,Main Menu,Food,13.50,0.00,13.50,1,1.11,false,false,false,EXCLUDED,,
Bluebird Bowl Co. - Main St,400000486,87,09/12/2026 03:16 PM,09/12/2026 03:16 PM,700000486,Server B,,Counter,Lunch,Dine In,900000486,136997,,,,Fountain Drink,,Beverages,Main Menu,Beverage,5.50,0.00,5.50,2,0.45,false,false,false,EXCLUDED,,
Bluebird Bowl Co. - Main St,400000487,88,09/12/2026 03:24 PM,09/12/2026 03:24 PM,700000487,Server A,,Counter,Lunch,Dine In,900000487,177015,,,,Steak Bowl,,Bowls,Main Menu,Food,16.00,0.00,16.00,1,1.32,false,false,false,EXCLUDED,,
Bluebird Bowl Co. - Main St,400000488,89,09/12/2026 03:29 PM,09/12/2026 03:29 PM,700000488,Server B,,Counter,Lunch,Take Out,900000488,110096,,,,Veggie Bowl,,Bowls,Main Menu,Food,13.50,0.00,13.50,1,1.11,false,false,false,EXCLUDED,,
Bluebird Bowl Co. - Main St,400000489,90,09/12/2026 03:56 PM,09/12/2026 03:56 PM,700000489,Server A,,Counter,Lunch,Take Out,900000489,191961,,,,Chicken Bowl,,Bowls,Main Menu,Food,12.00,0.00,12.00,1,0.99,false,false,false,EXCLUDED,,
Bluebird Bowl Co. - Main St,400000490,91,09/12/2026 04:33 PM,09/12/2026 04:33 PM,700000490,Server B,,Counter,Dinner,Dine In,900000490,191961,,,,Chicken Bowl,,Bowls,Main Menu,Food,12.00,0.00,12.00,1,0.99,false,false,false,EXCLUDED,,
Bluebird Bowl Co. - Main St,400000491,92,09/12/2026 04:38 PM,09/12/2026 04:38 PM,700000491,Server A,,Counter,Dinner,Dine In,900000491,158126,,,,Salmon Plate,,Plates,Main Menu,Food,38.00,0.00,38.00,2,3.14,false,false,false,EXCLUDED,,
Bluebird Bowl Co. - Main St,400000492,93,09/12/2026 04:52 PM,09/12/2026 04:52 PM,700000492,Server B,,Counter,Dinner,Take Out,900000492,110096,,,,Veggie Bowl,,Bowls,Main Menu,Food,13.50,0.00,13.50,1,1.11,false,false,false,EXCLUDED,,
Bluebird Bowl Co. - Main St,400000493,94,09/12/2026 05:23 PM,09/12/2026 05:23 PM,700000493,Server A,,Counter,Dinner,Dine In,900000493,177015,,,,Steak Bowl,,Bowls,Main Menu,Food,16.00,0.00,16.00,1,1.32,false,false,false,EXCLUDED,,
Bluebird Bowl Co. - Main St,400000494,95,09/12/2026 06:09 PM,09/12/2026 06:09 PM,700000494,Server B,,Counter,Dinner,Take Out,900000494,158126,,,,Salmon Plate,,Plates,Main Menu,Food,19.00,0.00,19.00,1,1.57,false,false,false,EXCLUDED,,
Bluebird Bowl Co. - Main St,400000495,96,09/12/2026 06:09 PM,09/12/2026 06:09 PM,700000495,Server A,,Counter,Dinner,Dine In,900000495,175402,,,,Kids Tenders Plate,,Kids,Main Menu,Food,7.00,0.00,7.00,1,0.58,false,false,false,EXCLUDED,,
Bluebird Bowl Co. - Main St,400000496,97,09/12/2026 06:35 PM,09/12/2026 06:35 PM,700000496,Server B,,Counter,Dinner,Take Out,900000496,191961,,,,Chicken Bowl,,Bowls,Main Menu,Food,12.00,0.00,12.00,1,0.99,false,false,false,EXCLUDED,,
Bluebird Bowl Co. - Main St,400000497,98,09/12/2026 07:16 PM,09/12/2026 07:16 PM,700000497,Server A,,Counter,Dinner,Dine In,900000497,191961,,,,Chicken Bowl,,Bowls,Main Menu,Food,24.00,0.00,24.00,2,1.98,false,false,false,EXCLUDED,,
Bluebird Bowl Co. - Main St,400000498,99,09/12/2026 08:04 PM,09/12/2026 08:04 PM,700000498,Server B,,Counter,Dinner,Dine In,900000498,191961,,,,Chicken Bowl,,Bowls,Main Menu,Food,24.00,0.00,24.00,2,1.98,false,false,false,EXCLUDED,,
Bluebird Bowl Co. - Main St,400000499,100,09/12/2026 08:43 PM,09/12/2026 08:43 PM,700000499,Server A,,Counter,Dinner,Take Out,900000499,110096,,,,Veggie Bowl,,Bowls,Main Menu,Food,13.50,0.00,13.50,1,1.11,false,false,false,EXCLUDED,,
Bluebird Bowl Co. - Main St,400000500,101,09/12/2026 08:44 PM,09/12/2026 08:44 PM,700000500,Server B,,Counter,Dinner,Take Out,900000500,175402,,,,Kids Tenders Plate,,Kids,Main Menu,Food,7.00,0.00,7.00,1,0.58,false,false,false,EXCLUDED,,
Bluebird Bowl Co. - Main St,400000501,102,09/12/2026 08:50 PM,09/12/2026 08:50 PM,700000501,Server A,,Counter,Dinner,Take Out,900000501,158126,,,,Salmon Plate,,Plates,Main Menu,Food,19.00,0.00,19.00,1,1.57,false,false,false,EXCLUDED,,
Bluebird Bowl Co. - Main St,400000502,103,09/12/2026 08:58 PM,09/12/2026 08:58 PM,700000502,Server B,,Counter,Dinner,Take Out,900000502,136997,,,,Fountain Drink,,Beverages,Main Menu,Beverage,2.75,0.00,2.75,1,0.23,false,false,false,EXCLUDED,,
Bluebird Bowl Co. - Main St,400000503,104,09/13/2026 11:00 AM,09/13/2026 11:00 AM,700000503,Server A,,Counter,Lunch,Dine In,900000503,177015,,,,Steak Bowl,,Bowls,Main Menu,Food,16.00,0.00,16.00,1,1.32,false,false,false,EXCLUDED,,
Bluebird Bowl Co. - Main St,400000504,105,09/13/2026 11:19 AM,09/13/2026 11:19 AM,700000504,Server B,,Counter,Lunch,Take Out,900000504,136997,,,,Fountain Drink,,Beverages,Main Menu,Beverage,5.50,0.00,5.50,2,0.45,false,false,false,EXCLUDED,,
Bluebird Bowl Co. - Main St,400000505,106,09/13/2026 11:23 AM,09/13/2026 11:23 AM,700000505,Server A,,Counter,Lunch,Dine In,900000505,177015,,,,Steak Bowl,,Bowls,Main Menu,Food,16.00,0.00,16.00,1,1.32,false,false,false,EXCLUDED,,
Bluebird Bowl Co. - Main St,400000506,107,09/13/2026 12:15 PM,09/13/2026 12:15 PM,700000506,Server B,,Counter,Lunch,Dine In,900000506,136997,,,,Fountain Drink,,Beverages,Main Menu,Beverage,5.50,0.00,5.50,2,0.45,false,false,false,EXCLUDED,,
Bluebird Bowl Co. - Main St,400000507,108,09/13/2026 12:25 PM,09/13/2026 12:25 PM,700000507,Server A,,Counter,Lunch,Take Out,900000507,136997,,,,Fountain Drink,,Beverages,Main Menu,Beverage,2.75,0.00,2.75,1,0.23,false,false,false,EXCLUDED,,
Bluebird Bowl Co. - Main St,400000508,109,09/13/2026 12:52 PM,09/13/2026 12:52 PM,700000508,Server B,,Counter,Lunch,Dine In,900000508,191961,,,,Chicken Bowl,,Bowls,Main Menu,Food,24.00,0.00,24.00,2,1.98,false,false,false,EXCLUDED,,
Bluebird Bowl Co. - Main St,400000509,110,09/13/2026 01:22 PM,09/13/2026 01:22 PM,700000509,Server A,,Counter,Lunch,Dine In,900000509,136997,,,,Fountain Drink,,Beverages,Main Menu,Beverage,5.50,0.00,5.50,2,0.45,false,false,false,EXCLUDED,,
Bluebird Bowl Co. - Main St,400000510,111,09/13/2026 02:28 PM,09/13/2026 02:28 PM,700000510,Server B,,Counter,Lunch,Dine In,900000510,110096,,,,Veggie Bowl,,Bowls,Main Menu,Food,13.50,0.00,13.50,1,1.11,false,false,false,EXCLUDED,,
Bluebird Bowl Co. - Main St,400000511,112,09/13/2026 03:19 PM,09/13/2026 03:19 PM,700000511,Server A,,Counter,Lunch,Dine In,900000511,191961,,,,Chicken Bowl,,Bowls,Main Menu,Food,24.00,0.00,24.00,2,1.98,false,false,false,EXCLUDED,,
Bluebird Bowl Co. - Main St,400000512,113,09/13/2026 03:46 PM,09/13/2026 03:46 PM,700000512,Server B,,Counter,Lunch,Take Out,900000512,191961,,,,Chicken Bowl,,Bowls,Main Menu,Food,12.00,0.00,12.00,1,0.99,false,false,false,EXCLUDED,,
Bluebird Bowl Co. - Main St,400000513,114,09/13/2026 03:49 PM,09/13/2026 03:49 PM,700000513,Server A,,Counter,Lunch,Take Out,900000513,136997,,,,Fountain Drink,,Beverages,Main Menu,Beverage,2.75,0.00,2.75,1,0.23,false,false,false,EXCLUDED,,
Bluebird Bowl Co. - Main St,400000514,115,09/13/2026 03:49 PM,09/13/2026 03:49 PM,700000514,Server B,,Counter,Lunch,Take Out,900000514,191961,,,,Chicken Bowl,,Bowls,Main Menu,Food,12.00,0.00,12.00,1,0.99,false,false,false,EXCLUDED,,
Bluebird Bowl Co. - Main St,400000515,116,09/13/2026 03:50 PM,09/13/2026 03:50 PM,700000515,Server A,,Counter,Lunch,Dine In,900000515,136997,,,,Fountain Drink,,Beverages,Main Menu,Beverage,5.50,0.00,5.50,2,0.45,false,false,false,EXCLUDED,,
Bluebird Bowl Co. - Main St,400000516,117,09/13/2026 03:52 PM,09/13/2026 03:52 PM,700000516,Server B,,Counter,Lunch,Take Out,900000516,158126,,,,Salmon Plate,,Plates,Main Menu,Food,19.00,0.00,19.00,1,1.57,false,false,false,EXCLUDED,,
Bluebird Bowl Co. - Main St,400000517,118,09/13/2026 03:57 PM,09/13/2026 03:57 PM,700000517,Server A,,Counter,Lunch,Dine In,900000517,191961,,,,Chicken Bowl,,Bowls,Main Menu,Food,12.00,0.00,12.00,1,0.99,false,false,false,EXCLUDED,,
Bluebird Bowl Co. - Main St,400000518,119,09/13/2026 04:01 PM,09/13/2026 04:01 PM,700000518,Server B,,Counter,Dinner,Dine In,900000518,191961,,,,Chicken Bowl,,Bowls,Main Menu,Food,12.00,0.00,12.00,1,0.99,false,false,false,EXCLUDED,,
Bluebird Bowl Co. - Main St,400000519,120,09/13/2026 04:53 PM,09/13/2026 04:53 PM,700000519,Server A,,Counter,Dinner,Dine In,900000519,191961,,,,Chicken Bowl,,Bowls,Main Menu,Food,12.00,0.00,12.00,1,0.99,false,false,false,EXCLUDED,,
Bluebird Bowl Co. - Main St,400000520,121,09/13/2026 05:03 PM,09/13/2026 05:03 PM,700000520,Server B,,Counter,Dinner,Take Out,900000520,191961,,,,Chicken Bowl,,Bowls,Main Menu,Food,12.00,0.00,12.00,1,0.99,false,false,false,EXCLUDED,,
Bluebird Bowl Co. - Main St,400000521,122,09/13/2026 05:25 PM,09/13/2026 05:25 PM,700000521,Server A,,Counter,Dinner,Take Out,900000521,158126,,,,Salmon Plate,,Plates,Main Menu,Food,19.00,0.00,19.00,1,1.57,false,false,false,EXCLUDED,,
Bluebird Bowl Co. - Main St,400000522,123,09/13/2026 05:28 PM,09/13/2026 05:28 PM,700000522,Server B,,Counter,Dinner,Take Out,900000522,191961,,,,Chicken Bowl,,Bowls,Main Menu,Food,12.00,0.00,12.00,1,0.99,false,false,false,EXCLUDED,,
Bluebird Bowl Co. - Main St,400000523,124,09/13/2026 05:35 PM,09/13/2026 05:35 PM,700000523,Server A,,Counter,Dinner,Dine In,900000523,177015,,,,Steak Bowl,,Bowls,Main Menu,Food,32.00,0.00,32.00,2,2.64,false,false,false,EXCLUDED,,
Bluebird Bowl Co. - Main St,400000524,125,09/13/2026 05:44 PM,09/13/2026 05:44 PM,700000524,Server B,,Counter,Dinner,Dine In,900000524,191961,,,,Chicken Bowl,,Bowls,Main Menu,Food,12.00,0.00,12.00,1,0.99,false,false,false,EXCLUDED,,
Bluebird Bowl Co. - Main St,400000525,126,09/13/2026 05:57 PM,09/13/2026 05:57 PM,700000525,Server A,,Counter,Dinner,Dine In,900000525,191961,,,,Chicken Bowl,,Bowls,Main Menu,Food,12.00,0.00,12.00,1,0.99,false,false,false,EXCLUDED,,
Bluebird Bowl Co. - Main St,400000526,127,09/13/2026 06:01 PM,09/13/2026 06:01 PM,700000526,Server B,,Counter,Dinner,Take Out,900000526,136997,,,,Fountain Drink,,Beverages,Main Menu,Beverage,5.50,0.00,5.50,2,0.45,false,false,false,EXCLUDED,,
Bluebird Bowl Co. - Main St,400000527,128,09/13/2026 06:34 PM,09/13/2026 06:34 PM,700000527,Server A,,Counter,Dinner,Dine In,900000527,177015,,,,Steak Bowl,,Bowls,Main Menu,Food,16.00,0.00,16.00,1,1.32,false,false,false,EXCLUDED,,
Bluebird Bowl Co. - Main St,400000528,129,09/13/2026 06:56 PM,09/13/2026 06:56 PM,700000528,Server B,,Counter,Dinner,Dine In,900000528,136997,,,,Fountain Drink,,Beverages,Main Menu,Beverage,5.50,0.00,5.50,2,0.45,false,false,false,EXCLUDED,,
Bluebird Bowl Co. - Main St,400000529,130,09/13/2026 07:26 PM,09/13/2026 07:26 PM,700000529,Server A,,Counter,Dinner,Take Out,900000529,191961,,,,Chicken Bowl,,Bowls,Main Menu,Food,12.00,0.00,12.00,1,0.99,false,false,false,EXCLUDED,,
Bluebird Bowl Co. - Main St,400000530,131,09/13/2026 07:41 PM,09/13/2026 07:41 PM,700000530,Server B,,Counter,Dinner,Dine In,900000530,136997,,,,Fountain Drink,,Beverages,Main Menu,Beverage,2.75,0.00,2.75,1,0.23,false,false,false,EXCLUDED,,
Bluebird Bowl Co. - Main St,400000531,132,09/13/2026 07:51 PM,09/13/2026 07:51 PM,700000531,Server A,,Counter,Dinner,Dine In,900000531,110096,,,,Veggie Bowl,,Bowls,Main Menu,Food,13.50,0.00,13.50,1,1.11,false,false,false,EXCLUDED,,
Bluebird Bowl Co. - Main St,400000532,133,09/13/2026 08:06 PM,09/13/2026 08:06 PM,700000532,Server B,,Counter,Dinner,Take Out,900000532,191961,,,,Chicken Bowl,,Bowls,Main Menu,Food,24.00,0.00,24.00,2,1.98,false,false,false,EXCLUDED,,
Bluebird Bowl Co. - Main St,400000533,134,09/13/2026 08:15 PM,09/13/2026 08:15 PM,700000533,Server A,,Counter,Dinner,Take Out,900000533,158126,,,,Salmon Plate,,Plates,Main Menu,Food,19.00,0.00,19.00,1,1.57,false,false,false,EXCLUDED,,
Bluebird Bowl Co. - Main St,400000534,135,09/13/2026 08:23 PM,09/13/2026 08:23 PM,700000534,Server B,,Counter,Dinner,Dine In,900000534,136997,,,,Fountain Drink,,Beverages,Main Menu,Beverage,2.75,0.00,2.75,1,0.23,false,false,false,EXCLUDED,,
Bluebird Bowl Co. - Main St,400000535,136,09/13/2026 08:25 PM,09/13/2026 08:25 PM,700000535,Server A,,Counter,Dinner,Take Out,900000535,136997,,,,Fountain Drink,,Beverages,Main Menu,Beverage,2.75,0.00,2.75,1,0.23,false,false,false,EXCLUDED,,
Bluebird Bowl Co. - Main St,400000536,137,09/14/2026 11:05 AM,09/14/2026 11:05 AM,700000536,Server B,,Counter,Lunch,Take Out,900000536,191961,,,,Chicken Bowl,,Bowls,Main Menu,Food,24.00,0.00,24.00,2,1.98,false,false,false,EXCLUDED,,
Bluebird Bowl Co. - Main St,400000537,138,09/14/2026 11:21 AM,09/14/2026 11:21 AM,700000537,Server A,,Counter,Lunch,Take Out,900000537,191961,,,,Chicken Bowl,,Bowls,Main Menu,Food,12.00,0.00,12.00,1,0.99,false,false,false,EXCLUDED,,
Bluebird Bowl Co. - Main St,400000538,139,09/14/2026 11:22 AM,09/14/2026 11:22 AM,700000538,Server B,,Counter,Lunch,Take Out,900000538,177015,,,,Steak Bowl,,Bowls,Main Menu,Food,32.00,0.00,32.00,2,2.64,false,false,false,EXCLUDED,,
Bluebird Bowl Co. - Main St,400000539,140,09/14/2026 11:37 AM,09/14/2026 11:37 AM,700000539,Server A,,Counter,Lunch,Dine In,900000539,136997,,,,Fountain Drink,,Beverages,Main Menu,Beverage,2.75,0.00,2.75,1,0.23,false,false,false,EXCLUDED,,
Bluebird Bowl Co. - Main St,400000540,141,09/14/2026 11:38 AM,09/14/2026 11:38 AM,700000540,Server B,,Counter,Lunch,Dine In,900000540,191961,,,,Chicken Bowl,,Bowls,Main Menu,Food,12.00,0.00,12.00,1,0.99,false,false,false,EXCLUDED,,
Bluebird Bowl Co. - Main St,400000541,142,09/14/2026 11:39 AM,09/14/2026 11:39 AM,700000541,Server A,,Counter,Lunch,Take Out,900000541,191961,,,,Chicken Bowl,,Bowls,Main Menu,Food,12.00,0.00,12.00,1,0.99,false,false,false,EXCLUDED,,
Bluebird Bowl Co. - Main St,400000542,143,09/14/2026 11:54 AM,09/14/2026 11:54 AM,700000542,Server B,,Counter,Lunch,Dine In,900000542,158126,,,,Salmon Plate,,Plates,Main Menu,Food,19.00,0.00,19.00,1,1.57,false,false,false,EXCLUDED,,
Bluebird Bowl Co. - Main St,400000543,144,09/14/2026 12:03 PM,09/14/2026 12:03 PM,700000543,Server A,,Counter,Lunch,Dine In,900000543,136997,,,,Fountain Drink,,Beverages,Main Menu,Beverage,5.50,0.00,5.50,2,0.45,false,false,false,EXCLUDED,,
Bluebird Bowl Co. - Main St,400000544,145,09/14/2026 12:22 PM,09/14/2026 12:22 PM,700000544,Server B,,Counter,Lunch,Take Out,900000544,191961,,,,Chicken Bowl,,Bowls,Main Menu,Food,12.00,0.00,12.00,1,0.99,false,false,false,EXCLUDED,,
Bluebird Bowl Co. - Main St,400000545,146,09/14/2026 12:49 PM,09/14/2026 12:49 PM,700000545,Server A,,Counter,Lunch,Dine In,900000545,158126,,,,Salmon Plate,,Plates,Main Menu,Food,19.00,0.00,19.00,1,1.57,false,false,false,EXCLUDED,,
Bluebird Bowl Co. - Main St,400000546,147,09/14/2026 01:31 PM,09/14/2026 01:31 PM,700000546,Server B,,Counter,Lunch,Take Out,900000546,191961,,,,Chicken Bowl,,Bowls,Main Menu,Food,24.00,0.00,24.00,2,1.98,false,false,false,EXCLUDED,,
Bluebird Bowl Co. - Main St,400000547,148,09/14/2026 02:30 PM,09/14/2026 02:30 PM,700000547,Server A,,Counter,Lunch,Take Out,900000547,136997,,,,Fountain Drink,,Beverages,Main Menu,Beverage,2.75,0.00,2.75,1,0.23,false,false,false,EXCLUDED,,
Bluebird Bowl Co. - Main St,400000548,149,09/14/2026 03:13 PM,09/14/2026 03:13 PM,700000548,Server B,,Counter,Lunch,Take Out,900000548,191961,,,,Chicken Bowl,,Bowls,Main Menu,Food,12.00,0.00,12.00,1,0.99,false,false,false,EXCLUDED,,
Bluebird Bowl Co. - Main St,400000549,150,09/14/2026 03:16 PM,09/14/2026 03:16 PM,700000549,Server A,,Counter,Lunch,Take Out,900000549,158126,,,,Salmon Plate,,Plates,Main Menu,Food,19.00,0.00,19.00,1,1.57,false,false,false,EXCLUDED,,
Bluebird Bowl Co. - Main St,400000550,151,09/14/2026 03:35 PM,09/14/2026 03:35 PM,700000550,Server B,,Counter,Lunch,Dine In,900000550,136997,,,,Fountain Drink,,Beverages,Main Menu,Beverage,2.75,0.00,2.75,1,0.23,false,false,false,EXCLUDED,,
Bluebird Bowl Co. - Main St,400000551,152,09/14/2026 03:44 PM,09/14/2026 03:44 PM,700000551,Server A,,Counter,Lunch,Dine In,900000551,191961,,,,Chicken Bowl,,Bowls,Main Menu,Food,24.00,0.00,24.00,2,1.98,false,false,false,EXCLUDED,,
Bluebird Bowl Co. - Main St,400000552,153,09/14/2026 04:08 PM,09/14/2026 04:08 PM,700000552,Server B,,Counter,Dinner,Dine In,900000552,158126,,,,Salmon Plate,,Plates,Main Menu,Food,38.00,0.00,38.00,2,3.14,false,false,false,EXCLUDED,,
Bluebird Bowl Co. - Main St,400000553,154,09/14/2026 04:10 PM,09/14/2026 04:10 PM,700000553,Server A,,Counter,Dinner,Take Out,900000553,158126,,,,Salmon Plate,,Plates,Main Menu,Food,19.00,0.00,19.00,1,1.57,false,false,false,EXCLUDED,,
Bluebird Bowl Co. - Main St,400000554,155,09/14/2026 04:34 PM,09/14/2026 04:34 PM,700000554,Server B,,Counter,Dinner,Take Out,900000554,191961,,,,Chicken Bowl,,Bowls,Main Menu,Food,12.00,0.00,12.00,1,0.99,false,false,false,EXCLUDED,,
Bluebird Bowl Co. - Main St,400000555,156,09/14/2026 04:37 PM,09/14/2026 04:37 PM,700000555,Server A,,Counter,Dinner,Take Out,900000555,177015,,,,Steak Bowl,,Bowls,Main Menu,Food,16.00,0.00,16.00,1,1.32,false,false,false,EXCLUDED,,
Bluebird Bowl Co. - Main St,400000556,157,09/14/2026 04:49 PM,09/14/2026 04:49 PM,700000556,Server B,,Counter,Dinner,Dine In,900000556,177015,,,,Steak Bowl,,Bowls,Main Menu,Food,16.00,0.00,16.00,1,1.32,false,false,false,EXCLUDED,,
Bluebird Bowl Co. - Main St,400000557,158,09/14/2026 05:23 PM,09/14/2026 05:23 PM,700000557,Server A,,Counter,Dinner,Take Out,900000557,177015,,,,Steak Bowl,,Bowls,Main Menu,Food,16.00,0.00,16.00,1,1.32,false,false,false,EXCLUDED,,
Bluebird Bowl Co. - Main St,400000558,159,09/14/2026 05:24 PM,09/14/2026 05:24 PM,700000558,Server B,,Counter,Dinner,Take Out,900000558,191961,,,,Chicken Bowl,,Bowls,Main Menu,Food,12.00,0.00,12.00,1,0.99,false,false,false,EXCLUDED,,
Bluebird Bowl Co. - Main St,400000559,160,09/14/2026 06:04 PM,09/14/2026 06:04 PM,700000559,Server A,,Counter,Dinner,Take Out,900000559,191961,,,,Chicken Bowl,,Bowls,Main Menu,Food,12.00,0.00,12.00,1,0.99,false,false,false,EXCLUDED,,
Bluebird Bowl Co. - Main St,400000560,161,09/14/2026 06:06 PM,09/14/2026 06:06 PM,700000560,Server B,,Counter,Dinner,Take Out,900000560,136997,,,,Fountain Drink,,Beverages,Main Menu,Beverage,2.75,0.00,2.75,1,0.23,false,false,false,EXCLUDED,,
Bluebird Bowl Co. - Main St,400000561,162,09/14/2026 06:16 PM,09/14/2026 06:16 PM,700000561,Server A,,Counter,Dinner,Dine In,900000561,136997,,,,Fountain Drink,,Beverages,Main Menu,Beverage,2.75,0.00,2.75,1,0.23,false,false,false,EXCLUDED,,
Bluebird Bowl Co. - Main St,400000562,163,09/14/2026 07:35 PM,09/14/2026 07:35 PM,700000562,Server B,,Counter,Dinner,Dine In,900000562,158126,,,,Salmon Plate,,Plates,Main Menu,Food,19.00,0.00,19.00,1,1.57,false,false,false,EXCLUDED,,
Bluebird Bowl Co. - Main St,400000563,164,09/14/2026 07:58 PM,09/14/2026 07:58 PM,700000563,Server A,,Counter,Dinner,Take Out,900000563,136997,,,,Fountain Drink,,Beverages,Main Menu,Beverage,2.75,0.00,2.75,1,0.23,false,false,false,EXCLUDED,,
Bluebird Bowl Co. - Main St,400000564,165,09/14/2026 08:03 PM,09/14/2026 08:03 PM,700000564,Server B,,Counter,Dinner,Dine In,900000564,136997,,,,Fountain Drink,,Beverages,Main Menu,Beverage,2.75,0.00,2.75,1,0.23,false,false,false,EXCLUDED,,
Bluebird Bowl Co. - Main St,400000565,166,09/14/2026 08:06 PM,09/14/2026 08:06 PM,700000565,Server A,,Counter,Dinner,Take Out,900000565,191961,,,,Chicken Bowl,,Bowls,Main Menu,Food,12.00,0.00,12.00,1,0.99,false,false,false,EXCLUDED,,
Bluebird Bowl Co. - Main St,400000566,167,09/14/2026 08:09 PM,09/14/2026 08:09 PM,700000566,Server B,,Counter,Dinner,Take Out,900000566,177015,,,,Steak Bowl,,Bowls,Main Menu,Food,32.00,0.00,32.00,2,2.64,false,false,false,EXCLUDED,,
Bluebird Bowl Co. - Main St,400000567,168,09/14/2026 08:09 PM,09/14/2026 08:09 PM,700000567,Server A,,Counter,Dinner,Take Out,900000567,191961,,,,Chicken Bowl,,Bowls,Main Menu,Food,24.00,0.00,24.00,2,1.98,false,false,false,EXCLUDED,,
Bluebird Bowl Co. - Main St,400000568,169,09/14/2026 08:49 PM,09/14/2026 08:49 PM,700000568,Server B,,Counter,Dinner,Dine In,900000568,136997,,,,Fountain Drink,,Beverages,Main Menu,Beverage,2.75,0.00,2.75,1,0.23,false,false,false,EXCLUDED,,
Bluebird Bowl Co. - Main St,400000569,170,09/15/2026 11:01 AM,09/15/2026 11:01 AM,700000569,Server A,,Counter,Lunch,Take Out,900000569,136997,,,,Fountain Drink,,Beverages,Main Menu,Beverage,2.75,0.00,2.75,1,0.23,false,false,false,EXCLUDED,,
Bluebird Bowl Co. - Main St,400000570,171,09/15/2026 11:21 AM,09/15/2026 11:21 AM,700000570,Server B,,Counter,Lunch,Take Out,900000570,136997,,,,Fountain Drink,,Beverages,Main Menu,Beverage,2.75,0.00,2.75,1,0.23,false,false,false,EXCLUDED,,
Bluebird Bowl Co. - Main St,400000571,172,09/15/2026 11:42 AM,09/15/2026 11:42 AM,700000571,Server A,,Counter,Lunch,Dine In,900000571,158126,,,,Salmon Plate,,Plates,Main Menu,Food,19.00,0.00,19.00,1,1.57,false,false,false,EXCLUDED,,
Bluebird Bowl Co. - Main St,400000572,173,09/15/2026 11:48 AM,09/15/2026 11:48 AM,700000572,Server B,,Counter,Lunch,Dine In,900000572,191961,,,,Chicken Bowl,,Bowls,Main Menu,Food,24.00,0.00,24.00,2,1.98,false,false,false,EXCLUDED,,
Bluebird Bowl Co. - Main St,400000573,174,09/15/2026 12:03 PM,09/15/2026 12:03 PM,700000573,Server A,,Counter,Lunch,Take Out,900000573,158126,,,,Salmon Plate,,Plates,Main Menu,Food,19.00,0.00,19.00,1,1.57,false,false,false,EXCLUDED,,
Bluebird Bowl Co. - Main St,400000574,175,09/15/2026 12:05 PM,09/15/2026 12:05 PM,700000574,Server B,,Counter,Lunch,Dine In,900000574,177015,,,,Steak Bowl,,Bowls,Main Menu,Food,16.00,0.00,16.00,1,1.32,false,false,false,EXCLUDED,,
Bluebird Bowl Co. - Main St,400000575,176,09/15/2026 12:52 PM,09/15/2026 12:52 PM,700000575,Server A,,Counter,Lunch,Take Out,900000575,177015,,,,Steak Bowl,,Bowls,Main Menu,Food,16.00,0.00,16.00,1,1.32,false,false,false,EXCLUDED,,
Bluebird Bowl Co. - Main St,400000576,177,09/15/2026 01:18 PM,09/15/2026 01:18 PM,700000576,Server B,,Counter,Lunch,Dine In,900000576,191961,,,,Chicken Bowl,,Bowls,Main Menu,Food,12.00,0.00,12.00,1,0.99,false,false,false,EXCLUDED,,
Bluebird Bowl Co. - Main St,400000577,178,09/15/2026 01:36 PM,09/15/2026 01:36 PM,700000577,Server A,,Counter,Lunch,Take Out,900000577,136997,,,,Fountain Drink,,Beverages,Main Menu,Beverage,2.75,0.00,2.75,1,0.23,false,false,false,EXCLUDED,,
Bluebird Bowl Co. - Main St,400000578,179,09/15/2026 02:41 PM,09/15/2026 02:41 PM,700000578,Server B,,Counter,Lunch,Take Out,900000578,136997,,,,Fountain Drink,,Beverages,Main Menu,Beverage,2.75,0.00,2.75,1,0.23,false,false,false,EXCLUDED,,
Bluebird Bowl Co. - Main St,400000579,180,09/15/2026 02:46 PM,09/15/2026 02:46 PM,700000579,Server A,,Counter,Lunch,Take Out,900000579,158126,,,,Salmon Plate,,Plates,Main Menu,Food,38.00,0.00,38.00,2,3.14,false,false,false,EXCLUDED,,
Bluebird Bowl Co. - Main St,400000580,181,09/15/2026 03:19 PM,09/15/2026 03:19 PM,700000580,Server B,,Counter,Lunch,Take Out,900000580,177015,,,,Steak Bowl,,Bowls,Main Menu,Food,16.00,0.00,16.00,1,1.32,false,false,false,EXCLUDED,,
Bluebird Bowl Co. - Main St,400000581,182,09/15/2026 03:41 PM,09/15/2026 03:41 PM,700000581,Server A,,Counter,Lunch,Dine In,900000581,158126,,,,Salmon Plate,,Plates,Main Menu,Food,38.00,0.00,38.00,2,3.14,false,false,false,EXCLUDED,,
Bluebird Bowl Co. - Main St,400000582,183,09/15/2026 04:18 PM,09/15/2026 04:18 PM,700000582,Server B,,Counter,Dinner,Dine In,900000582,158126,,,,Salmon Plate,,Plates,Main Menu,Food,19.00,0.00,19.00,1,1.57,false,false,false,EXCLUDED,,
Bluebird Bowl Co. - Main St,400000583,184,09/15/2026 04:29 PM,09/15/2026 04:29 PM,700000583,Server A,,Counter,Dinner,Dine In,900000583,136997,,,,Fountain Drink,,Beverages,Main Menu,Beverage,2.75,0.00,2.75,1,0.23,false,false,false,EXCLUDED,,
Bluebird Bowl Co. - Main St,400000584,185,09/15/2026 04:44 PM,09/15/2026 04:44 PM,700000584,Server B,,Counter,Dinner,Take Out,900000584,191961,,,,Chicken Bowl,,Bowls,Main Menu,Food,12.00,0.00,12.00,1,0.99,false,false,false,EXCLUDED,,
Bluebird Bowl Co. - Main St,400000585,186,09/15/2026 04:51 PM,09/15/2026 04:51 PM,700000585,Server A,,Counter,Dinner,Take Out,900000585,158126,,,,Salmon Plate,,Plates,Main Menu,Food,19.00,0.00,19.00,1,1.57,false,false,false,EXCLUDED,,
Bluebird Bowl Co. - Main St,400000586,187,09/15/2026 05:05 PM,09/15/2026 05:05 PM,700000586,Server B,,Counter,Dinner,Dine In,900000586,136997,,,,Fountain Drink,,Beverages,Main Menu,Beverage,5.50,0.00,5.50,2,0.45,false,false,false,EXCLUDED,,
Bluebird Bowl Co. - Main St,400000587,188,09/15/2026 05:09 PM,09/15/2026 05:09 PM,700000587,Server A,,Counter,Dinner,Take Out,900000587,191961,,,,Chicken Bowl,,Bowls,Main Menu,Food,24.00,0.00,24.00,2,1.98,false,false,false,EXCLUDED,,
Bluebird Bowl Co. - Main St,400000588,189,09/15/2026 05:50 PM,09/15/2026 05:50 PM,700000588,Server B,,Counter,Dinner,Dine In,900000588,136997,,,,Fountain Drink,,Beverages,Main Menu,Beverage,5.50,0.00,5.50,2,0.45,false,false,false,EXCLUDED,,
Bluebird Bowl Co. - Main St,400000589,190,09/15/2026 05:58 PM,09/15/2026 05:58 PM,700000589,Server A,,Counter,Dinner,Take Out,900000589,136997,,,,Fountain Drink,,Beverages,Main Menu,Beverage,5.50,0.00,5.50,2,0.45,false,false,false,EXCLUDED,,
Bluebird Bowl Co. - Main St,400000590,191,09/15/2026 05:59 PM,09/15/2026 05:59 PM,700000590,Server B,,Counter,Dinner,Take Out,900000590,110096,,,,Veggie Bowl,,Bowls,Main Menu,Food,13.50,0.00,13.50,1,1.11,false,false,false,EXCLUDED,,
Bluebird Bowl Co. - Main St,400000591,192,09/15/2026 06:11 PM,09/15/2026 06:11 PM,700000591,Server A,,Counter,Dinner,Take Out,900000591,158126,,,,Salmon Plate,,Plates,Main Menu,Food,19.00,0.00,19.00,1,1.57,false,false,false,EXCLUDED,,
Bluebird Bowl Co. - Main St,400000592,193,09/15/2026 06:39 PM,09/15/2026 06:39 PM,700000592,Server B,,Counter,Dinner,Dine In,900000592,158126,,,,Salmon Plate,,Plates,Main Menu,Food,19.00,0.00,19.00,1,1.57,false,false,false,EXCLUDED,,
Bluebird Bowl Co. - Main St,400000593,194,09/15/2026 07:05 PM,09/15/2026 07:05 PM,700000593,Server A,,Counter,Dinner,Dine In,900000593,191961,,,,Chicken Bowl,,Bowls,Main Menu,Food,12.00,0.00,12.00,1,0.99,false,false,false,EXCLUDED,,
Bluebird Bowl Co. - Main St,400000594,195,09/15/2026 07:08 PM,09/15/2026 07:08 PM,700000594,Server B,,Counter,Dinner,Dine In,900000594,136997,,,,Fountain Drink,,Beverages,Main Menu,Beverage,2.75,0.00,2.75,1,0.23,false,false,false,EXCLUDED,,
Bluebird Bowl Co. - Main St,400000595,196,09/15/2026 07:51 PM,09/15/2026 07:51 PM,700000595,Server A,,Counter,Dinner,Take Out,900000595,136997,,,,Fountain Drink,,Beverages,Main Menu,Beverage,2.75,0.00,2.75,1,0.23,false,false,false,EXCLUDED,,
Bluebird Bowl Co. - Main St,400000596,197,09/15/2026 07:56 PM,09/15/2026 07:56 PM,700000596,Server B,,Counter,Dinner,Dine In,900000596,136997,,,,Fountain Drink,,Beverages,Main Menu,Beverage,2.75,0.00,2.75,1,0.23,false,false,false,EXCLUDED,,
Bluebird Bowl Co. - Main St,400000597,198,09/15/2026 08:12 PM,09/15/2026 08:12 PM,700000597,Server A,,Counter,Dinner,Take Out,900000597,177015,,,,Steak Bowl,,Bowls,Main Menu,Food,32.00,0.00,32.00,2,2.64,false,false,false,EXCLUDED,,
Bluebird Bowl Co. - Main St,400000598,199,09/15/2026 08:15 PM,09/15/2026 08:15 PM,700000598,Server B,,Counter,Dinner,Take Out,900000598,158126,,,,Salmon Plate,,Plates,Main Menu,Food,19.00,0.00,19.00,1,1.57,false,false,false,EXCLUDED,,
Bluebird Bowl Co. - Main St,400000599,200,09/15/2026 08:26 PM,09/15/2026 08:26 PM,700000599,Server A,,Counter,Dinner,Dine In,900000599,136997,,,,Fountain Drink,,Beverages,Main Menu,Beverage,2.75,0.00,2.75,1,0.23,false,false,false,EXCLUDED,,
Bluebird Bowl Co. - Main St,400000600,201,09/15/2026 08:35 PM,09/15/2026 08:35 PM,700000600,Server B,,Counter,Dinner,Take Out,900000600,191961,,,,Chicken Bowl,,Bowls,Main Menu,Food,24.00,0.00,24.00,2,1.98,false,false,false,EXCLUDED,,
Bluebird Bowl Co. - Main St,400000601,202,09/15/2026 08:52 PM,09/15/2026 08:52 PM,700000601,Server A,,Counter,Dinner,Dine In,900000601,191961,,,,Chicken Bowl,,Bowls,Main Menu,Food,12.00,0.00,12.00,1,0.99,false,false,false,EXCLUDED,,
Bluebird Bowl Co. - Main St,400000602,203,09/16/2026 11:03 AM,09/16/2026 11:03 AM,700000602,Server B,,Counter,Lunch,Take Out,900000602,191961,,,,Chicken Bowl,,Bowls,Main Menu,Food,12.00,0.00,12.00,1,0.99,false,false,false,EXCLUDED,,
Bluebird Bowl Co. - Main St,400000603,204,09/16/2026 11:57 AM,09/16/2026 11:57 AM,700000603,Server A,,Counter,Lunch,Take Out,900000603,191961,,,,Chicken Bowl,,Bowls,Main Menu,Food,12.00,0.00,12.00,1,0.99,false,false,false,EXCLUDED,,
Bluebird Bowl Co. - Main St,400000604,205,09/16/2026 12:06 PM,09/16/2026 12:06 PM,700000604,Server B,,Counter,Lunch,Dine In,900000604,136997,,,,Fountain Drink,,Beverages,Main Menu,Beverage,2.75,0.00,2.75,1,0.23,false,false,false,EXCLUDED,,
Bluebird Bowl Co. - Main St,400000605,206,09/16/2026 12:53 PM,09/16/2026 12:53 PM,700000605,Server A,,Counter,Lunch,Dine In,900000605,191961,,,,Chicken Bowl,,Bowls,Main Menu,Food,12.00,0.00,12.00,1,0.99,false,false,false,EXCLUDED,,
Bluebird Bowl Co. - Main St,400000606,207,09/16/2026 01:31 PM,09/16/2026 01:31 PM,700000606,Server B,,Counter,Lunch,Take Out,900000606,136997,,,,Fountain Drink,,Beverages,Main Menu,Beverage,5.50,0.00,5.50,2,0.45,false,false,false,EXCLUDED,,
Bluebird Bowl Co. - Main St,400000607,208,09/16/2026 02:17 PM,09/16/2026 02:17 PM,700000607,Server A,,Counter,Lunch,Take Out,900000607,177015,,,,Steak Bowl,,Bowls,Main Menu,Food,16.00,0.00,16.00,1,1.32,false,false,false,EXCLUDED,,
Bluebird Bowl Co. - Main St,400000608,209,09/16/2026 02:48 PM,09/16/2026 02:48 PM,700000608,Server B,,Counter,Lunch,Take Out,900000608,191961,,,,Chicken Bowl,,Bowls,Main Menu,Food,12.00,0.00,12.00,1,0.99,false,false,false,EXCLUDED,,
Bluebird Bowl Co. - Main St,400000609,210,09/16/2026 02:51 PM,09/16/2026 02:51 PM,700000609,Server A,,Counter,Lunch,Dine In,900000609,177015,,,,Steak Bowl,,Bowls,Main Menu,Food,16.00,0.00,16.00,1,1.32,false,false,false,EXCLUDED,,
Bluebird Bowl Co. - Main St,400000610,211,09/16/2026 03:10 PM,09/16/2026 03:10 PM,700000610,Server B,,Counter,Lunch,Dine In,900000610,191961,,,,Chicken Bowl,,Bowls,Main Menu,Food,12.00,0.00,12.00,1,0.99,false,false,false,EXCLUDED,,
Bluebird Bowl Co. - Main St,400000611,212,09/16/2026 03:31 PM,09/16/2026 03:31 PM,700000611,Server A,,Counter,Lunch,Dine In,900000611,136997,,,,Fountain Drink,,Beverages,Main Menu,Beverage,2.75,0.00,2.75,1,0.23,false,false,false,EXCLUDED,,
Bluebird Bowl Co. - Main St,400000612,213,09/16/2026 03:34 PM,09/16/2026 03:34 PM,700000612,Server B,,Counter,Lunch,Dine In,900000612,191961,,,,Chicken Bowl,,Bowls,Main Menu,Food,24.00,0.00,24.00,2,1.98,false,false,false,EXCLUDED,,
Bluebird Bowl Co. - Main St,400000613,214,09/16/2026 03:45 PM,09/16/2026 03:45 PM,700000613,Server A,,Counter,Lunch,Dine In,900000613,191961,,,,Chicken Bowl,,Bowls,Main Menu,Food,12.00,0.00,12.00,1,0.99,false,false,false,EXCLUDED,,
Bluebird Bowl Co. - Main St,400000614,215,09/16/2026 03:52 PM,09/16/2026 03:52 PM,700000614,Server B,,Counter,Lunch,Dine In,900000614,158126,,,,Salmon Plate,,Plates,Main Menu,Food,19.00,0.00,19.00,1,1.57,false,false,false,EXCLUDED,,
Bluebird Bowl Co. - Main St,400000615,216,09/16/2026 03:58 PM,09/16/2026 03:58 PM,700000615,Server A,,Counter,Lunch,Dine In,900000615,191961,,,,Chicken Bowl,,Bowls,Main Menu,Food,12.00,0.00,12.00,1,0.99,false,false,false,EXCLUDED,,
Bluebird Bowl Co. - Main St,400000616,217,09/16/2026 04:07 PM,09/16/2026 04:07 PM,700000616,Server B,,Counter,Dinner,Take Out,900000616,136997,,,,Fountain Drink,,Beverages,Main Menu,Beverage,5.50,0.00,5.50,2,0.45,false,false,false,EXCLUDED,,
Bluebird Bowl Co. - Main St,400000617,218,09/16/2026 04:27 PM,09/16/2026 04:27 PM,700000617,Server A,,Counter,Dinner,Take Out,900000617,177015,,,,Steak Bowl,,Bowls,Main Menu,Food,16.00,0.00,16.00,1,1.32,false,false,false,EXCLUDED,,
Bluebird Bowl Co. - Main St,400000618,219,09/16/2026 04:28 PM,09/16/2026 04:28 PM,700000618,Server B,,Counter,Dinner,Take Out,900000618,158126,,,,Salmon Plate,,Plates,Main Menu,Food,38.00,0.00,38.00,2,3.14,false,false,false,EXCLUDED,,
Bluebird Bowl Co. - Main St,400000619,220,09/16/2026 04:37 PM,09/16/2026 04:37 PM,700000619,Server A,,Counter,Dinner,Take Out,900000619,177015,,,,Steak Bowl,,Bowls,Main Menu,Food,16.00,0.00,16.00,1,1.32,false,false,false,EXCLUDED,,
Bluebird Bowl Co. - Main St,400000620,221,09/16/2026 04:44 PM,09/16/2026 04:44 PM,700000620,Server B,,Counter,Dinner,Dine In,900000620,158126,,,,Salmon Plate,,Plates,Main Menu,Food,38.00,0.00,38.00,2,3.14,false,false,false,EXCLUDED,,
Bluebird Bowl Co. - Main St,400000621,222,09/16/2026 04:46 PM,09/16/2026 04:46 PM,700000621,Server A,,Counter,Dinner,Dine In,900000621,158126,,,,Salmon Plate,,Plates,Main Menu,Food,38.00,0.00,38.00,2,3.14,false,false,false,EXCLUDED,,
Bluebird Bowl Co. - Main St,400000622,223,09/16/2026 05:17 PM,09/16/2026 05:17 PM,700000622,Server B,,Counter,Dinner,Take Out,900000622,191961,,,,Chicken Bowl,,Bowls,Main Menu,Food,12.00,0.00,12.00,1,0.99,false,false,false,EXCLUDED,,
Bluebird Bowl Co. - Main St,400000623,224,09/16/2026 06:06 PM,09/16/2026 06:06 PM,700000623,Server A,,Counter,Dinner,Take Out,900000623,136997,,,,Fountain Drink,,Beverages,Main Menu,Beverage,2.75,0.00,2.75,1,0.23,false,false,false,EXCLUDED,,
Bluebird Bowl Co. - Main St,400000624,225,09/16/2026 06:09 PM,09/16/2026 06:09 PM,700000624,Server B,,Counter,Dinner,Take Out,900000624,191961,,,,Chicken Bowl,,Bowls,Main Menu,Food,24.00,0.00,24.00,2,1.98,false,false,false,EXCLUDED,,
Bluebird Bowl Co. - Main St,400000625,226,09/16/2026 06:34 PM,09/16/2026 06:34 PM,700000625,Server A,,Counter,Dinner,Take Out,900000625,177015,,,,Steak Bowl,,Bowls,Main Menu,Food,32.00,0.00,32.00,2,2.64,false,false,false,EXCLUDED,,
Bluebird Bowl Co. - Main St,400000626,227,09/16/2026 06:54 PM,09/16/2026 06:54 PM,700000626,Server B,,Counter,Dinner,Take Out,900000626,136997,,,,Fountain Drink,,Beverages,Main Menu,Beverage,2.75,0.00,2.75,1,0.23,false,false,false,EXCLUDED,,
Bluebird Bowl Co. - Main St,400000627,228,09/16/2026 07:11 PM,09/16/2026 07:11 PM,700000627,Server A,,Counter,Dinner,Dine In,900000627,136997,,,,Fountain Drink,,Beverages,Main Menu,Beverage,2.75,0.00,2.75,1,0.23,false,false,false,EXCLUDED,,
Bluebird Bowl Co. - Main St,400000628,229,09/16/2026 07:33 PM,09/16/2026 07:33 PM,700000628,Server B,,Counter,Dinner,Dine In,900000628,177015,,,,Steak Bowl,,Bowls,Main Menu,Food,16.00,0.00,16.00,1,1.32,false,false,false,EXCLUDED,,
Bluebird Bowl Co. - Main St,400000629,230,09/16/2026 07:43 PM,09/16/2026 07:43 PM,700000629,Server A,,Counter,Dinner,Take Out,900000629,191961,,,,Chicken Bowl,,Bowls,Main Menu,Food,12.00,0.00,12.00,1,0.99,false,false,false,EXCLUDED,,
Bluebird Bowl Co. - Main St,400000630,231,09/16/2026 07:48 PM,09/16/2026 07:48 PM,700000630,Server B,,Counter,Dinner,Dine In,900000630,136997,,,,Fountain Drink,,Beverages,Main Menu,Beverage,2.75,0.00,2.75,1,0.23,false,false,false,EXCLUDED,,
Bluebird Bowl Co. - Main St,400000631,232,09/16/2026 07:57 PM,09/16/2026 07:57 PM,700000631,Server A,,Counter,Dinner,Take Out,900000631,158126,,,,Salmon Plate,,Plates,Main Menu,Food,38.00,0.00,38.00,2,3.14,false,false,false,EXCLUDED,,
Bluebird Bowl Co. - Main St,400000632,233,09/16/2026 08:14 PM,09/16/2026 08:14 PM,700000632,Server B,,Counter,Dinner,Dine In,900000632,175402,,,,Kids Tenders Plate,,Kids,Main Menu,Food,14.00,0.00,14.00,2,1.16,false,false,false,EXCLUDED,,
Bluebird Bowl Co. - Main St,400000633,234,09/16/2026 08:36 PM,09/16/2026 08:36 PM,700000633,Server A,,Counter,Dinner,Take Out,900000633,110096,,,,Veggie Bowl,,Bowls,Main Menu,Food,13.50,0.00,13.50,1,1.11,false,false,false,EXCLUDED,,
Bluebird Bowl Co. - Main St,400000634,235,09/16/2026 08:50 PM,09/16/2026 08:50 PM,700000634,Server B,,Counter,Dinner,Dine In,900000634,158126,,,,Salmon Plate,,Plates,Main Menu,Food,19.00,0.00,19.00,1,1.57,false,false,false,EXCLUDED,,
Bluebird Bowl Co. - Main St,400000635,236,09/17/2026 11:00 AM,09/17/2026 11:00 AM,700000635,Server A,,Counter,Lunch,Dine In,900000635,191961,,,,Chicken Bowl,,Bowls,Main Menu,Food,24.00,0.00,24.00,2,1.98,false,false,false,EXCLUDED,,
Bluebird Bowl Co. - Main St,400000636,237,09/17/2026 11:32 AM,09/17/2026 11:32 AM,700000636,Server B,,Counter,Lunch,Take Out,900000636,191961,,,,Chicken Bowl,,Bowls,Main Menu,Food,12.00,0.00,12.00,1,0.99,false,false,false,EXCLUDED,,
Bluebird Bowl Co. - Main St,400000637,238,09/17/2026 11:37 AM,09/17/2026 11:37 AM,700000637,Server A,,Counter,Lunch,Dine In,900000637,158126,,,,Salmon Plate,,Plates,Main Menu,Food,19.00,0.00,19.00,1,1.57,false,false,false,EXCLUDED,,
Bluebird Bowl Co. - Main St,400000638,239,09/17/2026 12:06 PM,09/17/2026 12:06 PM,700000638,Server B,,Counter,Lunch,Take Out,900000638,136997,,,,Fountain Drink,,Beverages,Main Menu,Beverage,2.75,0.00,2.75,1,0.23,false,false,false,EXCLUDED,,
Bluebird Bowl Co. - Main St,400000639,240,09/17/2026 12:08 PM,09/17/2026 12:08 PM,700000639,Server A,,Counter,Lunch,Dine In,900000639,191961,,,,Chicken Bowl,,Bowls,Main Menu,Food,12.00,0.00,12.00,1,0.99,false,false,false,EXCLUDED,,
Bluebird Bowl Co. - Main St,400000640,241,09/17/2026 12:16 PM,09/17/2026 12:16 PM,700000640,Server B,,Counter,Lunch,Dine In,900000640,158126,,,,Salmon Plate,,Plates,Main Menu,Food,19.00,0.00,19.00,1,1.57,false,false,false,EXCLUDED,,
Bluebird Bowl Co. - Main St,400000641,242,09/17/2026 12:26 PM,09/17/2026 12:26 PM,700000641,Server A,,Counter,Lunch,Take Out,900000641,191961,,,,Chicken Bowl,,Bowls,Main Menu,Food,12.00,0.00,12.00,1,0.99,false,false,false,EXCLUDED,,
Bluebird Bowl Co. - Main St,400000642,243,09/17/2026 12:46 PM,09/17/2026 12:46 PM,700000642,Server B,,Counter,Lunch,Take Out,900000642,175402,,,,Kids Tenders Plate,,Kids,Main Menu,Food,7.00,0.00,7.00,1,0.58,false,false,false,EXCLUDED,,
Bluebird Bowl Co. - Main St,400000643,244,09/17/2026 12:55 PM,09/17/2026 12:55 PM,700000643,Server A,,Counter,Lunch,Take Out,900000643,158126,,,,Salmon Plate,,Plates,Main Menu,Food,38.00,0.00,38.00,2,3.14,false,false,false,EXCLUDED,,
Bluebird Bowl Co. - Main St,400000644,245,09/17/2026 01:02 PM,09/17/2026 01:02 PM,700000644,Server B,,Counter,Lunch,Take Out,900000644,191961,,,,Chicken Bowl,,Bowls,Main Menu,Food,12.00,0.00,12.00,1,0.99,false,false,false,EXCLUDED,,
Bluebird Bowl Co. - Main St,400000645,246,09/17/2026 01:22 PM,09/17/2026 01:22 PM,700000645,Server A,,Counter,Lunch,Take Out,900000645,191961,,,,Chicken Bowl,,Bowls,Main Menu,Food,24.00,0.00,24.00,2,1.98,false,false,false,EXCLUDED,,
Bluebird Bowl Co. - Main St,400000646,247,09/17/2026 01:54 PM,09/17/2026 01:54 PM,700000646,Server B,,Counter,Lunch,Take Out,900000646,175402,,,,Kids Tenders Plate,,Kids,Main Menu,Food,7.00,0.00,7.00,1,0.58,false,false,false,EXCLUDED,,
Bluebird Bowl Co. - Main St,400000647,248,09/17/2026 02:09 PM,09/17/2026 02:09 PM,700000647,Server A,,Counter,Lunch,Take Out,900000647,191961,,,,Chicken Bowl,,Bowls,Main Menu,Food,24.00,0.00,24.00,2,1.98,false,false,false,EXCLUDED,,
Bluebird Bowl Co. - Main St,400000648,249,09/17/2026 02:36 PM,09/17/2026 02:36 PM,700000648,Server B,,Counter,Lunch,Dine In,900000648,110096,,,,Veggie Bowl,,Bowls,Main Menu,Food,13.50,0.00,13.50,1,1.11,false,false,false,EXCLUDED,,
Bluebird Bowl Co. - Main St,400000649,250,09/17/2026 02:43 PM,09/17/2026 02:43 PM,700000649,Server A,,Counter,Lunch,Dine In,900000649,136997,,,,Fountain Drink,,Beverages,Main Menu,Beverage,5.50,0.00,5.50,2,0.45,false,false,false,EXCLUDED,,
Bluebird Bowl Co. - Main St,400000650,251,09/17/2026 03:13 PM,09/17/2026 03:13 PM,700000650,Server B,,Counter,Lunch,Take Out,900000650,177015,,,,Steak Bowl,,Bowls,Main Menu,Food,16.00,0.00,16.00,1,1.32,false,false,false,EXCLUDED,,
Bluebird Bowl Co. - Main St,400000651,252,09/17/2026 04:00 PM,09/17/2026 04:00 PM,700000651,Server A,,Counter,Dinner,Dine In,900000651,136997,,,,Fountain Drink,,Beverages,Main Menu,Beverage,2.75,0.00,2.75,1,0.23,false,false,false,EXCLUDED,,
Bluebird Bowl Co. - Main St,400000652,253,09/17/2026 04:56 PM,09/17/2026 04:56 PM,700000652,Server B,,Counter,Dinner,Dine In,900000652,158126,,,,Salmon Plate,,Plates,Main Menu,Food,19.00,0.00,19.00,1,1.57,false,false,false,EXCLUDED,,
Bluebird Bowl Co. - Main St,400000653,254,09/17/2026 04:59 PM,09/17/2026 04:59 PM,700000653,Server A,,Counter,Dinner,Take Out,900000653,191961,,,,Chicken Bowl,,Bowls,Main Menu,Food,12.00,0.00,12.00,1,0.99,false,false,false,EXCLUDED,,
Bluebird Bowl Co. - Main St,400000654,255,09/17/2026 05:00 PM,09/17/2026 05:00 PM,700000654,Server B,,Counter,Dinner,Take Out,900000654,158126,,,,Salmon Plate,,Plates,Main Menu,Food,19.00,0.00,19.00,1,1.57,false,false,false,EXCLUDED,,
Bluebird Bowl Co. - Main St,400000655,256,09/17/2026 05:06 PM,09/17/2026 05:06 PM,700000655,Server A,,Counter,Dinner,Take Out,900000655,158126,,,,Salmon Plate,,Plates,Main Menu,Food,38.00,0.00,38.00,2,3.14,false,false,false,EXCLUDED,,
Bluebird Bowl Co. - Main St,400000656,257,09/17/2026 05:09 PM,09/17/2026 05:09 PM,700000656,Server B,,Counter,Dinner,Dine In,900000656,110096,,,,Veggie Bowl,,Bowls,Main Menu,Food,13.50,0.00,13.50,1,1.11,false,false,false,EXCLUDED,,
Bluebird Bowl Co. - Main St,400000657,258,09/17/2026 05:32 PM,09/17/2026 05:32 PM,700000657,Server A,,Counter,Dinner,Take Out,900000657,136997,,,,Fountain Drink,,Beverages,Main Menu,Beverage,5.50,0.00,5.50,2,0.45,false,false,false,EXCLUDED,,
Bluebird Bowl Co. - Main St,400000658,259,09/17/2026 06:08 PM,09/17/2026 06:08 PM,700000658,Server B,,Counter,Dinner,Dine In,900000658,158126,,,,Salmon Plate,,Plates,Main Menu,Food,19.00,0.00,19.00,1,1.57,false,false,false,EXCLUDED,,
Bluebird Bowl Co. - Main St,400000659,260,09/17/2026 06:48 PM,09/17/2026 06:48 PM,700000659,Server A,,Counter,Dinner,Dine In,900000659,177015,,,,Steak Bowl,,Bowls,Main Menu,Food,32.00,0.00,32.00,2,2.64,false,false,false,EXCLUDED,,
Bluebird Bowl Co. - Main St,400000660,261,09/17/2026 06:49 PM,09/17/2026 06:49 PM,700000660,Server B,,Counter,Dinner,Dine In,900000660,158126,,,,Salmon Plate,,Plates,Main Menu,Food,19.00,0.00,19.00,1,1.57,false,false,false,EXCLUDED,,
Bluebird Bowl Co. - Main St,400000661,262,09/17/2026 07:01 PM,09/17/2026 07:01 PM,700000661,Server A,,Counter,Dinner,Dine In,900000661,136997,,,,Fountain Drink,,Beverages,Main Menu,Beverage,2.75,0.00,2.75,1,0.23,false,false,false,EXCLUDED,,
Bluebird Bowl Co. - Main St,400000662,263,09/17/2026 07:25 PM,09/17/2026 07:25 PM,700000662,Server B,,Counter,Dinner,Dine In,900000662,158126,,,,Salmon Plate,,Plates,Main Menu,Food,19.00,0.00,19.00,1,1.57,false,false,false,EXCLUDED,,
Bluebird Bowl Co. - Main St,400000663,264,09/17/2026 07:30 PM,09/17/2026 07:30 PM,700000663,Server A,,Counter,Dinner,Dine In,900000663,175402,,,,Kids Tenders Plate,,Kids,Main Menu,Food,7.00,0.00,7.00,1,0.58,false,false,false,EXCLUDED,,
Bluebird Bowl Co. - Main St,400000664,265,09/17/2026 07:30 PM,09/17/2026 07:30 PM,700000664,Server B,,Counter,Dinner,Take Out,900000664,191961,,,,Chicken Bowl,,Bowls,Main Menu,Food,12.00,0.00,12.00,1,0.99,false,false,false,EXCLUDED,,
Bluebird Bowl Co. - Main St,400000665,266,09/17/2026 08:02 PM,09/17/2026 08:02 PM,700000665,Server A,,Counter,Dinner,Take Out,900000665,110096,,,,Veggie Bowl,,Bowls,Main Menu,Food,13.50,0.00,13.50,1,1.11,false,false,false,EXCLUDED,,
Bluebird Bowl Co. - Main St,400000666,267,09/17/2026 08:05 PM,09/17/2026 08:05 PM,700000666,Server B,,Counter,Dinner,Dine In,900000666,110096,,,,Veggie Bowl,,Bowls,Main Menu,Food,27.00,0.00,27.00,2,2.23,false,false,false,EXCLUDED,,
Bluebird Bowl Co. - Main St,400000667,268,09/17/2026 08:55 PM,09/17/2026 08:55 PM,700000667,Server A,,Counter,Dinner,Dine In,900000667,110096,,,,Veggie Bowl,,Bowls,Main Menu,Food,27.00,0.00,27.00,2,2.23,false,false,false,EXCLUDED,,
Bluebird Bowl Co. - Main St,400000668,269,09/18/2026 11:00 AM,09/18/2026 11:00 AM,700000668,Server B,,Counter,Lunch,Dine In,900000668,110096,,,,Veggie Bowl,,Bowls,Main Menu,Food,13.50,0.00,13.50,1,1.11,false,false,false,EXCLUDED,,
Bluebird Bowl Co. - Main St,400000669,270,09/18/2026 11:30 AM,09/18/2026 11:30 AM,700000669,Server A,,Counter,Lunch,Take Out,900000669,177015,,,,Steak Bowl,,Bowls,Main Menu,Food,32.00,0.00,32.00,2,2.64,false,false,false,EXCLUDED,,
Bluebird Bowl Co. - Main St,400000670,271,09/18/2026 11:37 AM,09/18/2026 11:37 AM,700000670,Server B,,Counter,Lunch,Take Out,900000670,191961,,,,Chicken Bowl,,Bowls,Main Menu,Food,12.00,0.00,12.00,1,0.99,false,false,false,EXCLUDED,,
Bluebird Bowl Co. - Main St,400000671,272,09/18/2026 12:17 PM,09/18/2026 12:17 PM,700000671,Server A,,Counter,Lunch,Take Out,900000671,175402,,,,Kids Tenders Plate,,Kids,Main Menu,Food,14.00,0.00,14.00,2,1.16,false,false,false,EXCLUDED,,
Bluebird Bowl Co. - Main St,400000672,273,09/18/2026 12:18 PM,09/18/2026 12:18 PM,700000672,Server B,,Counter,Lunch,Dine In,900000672,191961,,,,Chicken Bowl,,Bowls,Main Menu,Food,24.00,0.00,24.00,2,1.98,false,false,false,EXCLUDED,,
Bluebird Bowl Co. - Main St,400000673,274,09/18/2026 12:22 PM,09/18/2026 12:22 PM,700000673,Server A,,Counter,Lunch,Take Out,900000673,136997,,,,Fountain Drink,,Beverages,Main Menu,Beverage,2.75,0.00,2.75,1,0.23,false,false,false,EXCLUDED,,
Bluebird Bowl Co. - Main St,400000674,275,09/18/2026 12:33 PM,09/18/2026 12:33 PM,700000674,Server B,,Counter,Lunch,Take Out,900000674,191961,,,,Chicken Bowl,,Bowls,Main Menu,Food,12.00,0.00,12.00,1,0.99,false,false,false,EXCLUDED,,
Bluebird Bowl Co. - Main St,400000675,276,09/18/2026 12:43 PM,09/18/2026 12:43 PM,700000675,Server A,,Counter,Lunch,Take Out,900000675,191961,,,,Chicken Bowl,,Bowls,Main Menu,Food,12.00,0.00,12.00,1,0.99,false,false,false,EXCLUDED,,
Bluebird Bowl Co. - Main St,400000676,277,09/18/2026 01:19 PM,09/18/2026 01:19 PM,700000676,Server B,,Counter,Lunch,Take Out,900000676,191961,,,,Chicken Bowl,,Bowls,Main Menu,Food,24.00,0.00,24.00,2,1.98,false,false,false,EXCLUDED,,
Bluebird Bowl Co. - Main St,400000677,278,09/18/2026 01:20 PM,09/18/2026 01:20 PM,700000677,Server A,,Counter,Lunch,Take Out,900000677,136997,,,,Fountain Drink,,Beverages,Main Menu,Beverage,2.75,0.00,2.75,1,0.23,false,false,false,EXCLUDED,,
Bluebird Bowl Co. - Main St,400000678,279,09/18/2026 01:24 PM,09/18/2026 01:24 PM,700000678,Server B,,Counter,Lunch,Dine In,900000678,175402,,,,Kids Tenders Plate,,Kids,Main Menu,Food,7.00,0.00,7.00,1,0.58,false,false,false,EXCLUDED,,
Bluebird Bowl Co. - Main St,400000679,280,09/18/2026 01:32 PM,09/18/2026 01:32 PM,700000679,Server A,,Counter,Lunch,Dine In,900000679,191961,,,,Chicken Bowl,,Bowls,Main Menu,Food,12.00,0.00,12.00,1,0.99,false,false,false,EXCLUDED,,
Bluebird Bowl Co. - Main St,400000680,281,09/18/2026 01:33 PM,09/18/2026 01:33 PM,700000680,Server B,,Counter,Lunch,Take Out,900000680,136997,,,,Fountain Drink,,Beverages,Main Menu,Beverage,2.75,0.00,2.75,1,0.23,false,false,false,EXCLUDED,,
Bluebird Bowl Co. - Main St,400000681,282,09/18/2026 01:46 PM,09/18/2026 01:46 PM,700000681,Server A,,Counter,Lunch,Dine In,900000681,110096,,,,Veggie Bowl,,Bowls,Main Menu,Food,27.00,0.00,27.00,2,2.23,false,false,false,EXCLUDED,,
Bluebird Bowl Co. - Main St,400000682,283,09/18/2026 02:19 PM,09/18/2026 02:19 PM,700000682,Server B,,Counter,Lunch,Take Out,900000682,158126,,,,Salmon Plate,,Plates,Main Menu,Food,19.00,0.00,19.00,1,1.57,false,false,false,EXCLUDED,,
Bluebird Bowl Co. - Main St,400000683,284,09/18/2026 03:47 PM,09/18/2026 03:47 PM,700000683,Server A,,Counter,Lunch,Dine In,900000683,177015,,,,Steak Bowl,,Bowls,Main Menu,Food,16.00,0.00,16.00,1,1.32,false,false,false,EXCLUDED,,
Bluebird Bowl Co. - Main St,400000684,285,09/18/2026 04:09 PM,09/18/2026 04:09 PM,700000684,Server B,,Counter,Dinner,Take Out,900000684,191961,,,,Chicken Bowl,,Bowls,Main Menu,Food,24.00,0.00,24.00,2,1.98,false,false,false,EXCLUDED,,
Bluebird Bowl Co. - Main St,400000685,286,09/18/2026 04:29 PM,09/18/2026 04:29 PM,700000685,Server A,,Counter,Dinner,Take Out,900000685,136997,,,,Fountain Drink,,Beverages,Main Menu,Beverage,2.75,0.00,2.75,1,0.23,false,false,false,EXCLUDED,,
Bluebird Bowl Co. - Main St,400000686,287,09/18/2026 04:54 PM,09/18/2026 04:54 PM,700000686,Server B,,Counter,Dinner,Take Out,900000686,175402,,,,Kids Tenders Plate,,Kids,Main Menu,Food,7.00,0.00,7.00,1,0.58,false,false,false,EXCLUDED,,
Bluebird Bowl Co. - Main St,400000687,288,09/18/2026 04:58 PM,09/18/2026 04:58 PM,700000687,Server A,,Counter,Dinner,Dine In,900000687,136997,,,,Fountain Drink,,Beverages,Main Menu,Beverage,5.50,0.00,5.50,2,0.45,false,false,false,EXCLUDED,,
Bluebird Bowl Co. - Main St,400000688,289,09/18/2026 04:58 PM,09/18/2026 04:58 PM,700000688,Server B,,Counter,Dinner,Dine In,900000688,136997,,,,Fountain Drink,,Beverages,Main Menu,Beverage,2.75,0.00,2.75,1,0.23,false,false,false,EXCLUDED,,
Bluebird Bowl Co. - Main St,400000689,290,09/18/2026 05:01 PM,09/18/2026 05:01 PM,700000689,Server A,,Counter,Dinner,Take Out,900000689,175402,,,,Kids Tenders Plate,,Kids,Main Menu,Food,7.00,0.00,7.00,1,0.58,false,false,false,EXCLUDED,,
Bluebird Bowl Co. - Main St,400000690,291,09/18/2026 05:06 PM,09/18/2026 05:06 PM,700000690,Server B,,Counter,Dinner,Take Out,900000690,158126,,,,Salmon Plate,,Plates,Main Menu,Food,19.00,0.00,19.00,1,1.57,false,false,false,EXCLUDED,,
Bluebird Bowl Co. - Main St,400000691,292,09/18/2026 05:07 PM,09/18/2026 05:07 PM,700000691,Server A,,Counter,Dinner,Dine In,900000691,191961,,,,Chicken Bowl,,Bowls,Main Menu,Food,12.00,0.00,12.00,1,0.99,false,false,false,EXCLUDED,,
Bluebird Bowl Co. - Main St,400000692,293,09/18/2026 05:11 PM,09/18/2026 05:11 PM,700000692,Server B,,Counter,Dinner,Take Out,900000692,158126,,,,Salmon Plate,,Plates,Main Menu,Food,19.00,0.00,19.00,1,1.57,false,false,false,EXCLUDED,,
Bluebird Bowl Co. - Main St,400000693,294,09/18/2026 05:24 PM,09/18/2026 05:24 PM,700000693,Server A,,Counter,Dinner,Dine In,900000693,191961,,,,Chicken Bowl,,Bowls,Main Menu,Food,12.00,0.00,12.00,1,0.99,false,false,false,EXCLUDED,,
Bluebird Bowl Co. - Main St,400000694,295,09/18/2026 05:40 PM,09/18/2026 05:40 PM,700000694,Server B,,Counter,Dinner,Dine In,900000694,175402,,,,Kids Tenders Plate,,Kids,Main Menu,Food,7.00,0.00,7.00,1,0.58,false,false,false,EXCLUDED,,
Bluebird Bowl Co. - Main St,400000695,296,09/18/2026 05:43 PM,09/18/2026 05:43 PM,700000695,Server A,,Counter,Dinner,Take Out,900000695,158126,,,,Salmon Plate,,Plates,Main Menu,Food,19.00,0.00,19.00,1,1.57,false,false,false,EXCLUDED,,
Bluebird Bowl Co. - Main St,400000696,297,09/18/2026 05:51 PM,09/18/2026 05:51 PM,700000696,Server B,,Counter,Dinner,Take Out,900000696,177015,,,,Steak Bowl,,Bowls,Main Menu,Food,16.00,0.00,16.00,1,1.32,false,false,false,EXCLUDED,,
Bluebird Bowl Co. - Main St,400000697,298,09/18/2026 06:17 PM,09/18/2026 06:17 PM,700000697,Server A,,Counter,Dinner,Dine In,900000697,191961,,,,Chicken Bowl,,Bowls,Main Menu,Food,12.00,0.00,12.00,1,0.99,false,false,false,EXCLUDED,,
Bluebird Bowl Co. - Main St,400000698,299,09/18/2026 06:45 PM,09/18/2026 06:45 PM,700000698,Server B,,Counter,Dinner,Dine In,900000698,191961,,,,Chicken Bowl,,Bowls,Main Menu,Food,12.00,0.00,12.00,1,0.99,false,false,false,EXCLUDED,,
Bluebird Bowl Co. - Main St,400000699,300,09/18/2026 06:58 PM,09/18/2026 06:58 PM,700000699,Server A,,Counter,Dinner,Dine In,900000699,177015,,,,Steak Bowl,,Bowls,Main Menu,Food,16.00,0.00,16.00,1,1.32,false,false,false,EXCLUDED,,
Bluebird Bowl Co. - Main St,400000700,301,09/18/2026 08:40 PM,09/18/2026 08:40 PM,700000700,Server B,,Counter,Dinner,Take Out,900000700,158126,,,,Salmon Plate,,Plates,Main Menu,Food,19.00,0.00,19.00,1,1.57,false,false,false,EXCLUDED,,
Bluebird Bowl Co. - Main St,400000701,302,09/19/2026 11:16 AM,09/19/2026 11:16 AM,700000701,Server A,,Counter,Lunch,Dine In,900000701,110096,,,,Veggie Bowl,,Bowls,Main Menu,Food,13.50,0.00,13.50,1,1.11,false,false,false,EXCLUDED,,
Bluebird Bowl Co. - Main St,400000702,303,09/19/2026 11:28 AM,09/19/2026 11:28 AM,700000702,Server B,,Counter,Lunch,Take Out,900000702,110096,,,,Veggie Bowl,,Bowls,Main Menu,Food,27.00,0.00,27.00,2,2.23,false,false,false,EXCLUDED,,
Bluebird Bowl Co. - Main St,400000703,304,09/19/2026 11:48 AM,09/19/2026 11:48 AM,700000703,Server A,,Counter,Lunch,Dine In,900000703,158126,,,,Salmon Plate,,Plates,Main Menu,Food,19.00,0.00,19.00,1,1.57,false,false,false,EXCLUDED,,
Bluebird Bowl Co. - Main St,400000704,305,09/19/2026 12:21 PM,09/19/2026 12:21 PM,700000704,Server B,,Counter,Lunch,Take Out,900000704,136997,,,,Fountain Drink,,Beverages,Main Menu,Beverage,2.75,0.00,2.75,1,0.23,false,false,false,EXCLUDED,,
Bluebird Bowl Co. - Main St,400000705,306,09/19/2026 12:46 PM,09/19/2026 12:46 PM,700000705,Server A,,Counter,Lunch,Dine In,900000705,136997,,,,Fountain Drink,,Beverages,Main Menu,Beverage,2.75,0.00,2.75,1,0.23,false,false,false,EXCLUDED,,
Bluebird Bowl Co. - Main St,400000706,307,09/19/2026 12:46 PM,09/19/2026 12:46 PM,700000706,Server B,,Counter,Lunch,Take Out,900000706,191961,,,,Chicken Bowl,,Bowls,Main Menu,Food,12.00,0.00,12.00,1,0.99,false,false,false,EXCLUDED,,
Bluebird Bowl Co. - Main St,400000707,308,09/19/2026 01:06 PM,09/19/2026 01:06 PM,700000707,Server A,,Counter,Lunch,Take Out,900000707,158126,,,,Salmon Plate,,Plates,Main Menu,Food,38.00,0.00,38.00,2,3.14,false,false,false,EXCLUDED,,
Bluebird Bowl Co. - Main St,400000708,309,09/19/2026 01:26 PM,09/19/2026 01:26 PM,700000708,Server B,,Counter,Lunch,Take Out,900000708,110096,,,,Veggie Bowl,,Bowls,Main Menu,Food,27.00,0.00,27.00,2,2.23,false,false,false,EXCLUDED,,
Bluebird Bowl Co. - Main St,400000709,310,09/19/2026 01:41 PM,09/19/2026 01:41 PM,700000709,Server A,,Counter,Lunch,Take Out,900000709,136997,,,,Fountain Drink,,Beverages,Main Menu,Beverage,5.50,0.00,5.50,2,0.45,false,false,false,EXCLUDED,,
Bluebird Bowl Co. - Main St,400000710,311,09/19/2026 01:41 PM,09/19/2026 01:41 PM,700000710,Server B,,Counter,Lunch,Take Out,900000710,158126,,,,Salmon Plate,,Plates,Main Menu,Food,19.00,0.00,19.00,1,1.57,false,false,false,EXCLUDED,,
Bluebird Bowl Co. - Main St,400000711,312,09/19/2026 01:42 PM,09/19/2026 01:42 PM,700000711,Server A,,Counter,Lunch,Take Out,900000711,110096,,,,Veggie Bowl,,Bowls,Main Menu,Food,13.50,0.00,13.50,1,1.11,false,false,false,EXCLUDED,,
Bluebird Bowl Co. - Main St,400000712,313,09/19/2026 02:12 PM,09/19/2026 02:12 PM,700000712,Server B,,Counter,Lunch,Take Out,900000712,177015,,,,Steak Bowl,,Bowls,Main Menu,Food,32.00,0.00,32.00,2,2.64,false,false,false,EXCLUDED,,
Bluebird Bowl Co. - Main St,400000713,314,09/19/2026 02:19 PM,09/19/2026 02:19 PM,700000713,Server A,,Counter,Lunch,Take Out,900000713,191961,,,,Chicken Bowl,,Bowls,Main Menu,Food,24.00,0.00,24.00,2,1.98,false,false,false,EXCLUDED,,
Bluebird Bowl Co. - Main St,400000714,315,09/19/2026 02:22 PM,09/19/2026 02:22 PM,700000714,Server B,,Counter,Lunch,Dine In,900000714,158126,,,,Salmon Plate,,Plates,Main Menu,Food,19.00,0.00,19.00,1,1.57,false,false,false,EXCLUDED,,
Bluebird Bowl Co. - Main St,400000715,316,09/19/2026 02:33 PM,09/19/2026 02:33 PM,700000715,Server A,,Counter,Lunch,Dine In,900000715,191961,,,,Chicken Bowl,,Bowls,Main Menu,Food,24.00,0.00,24.00,2,1.98,false,false,false,EXCLUDED,,
Bluebird Bowl Co. - Main St,400000716,317,09/19/2026 02:51 PM,09/19/2026 02:51 PM,700000716,Server B,,Counter,Lunch,Take Out,900000716,158126,,,,Salmon Plate,,Plates,Main Menu,Food,19.00,0.00,19.00,1,1.57,false,false,false,EXCLUDED,,
Bluebird Bowl Co. - Main St,400000717,318,09/19/2026 02:52 PM,09/19/2026 02:52 PM,700000717,Server A,,Counter,Lunch,Take Out,900000717,158126,,,,Salmon Plate,,Plates,Main Menu,Food,38.00,0.00,38.00,2,3.14,false,false,false,EXCLUDED,,
Bluebird Bowl Co. - Main St,400000718,319,09/19/2026 03:30 PM,09/19/2026 03:30 PM,700000718,Server B,,Counter,Lunch,Dine In,900000718,177015,,,,Steak Bowl,,Bowls,Main Menu,Food,16.00,0.00,16.00,1,1.32,false,false,false,EXCLUDED,,
Bluebird Bowl Co. - Main St,400000719,320,09/19/2026 04:20 PM,09/19/2026 04:20 PM,700000719,Server A,,Counter,Dinner,Take Out,900000719,136997,,,,Fountain Drink,,Beverages,Main Menu,Beverage,5.50,0.00,5.50,2,0.45,false,false,false,EXCLUDED,,
Bluebird Bowl Co. - Main St,400000720,321,09/19/2026 04:32 PM,09/19/2026 04:32 PM,700000720,Server B,,Counter,Dinner,Dine In,900000720,175402,,,,Kids Tenders Plate,,Kids,Main Menu,Food,7.00,0.00,7.00,1,0.58,false,false,false,EXCLUDED,,
Bluebird Bowl Co. - Main St,400000721,322,09/19/2026 05:27 PM,09/19/2026 05:27 PM,700000721,Server A,,Counter,Dinner,Dine In,900000721,158126,,,,Salmon Plate,,Plates,Main Menu,Food,19.00,0.00,19.00,1,1.57,false,false,false,EXCLUDED,,
Bluebird Bowl Co. - Main St,400000722,323,09/19/2026 06:29 PM,09/19/2026 06:29 PM,700000722,Server B,,Counter,Dinner,Take Out,900000722,191961,,,,Chicken Bowl,,Bowls,Main Menu,Food,12.00,0.00,12.00,1,0.99,false,false,false,EXCLUDED,,
Bluebird Bowl Co. - Main St,400000723,324,09/19/2026 06:49 PM,09/19/2026 06:49 PM,700000723,Server A,,Counter,Dinner,Dine In,900000723,191961,,,,Chicken Bowl,,Bowls,Main Menu,Food,12.00,0.00,12.00,1,0.99,false,false,false,EXCLUDED,,
Bluebird Bowl Co. - Main St,400000724,325,09/19/2026 06:51 PM,09/19/2026 06:51 PM,700000724,Server B,,Counter,Dinner,Take Out,900000724,158126,,,,Salmon Plate,,Plates,Main Menu,Food,38.00,0.00,38.00,2,3.14,false,false,false,EXCLUDED,,
Bluebird Bowl Co. - Main St,400000725,326,09/19/2026 06:54 PM,09/19/2026 06:54 PM,700000725,Server A,,Counter,Dinner,Take Out,900000725,136997,,,,Fountain Drink,,Beverages,Main Menu,Beverage,5.50,0.00,5.50,2,0.45,false,false,false,EXCLUDED,,
Bluebird Bowl Co. - Main St,400000726,327,09/19/2026 07:21 PM,09/19/2026 07:21 PM,700000726,Server B,,Counter,Dinner,Dine In,900000726,136997,,,,Fountain Drink,,Beverages,Main Menu,Beverage,2.75,0.00,2.75,1,0.23,false,false,false,EXCLUDED,,
Bluebird Bowl Co. - Main St,400000727,328,09/19/2026 07:22 PM,09/19/2026 07:22 PM,700000727,Server A,,Counter,Dinner,Dine In,900000727,136997,,,,Fountain Drink,,Beverages,Main Menu,Beverage,2.75,0.00,2.75,1,0.23,false,false,false,EXCLUDED,,
Bluebird Bowl Co. - Main St,400000728,329,09/19/2026 07:25 PM,09/19/2026 07:25 PM,700000728,Server B,,Counter,Dinner,Dine In,900000728,191961,,,,Chicken Bowl,,Bowls,Main Menu,Food,12.00,0.00,12.00,1,0.99,false,false,false,EXCLUDED,,
Bluebird Bowl Co. - Main St,400000729,330,09/19/2026 07:30 PM,09/19/2026 07:30 PM,700000729,Server A,,Counter,Dinner,Take Out,900000729,158126,,,,Salmon Plate,,Plates,Main Menu,Food,19.00,0.00,19.00,1,1.57,false,false,false,EXCLUDED,,
Bluebird Bowl Co. - Main St,400000730,331,09/19/2026 07:45 PM,09/19/2026 07:45 PM,700000730,Server B,,Counter,Dinner,Take Out,900000730,177015,,,,Steak Bowl,,Bowls,Main Menu,Food,16.00,0.00,16.00,1,1.32,false,false,false,EXCLUDED,,
Bluebird Bowl Co. - Main St,400000731,332,09/19/2026 08:12 PM,09/19/2026 08:12 PM,700000731,Server A,,Counter,Dinner,Dine In,900000731,158126,,,,Salmon Plate,,Plates,Main Menu,Food,19.00,0.00,19.00,1,1.57,false,false,false,EXCLUDED,,
Bluebird Bowl Co. - Main St,400000732,333,09/19/2026 08:30 PM,09/19/2026 08:30 PM,700000732,Server B,,Counter,Dinner,Take Out,900000732,191961,,,,Chicken Bowl,,Bowls,Main Menu,Food,12.00,0.00,12.00,1,0.99,false,false,false,EXCLUDED,,
Bluebird Bowl Co. - Main St,400000733,334,09/19/2026 08:49 PM,09/19/2026 08:49 PM,700000733,Server A,,Counter,Dinner,Take Out,900000733,191961,,,,Chicken Bowl,,Bowls,Main Menu,Food,24.00,0.00,24.00,2,1.98,false,false,false,EXCLUDED,,
Bluebird Bowl Co. - Main St,400000734,335,09/20/2026 11:21 AM,09/20/2026 11:21 AM,700000734,Server B,,Counter,Lunch,Take Out,900000734,191961,,,,Chicken Bowl,,Bowls,Main Menu,Food,12.00,0.00,12.00,1,0.99,false,false,false,EXCLUDED,,
Bluebird Bowl Co. - Main St,400000735,336,09/20/2026 11:24 AM,09/20/2026 11:24 AM,700000735,Server A,,Counter,Lunch,Dine In,900000735,158126,,,,Salmon Plate,,Plates,Main Menu,Food,19.00,0.00,19.00,1,1.57,false,false,false,EXCLUDED,,
Bluebird Bowl Co. - Main St,400000736,337,09/20/2026 11:36 AM,09/20/2026 11:36 AM,700000736,Server B,,Counter,Lunch,Dine In,900000736,191961,,,,Chicken Bowl,,Bowls,Main Menu,Food,12.00,0.00,12.00,1,0.99,false,false,false,EXCLUDED,,
Bluebird Bowl Co. - Main St,400000737,338,09/20/2026 11:59 AM,09/20/2026 11:59 AM,700000737,Server A,,Counter,Lunch,Dine In,900000737,158126,,,,Salmon Plate,,Plates,Main Menu,Food,19.00,0.00,19.00,1,1.57,false,false,false,EXCLUDED,,
Bluebird Bowl Co. - Main St,400000738,339,09/20/2026 12:01 PM,09/20/2026 12:01 PM,700000738,Server B,,Counter,Lunch,Dine In,900000738,191961,,,,Chicken Bowl,,Bowls,Main Menu,Food,12.00,0.00,12.00,1,0.99,false,false,false,EXCLUDED,,
Bluebird Bowl Co. - Main St,400000739,340,09/20/2026 12:33 PM,09/20/2026 12:33 PM,700000739,Server A,,Counter,Lunch,Take Out,900000739,191961,,,,Chicken Bowl,,Bowls,Main Menu,Food,12.00,0.00,12.00,1,0.99,false,false,false,EXCLUDED,,
Bluebird Bowl Co. - Main St,400000740,341,09/20/2026 12:52 PM,09/20/2026 12:52 PM,700000740,Server B,,Counter,Lunch,Take Out,900000740,191961,,,,Chicken Bowl,,Bowls,Main Menu,Food,24.00,0.00,24.00,2,1.98,false,false,false,EXCLUDED,,
Bluebird Bowl Co. - Main St,400000741,342,09/20/2026 12:58 PM,09/20/2026 12:58 PM,700000741,Server A,,Counter,Lunch,Dine In,900000741,158126,,,,Salmon Plate,,Plates,Main Menu,Food,19.00,0.00,19.00,1,1.57,false,false,false,EXCLUDED,,
Bluebird Bowl Co. - Main St,400000742,343,09/20/2026 12:59 PM,09/20/2026 12:59 PM,700000742,Server B,,Counter,Lunch,Take Out,900000742,191961,,,,Chicken Bowl,,Bowls,Main Menu,Food,12.00,0.00,12.00,1,0.99,false,false,false,EXCLUDED,,
Bluebird Bowl Co. - Main St,400000743,344,09/20/2026 01:04 PM,09/20/2026 01:04 PM,700000743,Server A,,Counter,Lunch,Dine In,900000743,177015,,,,Steak Bowl,,Bowls,Main Menu,Food,16.00,0.00,16.00,1,1.32,false,false,false,EXCLUDED,,
Bluebird Bowl Co. - Main St,400000744,345,09/20/2026 01:04 PM,09/20/2026 01:04 PM,700000744,Server B,,Counter,Lunch,Take Out,900000744,191961,,,,Chicken Bowl,,Bowls,Main Menu,Food,12.00,0.00,12.00,1,0.99,false,false,false,EXCLUDED,,
Bluebird Bowl Co. - Main St,400000745,346,09/20/2026 01:13 PM,09/20/2026 01:13 PM,700000745,Server A,,Counter,Lunch,Dine In,900000745,175402,,,,Kids Tenders Plate,,Kids,Main Menu,Food,7.00,0.00,7.00,1,0.58,false,false,false,EXCLUDED,,
Bluebird Bowl Co. - Main St,400000746,347,09/20/2026 01:21 PM,09/20/2026 01:21 PM,700000746,Server B,,Counter,Lunch,Dine In,900000746,191961,,,,Chicken Bowl,,Bowls,Main Menu,Food,12.00,0.00,12.00,1,0.99,false,false,false,EXCLUDED,,
Bluebird Bowl Co. - Main St,400000747,348,09/20/2026 01:23 PM,09/20/2026 01:23 PM,700000747,Server A,,Counter,Lunch,Take Out,900000747,191961,,,,Chicken Bowl,,Bowls,Main Menu,Food,12.00,0.00,12.00,1,0.99,false,false,false,EXCLUDED,,
Bluebird Bowl Co. - Main St,400000748,349,09/20/2026 01:50 PM,09/20/2026 01:50 PM,700000748,Server B,,Counter,Lunch,Dine In,900000748,158126,,,,Salmon Plate,,Plates,Main Menu,Food,19.00,0.00,19.00,1,1.57,false,false,false,EXCLUDED,,
Bluebird Bowl Co. - Main St,400000749,350,09/20/2026 01:53 PM,09/20/2026 01:53 PM,700000749,Server A,,Counter,Lunch,Dine In,900000749,191961,,,,Chicken Bowl,,Bowls,Main Menu,Food,24.00,0.00,24.00,2,1.98,false,false,false,EXCLUDED,,
Bluebird Bowl Co. - Main St,400000750,351,09/20/2026 01:53 PM,09/20/2026 01:53 PM,700000750,Server B,,Counter,Lunch,Dine In,900000750,175402,,,,Kids Tenders Plate,,Kids,Main Menu,Food,7.00,0.00,7.00,1,0.58,false,false,false,EXCLUDED,,
Bluebird Bowl Co. - Main St,400000751,352,09/20/2026 02:19 PM,09/20/2026 02:19 PM,700000751,Server A,,Counter,Lunch,Take Out,900000751,136997,,,,Fountain Drink,,Beverages,Main Menu,Beverage,5.50,0.00,5.50,2,0.45,false,false,false,EXCLUDED,,
Bluebird Bowl Co. - Main St,400000752,353,09/20/2026 03:29 PM,09/20/2026 03:29 PM,700000752,Server B,,Counter,Lunch,Take Out,900000752,191961,,,,Chicken Bowl,,Bowls,Main Menu,Food,12.00,0.00,12.00,1,0.99,false,false,false,EXCLUDED,,
Bluebird Bowl Co. - Main St,400000753,354,09/20/2026 04:03 PM,09/20/2026 04:03 PM,700000753,Server A,,Counter,Dinner,Take Out,900000753,191961,,,,Chicken Bowl,,Bowls,Main Menu,Food,12.00,0.00,12.00,1,0.99,false,false,false,EXCLUDED,,
Bluebird Bowl Co. - Main St,400000754,355,09/20/2026 04:17 PM,09/20/2026 04:17 PM,700000754,Server B,,Counter,Dinner,Dine In,900000754,191961,,,,Chicken Bowl,,Bowls,Main Menu,Food,12.00,0.00,12.00,1,0.99,false,false,false,EXCLUDED,,
Bluebird Bowl Co. - Main St,400000755,356,09/20/2026 04:30 PM,09/20/2026 04:30 PM,700000755,Server A,,Counter,Dinner,Take Out,900000755,158126,,,,Salmon Plate,,Plates,Main Menu,Food,19.00,0.00,19.00,1,1.57,false,false,false,EXCLUDED,,
Bluebird Bowl Co. - Main St,400000756,357,09/20/2026 04:45 PM,09/20/2026 04:45 PM,700000756,Server B,,Counter,Dinner,Dine In,900000756,191961,,,,Chicken Bowl,,Bowls,Main Menu,Food,24.00,0.00,24.00,2,1.98,false,false,false,EXCLUDED,,
Bluebird Bowl Co. - Main St,400000757,358,09/20/2026 04:55 PM,09/20/2026 04:55 PM,700000757,Server A,,Counter,Dinner,Dine In,900000757,191961,,,,Chicken Bowl,,Bowls,Main Menu,Food,12.00,0.00,12.00,1,0.99,false,false,false,EXCLUDED,,
Bluebird Bowl Co. - Main St,400000758,359,09/20/2026 05:00 PM,09/20/2026 05:00 PM,700000758,Server B,,Counter,Dinner,Take Out,900000758,136997,,,,Fountain Drink,,Beverages,Main Menu,Beverage,2.75,0.00,2.75,1,0.23,false,false,false,EXCLUDED,,
Bluebird Bowl Co. - Main St,400000759,360,09/20/2026 05:09 PM,09/20/2026 05:09 PM,700000759,Server A,,Counter,Dinner,Dine In,900000759,191961,,,,Chicken Bowl,,Bowls,Main Menu,Food,12.00,0.00,12.00,1,0.99,false,false,false,EXCLUDED,,
Bluebird Bowl Co. - Main St,400000760,361,09/20/2026 05:52 PM,09/20/2026 05:52 PM,700000760,Server B,,Counter,Dinner,Take Out,900000760,191961,,,,Chicken Bowl,,Bowls,Main Menu,Food,12.00,0.00,12.00,1,0.99,false,false,false,EXCLUDED,,
Bluebird Bowl Co. - Main St,400000761,362,09/20/2026 06:41 PM,09/20/2026 06:41 PM,700000761,Server A,,Counter,Dinner,Dine In,900000761,136997,,,,Fountain Drink,,Beverages,Main Menu,Beverage,2.75,0.00,2.75,1,0.23,false,false,false,EXCLUDED,,
Bluebird Bowl Co. - Main St,400000762,363,09/20/2026 07:03 PM,09/20/2026 07:03 PM,700000762,Server B,,Counter,Dinner,Dine In,900000762,110096,,,,Veggie Bowl,,Bowls,Main Menu,Food,13.50,0.00,13.50,1,1.11,false,false,false,EXCLUDED,,
Bluebird Bowl Co. - Main St,400000763,364,09/20/2026 07:15 PM,09/20/2026 07:15 PM,700000763,Server A,,Counter,Dinner,Dine In,900000763,191961,,,,Chicken Bowl,,Bowls,Main Menu,Food,12.00,0.00,12.00,1,0.99,false,false,false,EXCLUDED,,
Bluebird Bowl Co. - Main St,400000764,365,09/20/2026 07:17 PM,09/20/2026 07:17 PM,700000764,Server B,,Counter,Dinner,Take Out,900000764,191961,,,,Chicken Bowl,,Bowls,Main Menu,Food,12.00,0.00,12.00,1,0.99,false,false,false,EXCLUDED,,
Bluebird Bowl Co. - Main St,400000765,366,09/20/2026 07:57 PM,09/20/2026 07:57 PM,700000765,Server A,,Counter,Dinner,Take Out,900000765,110096,,,,Veggie Bowl,,Bowls,Main Menu,Food,13.50,0.00,13.50,1,1.11,false,false,false,EXCLUDED,,
Bluebird Bowl Co. - Main St,400000766,367,09/20/2026 08:51 PM,09/20/2026 08:51 PM,700000766,Server B,,Counter,Dinner,Take Out,900000766,191961,,,,Chicken Bowl,,Bowls,Main Menu,Food,24.00,0.00,24.00,2,1.98,false,false,false,EXCLUDED,,
Bluebird Bowl Co. - Main St,400000767,368,09/21/2026 11:19 AM,09/21/2026 11:19 AM,700000767,Server A,,Counter,Lunch,Take Out,900000767,110096,,,,Veggie Bowl,,Bowls,Main Menu,Food,13.50,0.00,13.50,1,1.11,false,false,false,EXCLUDED,,
Bluebird Bowl Co. - Main St,400000768,369,09/21/2026 12:03 PM,09/21/2026 12:03 PM,700000768,Server B,,Counter,Lunch,Take Out,900000768,175402,,,,Kids Tenders Plate,,Kids,Main Menu,Food,7.00,0.00,7.00,1,0.58,false,false,false,EXCLUDED,,
Bluebird Bowl Co. - Main St,400000769,370,09/21/2026 12:28 PM,09/21/2026 12:28 PM,700000769,Server A,,Counter,Lunch,Dine In,900000769,158126,,,,Salmon Plate,,Plates,Main Menu,Food,38.00,0.00,38.00,2,3.14,false,false,false,EXCLUDED,,
Bluebird Bowl Co. - Main St,400000770,371,09/21/2026 12:32 PM,09/21/2026 12:32 PM,700000770,Server B,,Counter,Lunch,Take Out,900000770,158126,,,,Salmon Plate,,Plates,Main Menu,Food,19.00,0.00,19.00,1,1.57,false,false,false,EXCLUDED,,
Bluebird Bowl Co. - Main St,400000771,372,09/21/2026 01:00 PM,09/21/2026 01:00 PM,700000771,Server A,,Counter,Lunch,Take Out,900000771,191961,,,,Chicken Bowl,,Bowls,Main Menu,Food,12.00,0.00,12.00,1,0.99,false,false,false,EXCLUDED,,
Bluebird Bowl Co. - Main St,400000772,373,09/21/2026 01:32 PM,09/21/2026 01:32 PM,700000772,Server B,,Counter,Lunch,Take Out,900000772,191961,,,,Chicken Bowl,,Bowls,Main Menu,Food,12.00,0.00,12.00,1,0.99,false,false,false,EXCLUDED,,
Bluebird Bowl Co. - Main St,400000773,374,09/21/2026 01:40 PM,09/21/2026 01:40 PM,700000773,Server A,,Counter,Lunch,Take Out,900000773,158126,,,,Salmon Plate,,Plates,Main Menu,Food,19.00,0.00,19.00,1,1.57,false,false,false,EXCLUDED,,
Bluebird Bowl Co. - Main St,400000774,375,09/21/2026 01:51 PM,09/21/2026 01:51 PM,700000774,Server B,,Counter,Lunch,Dine In,900000774,191961,,,,Chicken Bowl,,Bowls,Main Menu,Food,12.00,0.00,12.00,1,0.99,false,false,false,EXCLUDED,,
Bluebird Bowl Co. - Main St,400000775,376,09/21/2026 02:02 PM,09/21/2026 02:02 PM,700000775,Server A,,Counter,Lunch,Take Out,900000775,191961,,,,Chicken Bowl,,Bowls,Main Menu,Food,24.00,0.00,24.00,2,1.98,false,false,false,EXCLUDED,,
Bluebird Bowl Co. - Main St,400000776,377,09/21/2026 02:12 PM,09/21/2026 02:12 PM,700000776,Server B,,Counter,Lunch,Dine In,900000776,158126,,,,Salmon Plate,,Plates,Main Menu,Food,38.00,0.00,38.00,2,3.14,false,false,false,EXCLUDED,,
Bluebird Bowl Co. - Main St,400000777,378,09/21/2026 02:16 PM,09/21/2026 02:16 PM,700000777,Server A,,Counter,Lunch,Take Out,900000777,110096,,,,Veggie Bowl,,Bowls,Main Menu,Food,13.50,0.00,13.50,1,1.11,false,false,false,EXCLUDED,,
Bluebird Bowl Co. - Main St,400000778,379,09/21/2026 02:47 PM,09/21/2026 02:47 PM,700000778,Server B,,Counter,Lunch,Take Out,900000778,136997,,,,Fountain Drink,,Beverages,Main Menu,Beverage,2.75,0.00,2.75,1,0.23,false,false,false,EXCLUDED,,
Bluebird Bowl Co. - Main St,400000779,380,09/21/2026 03:16 PM,09/21/2026 03:16 PM,700000779,Server A,,Counter,Lunch,Take Out,900000779,136997,,,,Fountain Drink,,Beverages,Main Menu,Beverage,2.75,0.00,2.75,1,0.23,false,false,false,EXCLUDED,,
Bluebird Bowl Co. - Main St,400000780,381,09/21/2026 03:20 PM,09/21/2026 03:20 PM,700000780,Server B,,Counter,Lunch,Take Out,900000780,158126,,,,Salmon Plate,,Plates,Main Menu,Food,19.00,0.00,19.00,1,1.57,false,false,false,EXCLUDED,,
Bluebird Bowl Co. - Main St,400000781,382,09/21/2026 04:03 PM,09/21/2026 04:03 PM,700000781,Server A,,Counter,Dinner,Dine In,900000781,191961,,,,Chicken Bowl,,Bowls,Main Menu,Food,24.00,0.00,24.00,2,1.98,false,false,false,EXCLUDED,,
Bluebird Bowl Co. - Main St,400000782,383,09/21/2026 05:10 PM,09/21/2026 05:10 PM,700000782,Server B,,Counter,Dinner,Dine In,900000782,136997,,,,Fountain Drink,,Beverages,Main Menu,Beverage,2.75,0.00,2.75,1,0.23,false,false,false,EXCLUDED,,
Bluebird Bowl Co. - Main St,400000783,384,09/21/2026 05:13 PM,09/21/2026 05:13 PM,700000783,Server A,,Counter,Dinner,Take Out,900000783,158126,,,,Salmon Plate,,Plates,Main Menu,Food,19.00,0.00,19.00,1,1.57,false,false,false,EXCLUDED,,
Bluebird Bowl Co. - Main St,400000784,385,09/21/2026 05:32 PM,09/21/2026 05:32 PM,700000784,Server B,,Counter,Dinner,Take Out,900000784,191961,,,,Chicken Bowl,,Bowls,Main Menu,Food,12.00,0.00,12.00,1,0.99,false,false,false,EXCLUDED,,
Bluebird Bowl Co. - Main St,400000785,386,09/21/2026 05:38 PM,09/21/2026 05:38 PM,700000785,Server A,,Counter,Dinner,Take Out,900000785,177015,,,,Steak Bowl,,Bowls,Main Menu,Food,16.00,0.00,16.00,1,1.32,false,false,false,EXCLUDED,,
Bluebird Bowl Co. - Main St,400000786,387,09/21/2026 05:43 PM,09/21/2026 05:43 PM,700000786,Server B,,Counter,Dinner,Take Out,900000786,177015,,,,Steak Bowl,,Bowls,Main Menu,Food,16.00,0.00,16.00,1,1.32,false,false,false,EXCLUDED,,
Bluebird Bowl Co. - Main St,400000787,388,09/21/2026 05:54 PM,09/21/2026 05:54 PM,700000787,Server A,,Counter,Dinner,Take Out,900000787,191961,,,,Chicken Bowl,,Bowls,Main Menu,Food,12.00,0.00,12.00,1,0.99,false,false,false,EXCLUDED,,
Bluebird Bowl Co. - Main St,400000788,389,09/21/2026 06:17 PM,09/21/2026 06:17 PM,700000788,Server B,,Counter,Dinner,Take Out,900000788,191961,,,,Chicken Bowl,,Bowls,Main Menu,Food,12.00,0.00,12.00,1,0.99,false,false,false,EXCLUDED,,
Bluebird Bowl Co. - Main St,400000789,390,09/21/2026 06:20 PM,09/21/2026 06:20 PM,700000789,Server A,,Counter,Dinner,Dine In,900000789,191961,,,,Chicken Bowl,,Bowls,Main Menu,Food,12.00,0.00,12.00,1,0.99,false,false,false,EXCLUDED,,
Bluebird Bowl Co. - Main St,400000790,391,09/21/2026 06:39 PM,09/21/2026 06:39 PM,700000790,Server B,,Counter,Dinner,Take Out,900000790,175402,,,,Kids Tenders Plate,,Kids,Main Menu,Food,7.00,0.00,7.00,1,0.58,false,false,false,EXCLUDED,,
Bluebird Bowl Co. - Main St,400000791,392,09/21/2026 06:46 PM,09/21/2026 06:46 PM,700000791,Server A,,Counter,Dinner,Take Out,900000791,177015,,,,Steak Bowl,,Bowls,Main Menu,Food,32.00,0.00,32.00,2,2.64,false,false,false,EXCLUDED,,
Bluebird Bowl Co. - Main St,400000792,393,09/21/2026 07:11 PM,09/21/2026 07:11 PM,700000792,Server B,,Counter,Dinner,Take Out,900000792,191961,,,,Chicken Bowl,,Bowls,Main Menu,Food,12.00,0.00,12.00,1,0.99,false,false,false,EXCLUDED,,
Bluebird Bowl Co. - Main St,400000793,394,09/21/2026 07:12 PM,09/21/2026 07:12 PM,700000793,Server A,,Counter,Dinner,Dine In,900000793,158126,,,,Salmon Plate,,Plates,Main Menu,Food,19.00,0.00,19.00,1,1.57,false,false,false,EXCLUDED,,
Bluebird Bowl Co. - Main St,400000794,395,09/21/2026 07:27 PM,09/21/2026 07:27 PM,700000794,Server B,,Counter,Dinner,Dine In,900000794,191961,,,,Chicken Bowl,,Bowls,Main Menu,Food,12.00,0.00,12.00,1,0.99,false,false,false,EXCLUDED,,
Bluebird Bowl Co. - Main St,400000795,396,09/21/2026 07:44 PM,09/21/2026 07:44 PM,700000795,Server A,,Counter,Dinner,Take Out,900000795,175402,,,,Kids Tenders Plate,,Kids,Main Menu,Food,14.00,0.00,14.00,2,1.16,false,false,false,EXCLUDED,,
Bluebird Bowl Co. - Main St,400000796,397,09/21/2026 07:50 PM,09/21/2026 07:50 PM,700000796,Server B,,Counter,Dinner,Dine In,900000796,177015,,,,Steak Bowl,,Bowls,Main Menu,Food,16.00,0.00,16.00,1,1.32,false,false,false,EXCLUDED,,
Bluebird Bowl Co. - Main St,400000797,398,09/21/2026 08:00 PM,09/21/2026 08:00 PM,700000797,Server A,,Counter,Dinner,Take Out,900000797,191961,,,,Chicken Bowl,,Bowls,Main Menu,Food,12.00,0.00,12.00,1,0.99,false,false,false,EXCLUDED,,
Bluebird Bowl Co. - Main St,400000798,399,09/21/2026 08:10 PM,09/21/2026 08:10 PM,700000798,Server B,,Counter,Dinner,Dine In,900000798,158126,,,,Salmon Plate,,Plates,Main Menu,Food,19.00,0.00,19.00,1,1.57,false,false,false,EXCLUDED,,
Bluebird Bowl Co. - Main St,400000799,400,09/21/2026 08:33 PM,09/21/2026 08:33 PM,700000799,Server A,,Counter,Dinner,Dine In,900000799,191961,,,,Chicken Bowl,,Bowls,Main Menu,Food,12.00,0.00,12.00,1,0.99,false,false,false,EXCLUDED,,
Bluebird Bowl Co. - Main St,400000800,1,09/22/2026 11:16 AM,09/22/2026 11:16 AM,700000800,Server B,,Counter,Lunch,Dine In,900000800,177015,,,,Steak Bowl,,Bowls,Main Menu,Food,32.00,0.00,32.00,2,2.64,false,false,false,EXCLUDED,,
Bluebird Bowl Co. - Main St,400000801,2,09/22/2026 11:35 AM,09/22/2026 11:35 AM,700000801,Server A,,Counter,Lunch,Dine In,900000801,158126,,,,Salmon Plate,,Plates,Main Menu,Food,19.00,0.00,19.00,1,1.57,false,false,false,EXCLUDED,,
Bluebird Bowl Co. - Main St,400000802,3,09/22/2026 12:05 PM,09/22/2026 12:05 PM,700000802,Server B,,Counter,Lunch,Take Out,900000802,175402,,,,Kids Tenders Plate,,Kids,Main Menu,Food,7.00,0.00,7.00,1,0.58,false,false,false,EXCLUDED,,
Bluebird Bowl Co. - Main St,400000803,4,09/22/2026 12:12 PM,09/22/2026 12:12 PM,700000803,Server A,,Counter,Lunch,Dine In,900000803,191961,,,,Chicken Bowl,,Bowls,Main Menu,Food,24.00,0.00,24.00,2,1.98,false,false,false,EXCLUDED,,
Bluebird Bowl Co. - Main St,400000804,5,09/22/2026 12:12 PM,09/22/2026 12:12 PM,700000804,Server B,,Counter,Lunch,Dine In,900000804,136997,,,,Fountain Drink,,Beverages,Main Menu,Beverage,2.75,0.00,2.75,1,0.23,false,false,false,EXCLUDED,,
Bluebird Bowl Co. - Main St,400000805,6,09/22/2026 12:23 PM,09/22/2026 12:23 PM,700000805,Server A,,Counter,Lunch,Take Out,900000805,191961,,,,Chicken Bowl,,Bowls,Main Menu,Food,12.00,0.00,12.00,1,0.99,false,false,false,EXCLUDED,,
Bluebird Bowl Co. - Main St,400000806,7,09/22/2026 12:30 PM,09/22/2026 12:30 PM,700000806,Server B,,Counter,Lunch,Take Out,900000806,177015,,,,Steak Bowl,,Bowls,Main Menu,Food,16.00,0.00,16.00,1,1.32,false,false,false,EXCLUDED,,
Bluebird Bowl Co. - Main St,400000807,8,09/22/2026 12:30 PM,09/22/2026 12:30 PM,700000807,Server A,,Counter,Lunch,Dine In,900000807,177015,,,,Steak Bowl,,Bowls,Main Menu,Food,16.00,0.00,16.00,1,1.32,false,false,false,EXCLUDED,,
Bluebird Bowl Co. - Main St,400000808,9,09/22/2026 12:42 PM,09/22/2026 12:42 PM,700000808,Server B,,Counter,Lunch,Take Out,900000808,191961,,,,Chicken Bowl,,Bowls,Main Menu,Food,12.00,0.00,12.00,1,0.99,false,false,false,EXCLUDED,,
Bluebird Bowl Co. - Main St,400000809,10,09/22/2026 12:49 PM,09/22/2026 12:49 PM,700000809,Server A,,Counter,Lunch,Take Out,900000809,191961,,,,Chicken Bowl,,Bowls,Main Menu,Food,12.00,0.00,12.00,1,0.99,false,false,false,EXCLUDED,,
Bluebird Bowl Co. - Main St,400000810,11,09/22/2026 01:01 PM,09/22/2026 01:01 PM,700000810,Server B,,Counter,Lunch,Dine In,900000810,136997,,,,Fountain Drink,,Beverages,Main Menu,Beverage,2.75,0.00,2.75,1,0.23,false,false,false,EXCLUDED,,
Bluebird Bowl Co. - Main St,400000811,12,09/22/2026 01:06 PM,09/22/2026 01:06 PM,700000811,Server A,,Counter,Lunch,Dine In,900000811,177015,,,,Steak Bowl,,Bowls,Main Menu,Food,16.00,0.00,16.00,1,1.32,false,false,false,EXCLUDED,,
Bluebird Bowl Co. - Main St,400000812,13,09/22/2026 01:16 PM,09/22/2026 01:16 PM,700000812,Server B,,Counter,Lunch,Dine In,900000812,136997,,,,Fountain Drink,,Beverages,Main Menu,Beverage,2.75,0.00,2.75,1,0.23,false,false,false,EXCLUDED,,
Bluebird Bowl Co. - Main St,400000813,14,09/22/2026 01:28 PM,09/22/2026 01:28 PM,700000813,Server A,,Counter,Lunch,Dine In,900000813,158126,,,,Salmon Plate,,Plates,Main Menu,Food,19.00,0.00,19.00,1,1.57,false,false,false,EXCLUDED,,
Bluebird Bowl Co. - Main St,400000814,15,09/22/2026 01:37 PM,09/22/2026 01:37 PM,700000814,Server B,,Counter,Lunch,Dine In,900000814,136997,,,,Fountain Drink,,Beverages,Main Menu,Beverage,2.75,0.00,2.75,1,0.23,false,false,false,EXCLUDED,,
Bluebird Bowl Co. - Main St,400000815,16,09/22/2026 01:40 PM,09/22/2026 01:40 PM,700000815,Server A,,Counter,Lunch,Dine In,900000815,191961,,,,Chicken Bowl,,Bowls,Main Menu,Food,12.00,0.00,12.00,1,0.99,false,false,false,EXCLUDED,,
Bluebird Bowl Co. - Main St,400000816,17,09/22/2026 02:45 PM,09/22/2026 02:45 PM,700000816,Server B,,Counter,Lunch,Dine In,900000816,191961,,,,Chicken Bowl,,Bowls,Main Menu,Food,12.00,0.00,12.00,1,0.99,false,false,false,EXCLUDED,,
Bluebird Bowl Co. - Main St,400000817,18,09/22/2026 03:06 PM,09/22/2026 03:06 PM,700000817,Server A,,Counter,Lunch,Dine In,900000817,175402,,,,Kids Tenders Plate,,Kids,Main Menu,Food,7.00,0.00,7.00,1,0.58,false,false,false,EXCLUDED,,
Bluebird Bowl Co. - Main St,400000818,19,09/22/2026 03:21 PM,09/22/2026 03:21 PM,700000818,Server B,,Counter,Lunch,Dine In,900000818,158126,,,,Salmon Plate,,Plates,Main Menu,Food,19.00,0.00,19.00,1,1.57,false,false,false,EXCLUDED,,
Bluebird Bowl Co. - Main St,400000819,20,09/22/2026 03:45 PM,09/22/2026 03:45 PM,700000819,Server A,,Counter,Lunch,Dine In,900000819,158126,,,,Salmon Plate,,Plates,Main Menu,Food,38.00,0.00,38.00,2,3.14,false,false,false,EXCLUDED,,
Bluebird Bowl Co. - Main St,400000820,21,09/22/2026 04:00 PM,09/22/2026 04:00 PM,700000820,Server B,,Counter,Dinner,Take Out,900000820,158126,,,,Salmon Plate,,Plates,Main Menu,Food,38.00,0.00,38.00,2,3.14,false,false,false,EXCLUDED,,
Bluebird Bowl Co. - Main St,400000821,22,09/22/2026 04:03 PM,09/22/2026 04:03 PM,700000821,Server A,,Counter,Dinner,Dine In,900000821,191961,,,,Chicken Bowl,,Bowls,Main Menu,Food,12.00,0.00,12.00,1,0.99,false,false,false,EXCLUDED,,
Bluebird Bowl Co. - Main St,400000822,23,09/22/2026 04:17 PM,09/22/2026 04:17 PM,700000822,Server B,,Counter,Dinner,Dine In,900000822,158126,,,,Salmon Plate,,Plates,Main Menu,Food,38.00,0.00,38.00,2,3.14,false,false,false,EXCLUDED,,
Bluebird Bowl Co. - Main St,400000823,24,09/22/2026 04:50 PM,09/22/2026 04:50 PM,700000823,Server A,,Counter,Dinner,Dine In,900000823,177015,,,,Steak Bowl,,Bowls,Main Menu,Food,16.00,0.00,16.00,1,1.32,false,false,false,EXCLUDED,,
Bluebird Bowl Co. - Main St,400000824,25,09/22/2026 05:10 PM,09/22/2026 05:10 PM,700000824,Server B,,Counter,Dinner,Take Out,900000824,136997,,,,Fountain Drink,,Beverages,Main Menu,Beverage,2.75,0.00,2.75,1,0.23,false,false,false,EXCLUDED,,
Bluebird Bowl Co. - Main St,400000825,26,09/22/2026 05:31 PM,09/22/2026 05:31 PM,700000825,Server A,,Counter,Dinner,Take Out,900000825,191961,,,,Chicken Bowl,,Bowls,Main Menu,Food,24.00,0.00,24.00,2,1.98,false,false,false,EXCLUDED,,
Bluebird Bowl Co. - Main St,400000826,27,09/22/2026 05:38 PM,09/22/2026 05:38 PM,700000826,Server B,,Counter,Dinner,Take Out,900000826,158126,,,,Salmon Plate,,Plates,Main Menu,Food,19.00,0.00,19.00,1,1.57,false,false,false,EXCLUDED,,
Bluebird Bowl Co. - Main St,400000827,28,09/22/2026 05:50 PM,09/22/2026 05:50 PM,700000827,Server A,,Counter,Dinner,Dine In,900000827,191961,,,,Chicken Bowl,,Bowls,Main Menu,Food,12.00,0.00,12.00,1,0.99,false,false,false,EXCLUDED,,
Bluebird Bowl Co. - Main St,400000828,29,09/22/2026 05:52 PM,09/22/2026 05:52 PM,700000828,Server B,,Counter,Dinner,Take Out,900000828,191961,,,,Chicken Bowl,,Bowls,Main Menu,Food,24.00,0.00,24.00,2,1.98,false,false,false,EXCLUDED,,
Bluebird Bowl Co. - Main St,400000829,30,09/22/2026 06:20 PM,09/22/2026 06:20 PM,700000829,Server A,,Counter,Dinner,Take Out,900000829,158126,,,,Salmon Plate,,Plates,Main Menu,Food,19.00,0.00,19.00,1,1.57,false,false,false,EXCLUDED,,
Bluebird Bowl Co. - Main St,400000830,31,09/22/2026 07:16 PM,09/22/2026 07:16 PM,700000830,Server B,,Counter,Dinner,Take Out,900000830,158126,,,,Salmon Plate,,Plates,Main Menu,Food,38.00,0.00,38.00,2,3.14,false,false,false,EXCLUDED,,
Bluebird Bowl Co. - Main St,400000831,32,09/22/2026 07:49 PM,09/22/2026 07:49 PM,700000831,Server A,,Counter,Dinner,Take Out,900000831,191961,,,,Chicken Bowl,,Bowls,Main Menu,Food,24.00,0.00,24.00,2,1.98,false,false,false,EXCLUDED,,
Bluebird Bowl Co. - Main St,400000832,33,09/22/2026 07:57 PM,09/22/2026 07:57 PM,700000832,Server B,,Counter,Dinner,Take Out,900000832,191961,,,,Chicken Bowl,,Bowls,Main Menu,Food,12.00,0.00,12.00,1,0.99,false,false,false,EXCLUDED,,
Bluebird Bowl Co. - Main St,400000833,34,09/23/2026 12:19 PM,09/23/2026 12:19 PM,700000833,Server A,,Counter,Lunch,Dine In,900000833,191961,,,,Chicken Bowl,,Bowls,Main Menu,Food,12.00,0.00,12.00,1,0.99,false,false,false,EXCLUDED,,
Bluebird Bowl Co. - Main St,400000834,35,09/23/2026 12:48 PM,09/23/2026 12:48 PM,700000834,Server B,,Counter,Lunch,Dine In,900000834,110096,,,,Veggie Bowl,,Bowls,Main Menu,Food,27.00,0.00,27.00,2,2.23,false,false,false,EXCLUDED,,
Bluebird Bowl Co. - Main St,400000835,36,09/23/2026 12:57 PM,09/23/2026 12:57 PM,700000835,Server A,,Counter,Lunch,Take Out,900000835,158126,,,,Salmon Plate,,Plates,Main Menu,Food,19.00,0.00,19.00,1,1.57,false,false,false,EXCLUDED,,
Bluebird Bowl Co. - Main St,400000836,37,09/23/2026 01:49 PM,09/23/2026 01:49 PM,700000836,Server B,,Counter,Lunch,Dine In,900000836,136997,,,,Fountain Drink,,Beverages,Main Menu,Beverage,5.50,0.00,5.50,2,0.45,false,false,false,EXCLUDED,,
Bluebird Bowl Co. - Main St,400000837,38,09/23/2026 02:13 PM,09/23/2026 02:13 PM,700000837,Server A,,Counter,Lunch,Take Out,900000837,191961,,,,Chicken Bowl,,Bowls,Main Menu,Food,12.00,0.00,12.00,1,0.99,false,false,false,EXCLUDED,,
Bluebird Bowl Co. - Main St,400000838,39,09/23/2026 02:16 PM,09/23/2026 02:16 PM,700000838,Server B,,Counter,Lunch,Take Out,900000838,110096,,,,Veggie Bowl,,Bowls,Main Menu,Food,27.00,0.00,27.00,2,2.23,false,false,false,EXCLUDED,,
Bluebird Bowl Co. - Main St,400000839,40,09/23/2026 02:29 PM,09/23/2026 02:29 PM,700000839,Server A,,Counter,Lunch,Take Out,900000839,158126,,,,Salmon Plate,,Plates,Main Menu,Food,19.00,0.00,19.00,1,1.57,false,false,false,EXCLUDED,,
Bluebird Bowl Co. - Main St,400000840,41,09/23/2026 02:36 PM,09/23/2026 02:36 PM,700000840,Server B,,Counter,Lunch,Dine In,900000840,177015,,,,Steak Bowl,,Bowls,Main Menu,Food,16.00,0.00,16.00,1,1.32,false,false,false,EXCLUDED,,
Bluebird Bowl Co. - Main St,400000841,42,09/23/2026 02:40 PM,09/23/2026 02:40 PM,700000841,Server A,,Counter,Lunch,Take Out,900000841,177015,,,,Steak Bowl,,Bowls,Main Menu,Food,16.00,0.00,16.00,1,1.32,false,false,false,EXCLUDED,,
Bluebird Bowl Co. - Main St,400000842,43,09/23/2026 02:58 PM,09/23/2026 02:58 PM,700000842,Server B,,Counter,Lunch,Take Out,900000842,191961,,,,Chicken Bowl,,Bowls,Main Menu,Food,24.00,0.00,24.00,2,1.98,false,false,false,EXCLUDED,,
Bluebird Bowl Co. - Main St,400000843,44,09/23/2026 03:02 PM,09/23/2026 03:02 PM,700000843,Server A,,Counter,Lunch,Dine In,900000843,158126,,,,Salmon Plate,,Plates,Main Menu,Food,38.00,0.00,38.00,2,3.14,false,false,false,EXCLUDED,,
Bluebird Bowl Co. - Main St,400000844,45,09/23/2026 03:19 PM,09/23/2026 03:19 PM,700000844,Server B,,Counter,Lunch,Take Out,900000844,158126,,,,Salmon Plate,,Plates,Main Menu,Food,19.00,0.00,19.00,1,1.57,false,false,false,EXCLUDED,,
Bluebird Bowl Co. - Main St,400000845,46,09/23/2026 03:27 PM,09/23/2026 03:27 PM,700000845,Server A,,Counter,Lunch,Dine In,900000845,191961,,,,Chicken Bowl,,Bowls,Main Menu,Food,12.00,0.00,12.00,1,0.99,false,false,false,EXCLUDED,,
Bluebird Bowl Co. - Main St,400000846,47,09/23/2026 03:39 PM,09/23/2026 03:39 PM,700000846,Server B,,Counter,Lunch,Take Out,900000846,158126,,,,Salmon Plate,,Plates,Main Menu,Food,19.00,0.00,19.00,1,1.57,false,false,false,EXCLUDED,,
Bluebird Bowl Co. - Main St,400000847,48,09/23/2026 03:46 PM,09/23/2026 03:46 PM,700000847,Server A,,Counter,Lunch,Dine In,900000847,191961,,,,Chicken Bowl,,Bowls,Main Menu,Food,12.00,0.00,12.00,1,0.99,false,false,false,EXCLUDED,,
Bluebird Bowl Co. - Main St,400000848,49,09/23/2026 04:11 PM,09/23/2026 04:11 PM,700000848,Server B,,Counter,Dinner,Take Out,900000848,158126,,,,Salmon Plate,,Plates,Main Menu,Food,19.00,0.00,19.00,1,1.57,false,false,false,EXCLUDED,,
Bluebird Bowl Co. - Main St,400000849,50,09/23/2026 04:17 PM,09/23/2026 04:17 PM,700000849,Server A,,Counter,Dinner,Dine In,900000849,191961,,,,Chicken Bowl,,Bowls,Main Menu,Food,24.00,0.00,24.00,2,1.98,false,false,false,EXCLUDED,,
Bluebird Bowl Co. - Main St,400000850,51,09/23/2026 04:30 PM,09/23/2026 04:30 PM,700000850,Server B,,Counter,Dinner,Take Out,900000850,191961,,,,Chicken Bowl,,Bowls,Main Menu,Food,12.00,0.00,12.00,1,0.99,false,false,false,EXCLUDED,,
Bluebird Bowl Co. - Main St,400000851,52,09/23/2026 04:48 PM,09/23/2026 04:48 PM,700000851,Server A,,Counter,Dinner,Dine In,900000851,191961,,,,Chicken Bowl,,Bowls,Main Menu,Food,12.00,0.00,12.00,1,0.99,false,false,false,EXCLUDED,,
Bluebird Bowl Co. - Main St,400000852,53,09/23/2026 05:14 PM,09/23/2026 05:14 PM,700000852,Server B,,Counter,Dinner,Dine In,900000852,110096,,,,Veggie Bowl,,Bowls,Main Menu,Food,27.00,0.00,27.00,2,2.23,false,false,false,EXCLUDED,,
Bluebird Bowl Co. - Main St,400000853,54,09/23/2026 05:22 PM,09/23/2026 05:22 PM,700000853,Server A,,Counter,Dinner,Take Out,900000853,110096,,,,Veggie Bowl,,Bowls,Main Menu,Food,13.50,0.00,13.50,1,1.11,false,false,false,EXCLUDED,,
Bluebird Bowl Co. - Main St,400000854,55,09/23/2026 05:35 PM,09/23/2026 05:35 PM,700000854,Server B,,Counter,Dinner,Dine In,900000854,158126,,,,Salmon Plate,,Plates,Main Menu,Food,19.00,0.00,19.00,1,1.57,false,false,false,EXCLUDED,,
Bluebird Bowl Co. - Main St,400000855,56,09/23/2026 05:44 PM,09/23/2026 05:44 PM,700000855,Server A,,Counter,Dinner,Dine In,900000855,175402,,,,Kids Tenders Plate,,Kids,Main Menu,Food,14.00,0.00,14.00,2,1.16,false,false,false,EXCLUDED,,
Bluebird Bowl Co. - Main St,400000856,57,09/23/2026 06:20 PM,09/23/2026 06:20 PM,700000856,Server B,,Counter,Dinner,Take Out,900000856,110096,,,,Veggie Bowl,,Bowls,Main Menu,Food,13.50,0.00,13.50,1,1.11,false,false,false,EXCLUDED,,
Bluebird Bowl Co. - Main St,400000857,58,09/23/2026 06:35 PM,09/23/2026 06:35 PM,700000857,Server A,,Counter,Dinner,Take Out,900000857,191961,,,,Chicken Bowl,,Bowls,Main Menu,Food,24.00,0.00,24.00,2,1.98,false,false,false,EXCLUDED,,
Bluebird Bowl Co. - Main St,400000858,59,09/23/2026 07:14 PM,09/23/2026 07:14 PM,700000858,Server B,,Counter,Dinner,Dine In,900000858,136997,,,,Fountain Drink,,Beverages,Main Menu,Beverage,2.75,0.00,2.75,1,0.23,false,false,false,EXCLUDED,,
Bluebird Bowl Co. - Main St,400000859,60,09/23/2026 07:15 PM,09/23/2026 07:15 PM,700000859,Server A,,Counter,Dinner,Dine In,900000859,177015,,,,Steak Bowl,,Bowls,Main Menu,Food,32.00,0.00,32.00,2,2.64,false,false,false,EXCLUDED,,
Bluebird Bowl Co. - Main St,400000860,61,09/23/2026 07:25 PM,09/23/2026 07:25 PM,700000860,Server B,,Counter,Dinner,Dine In,900000860,191961,,,,Chicken Bowl,,Bowls,Main Menu,Food,12.00,0.00,12.00,1,0.99,false,false,false,EXCLUDED,,
Bluebird Bowl Co. - Main St,400000861,62,09/23/2026 08:08 PM,09/23/2026 08:08 PM,700000861,Server A,,Counter,Dinner,Dine In,900000861,191961,,,,Chicken Bowl,,Bowls,Main Menu,Food,12.00,0.00,12.00,1,0.99,false,false,false,EXCLUDED,,
Bluebird Bowl Co. - Main St,400000862,63,09/23/2026 08:15 PM,09/23/2026 08:15 PM,700000862,Server B,,Counter,Dinner,Take Out,900000862,191961,,,,Chicken Bowl,,Bowls,Main Menu,Food,12.00,0.00,12.00,1,0.99,false,false,false,EXCLUDED,,
Bluebird Bowl Co. - Main St,400000863,64,09/23/2026 08:24 PM,09/23/2026 08:24 PM,700000863,Server A,,Counter,Dinner,Take Out,900000863,158126,,,,Salmon Plate,,Plates,Main Menu,Food,19.00,0.00,19.00,1,1.57,false,false,false,EXCLUDED,,
Bluebird Bowl Co. - Main St,400000864,65,09/23/2026 08:37 PM,09/23/2026 08:37 PM,700000864,Server B,,Counter,Dinner,Dine In,900000864,175402,,,,Kids Tenders Plate,,Kids,Main Menu,Food,14.00,0.00,14.00,2,1.16,false,false,false,EXCLUDED,,
Bluebird Bowl Co. - Main St,400000865,66,09/23/2026 08:43 PM,09/23/2026 08:43 PM,700000865,Server A,,Counter,Dinner,Take Out,900000865,136997,,,,Fountain Drink,,Beverages,Main Menu,Beverage,2.75,0.00,2.75,1,0.23,false,false,false,EXCLUDED,,
Bluebird Bowl Co. - Main St,400000866,67,09/24/2026 11:42 AM,09/24/2026 11:42 AM,700000866,Server B,,Counter,Lunch,Dine In,900000866,136997,,,,Fountain Drink,,Beverages,Main Menu,Beverage,2.75,0.00,2.75,1,0.23,false,false,false,EXCLUDED,,
Bluebird Bowl Co. - Main St,400000867,68,09/24/2026 11:59 AM,09/24/2026 11:59 AM,700000867,Server A,,Counter,Lunch,Dine In,900000867,136997,,,,Fountain Drink,,Beverages,Main Menu,Beverage,2.75,0.00,2.75,1,0.23,false,false,false,EXCLUDED,,
Bluebird Bowl Co. - Main St,400000868,69,09/24/2026 12:01 PM,09/24/2026 12:01 PM,700000868,Server B,,Counter,Lunch,Dine In,900000868,191961,,,,Chicken Bowl,,Bowls,Main Menu,Food,12.00,0.00,12.00,1,0.99,false,false,false,EXCLUDED,,
Bluebird Bowl Co. - Main St,400000869,70,09/24/2026 12:14 PM,09/24/2026 12:14 PM,700000869,Server A,,Counter,Lunch,Take Out,900000869,136997,,,,Fountain Drink,,Beverages,Main Menu,Beverage,5.50,0.00,5.50,2,0.45,false,false,false,EXCLUDED,,
Bluebird Bowl Co. - Main St,400000870,71,09/24/2026 12:21 PM,09/24/2026 12:21 PM,700000870,Server B,,Counter,Lunch,Take Out,900000870,177015,,,,Steak Bowl,,Bowls,Main Menu,Food,16.00,0.00,16.00,1,1.32,false,false,false,EXCLUDED,,
Bluebird Bowl Co. - Main St,400000871,72,09/24/2026 12:40 PM,09/24/2026 12:40 PM,700000871,Server A,,Counter,Lunch,Dine In,900000871,175402,,,,Kids Tenders Plate,,Kids,Main Menu,Food,14.00,0.00,14.00,2,1.16,false,false,false,EXCLUDED,,
Bluebird Bowl Co. - Main St,400000872,73,09/24/2026 01:10 PM,09/24/2026 01:10 PM,700000872,Server B,,Counter,Lunch,Take Out,900000872,158126,,,,Salmon Plate,,Plates,Main Menu,Food,38.00,0.00,38.00,2,3.14,false,false,false,EXCLUDED,,
Bluebird Bowl Co. - Main St,400000873,74,09/24/2026 01:17 PM,09/24/2026 01:17 PM,700000873,Server A,,Counter,Lunch,Take Out,900000873,158126,,,,Salmon Plate,,Plates,Main Menu,Food,19.00,0.00,19.00,1,1.57,false,false,false,EXCLUDED,,
Bluebird Bowl Co. - Main St,400000874,75,09/24/2026 01:24 PM,09/24/2026 01:24 PM,700000874,Server B,,Counter,Lunch,Dine In,900000874,177015,,,,Steak Bowl,,Bowls,Main Menu,Food,16.00,0.00,16.00,1,1.32,false,false,false,EXCLUDED,,
Bluebird Bowl Co. - Main St,400000875,76,09/24/2026 01:26 PM,09/24/2026 01:26 PM,700000875,Server A,,Counter,Lunch,Take Out,900000875,177015,,,,Steak Bowl,,Bowls,Main Menu,Food,32.00,0.00,32.00,2,2.64,false,false,false,EXCLUDED,,
Bluebird Bowl Co. - Main St,400000876,77,09/24/2026 01:26 PM,09/24/2026 01:26 PM,700000876,Server B,,Counter,Lunch,Take Out,900000876,177015,,,,Steak Bowl,,Bowls,Main Menu,Food,32.00,0.00,32.00,2,2.64,false,false,false,EXCLUDED,,
Bluebird Bowl Co. - Main St,400000877,78,09/24/2026 01:31 PM,09/24/2026 01:31 PM,700000877,Server A,,Counter,Lunch,Take Out,900000877,175402,,,,Kids Tenders Plate,,Kids,Main Menu,Food,14.00,0.00,14.00,2,1.16,false,false,false,EXCLUDED,,
Bluebird Bowl Co. - Main St,400000878,79,09/24/2026 01:45 PM,09/24/2026 01:45 PM,700000878,Server B,,Counter,Lunch,Take Out,900000878,158126,,,,Salmon Plate,,Plates,Main Menu,Food,19.00,0.00,19.00,1,1.57,false,false,false,EXCLUDED,,
Bluebird Bowl Co. - Main St,400000879,80,09/24/2026 01:58 PM,09/24/2026 01:58 PM,700000879,Server A,,Counter,Lunch,Dine In,900000879,136997,,,,Fountain Drink,,Beverages,Main Menu,Beverage,5.50,0.00,5.50,2,0.45,false,false,false,EXCLUDED,,
Bluebird Bowl Co. - Main St,400000880,81,09/24/2026 02:11 PM,09/24/2026 02:11 PM,700000880,Server B,,Counter,Lunch,Dine In,900000880,191961,,,,Chicken Bowl,,Bowls,Main Menu,Food,12.00,0.00,12.00,1,0.99,false,false,false,EXCLUDED,,
Bluebird Bowl Co. - Main St,400000881,82,09/24/2026 04:54 PM,09/24/2026 04:54 PM,700000881,Server A,,Counter,Dinner,Dine In,900000881,136997,,,,Fountain Drink,,Beverages,Main Menu,Beverage,2.75,0.00,2.75,1,0.23,false,false,false,EXCLUDED,,
Bluebird Bowl Co. - Main St,400000882,83,09/24/2026 05:05 PM,09/24/2026 05:05 PM,700000882,Server B,,Counter,Dinner,Take Out,900000882,191961,,,,Chicken Bowl,,Bowls,Main Menu,Food,12.00,0.00,12.00,1,0.99,false,false,false,EXCLUDED,,
Bluebird Bowl Co. - Main St,400000883,84,09/24/2026 05:06 PM,09/24/2026 05:06 PM,700000883,Server A,,Counter,Dinner,Take Out,900000883,191961,,,,Chicken Bowl,,Bowls,Main Menu,Food,12.00,0.00,12.00,1,0.99,false,false,false,EXCLUDED,,
Bluebird Bowl Co. - Main St,400000884,85,09/24/2026 05:18 PM,09/24/2026 05:18 PM,700000884,Server B,,Counter,Dinner,Dine In,900000884,191961,,,,Chicken Bowl,,Bowls,Main Menu,Food,12.00,0.00,12.00,1,0.99,false,false,false,EXCLUDED,,
Bluebird Bowl Co. - Main St,400000885,86,09/24/2026 05:25 PM,09/24/2026 05:25 PM,700000885,Server A,,Counter,Dinner,Take Out,900000885,177015,,,,Steak Bowl,,Bowls,Main Menu,Food,16.00,0.00,16.00,1,1.32,false,false,false,EXCLUDED,,
Bluebird Bowl Co. - Main St,400000886,87,09/24/2026 05:25 PM,09/24/2026 05:25 PM,700000886,Server B,,Counter,Dinner,Take Out,900000886,136997,,,,Fountain Drink,,Beverages,Main Menu,Beverage,2.75,0.00,2.75,1,0.23,false,false,false,EXCLUDED,,
Bluebird Bowl Co. - Main St,400000887,88,09/24/2026 05:30 PM,09/24/2026 05:30 PM,700000887,Server A,,Counter,Dinner,Take Out,900000887,191961,,,,Chicken Bowl,,Bowls,Main Menu,Food,12.00,0.00,12.00,1,0.99,false,false,false,EXCLUDED,,
Bluebird Bowl Co. - Main St,400000888,89,09/24/2026 05:47 PM,09/24/2026 05:47 PM,700000888,Server B,,Counter,Dinner,Take Out,900000888,158126,,,,Salmon Plate,,Plates,Main Menu,Food,38.00,0.00,38.00,2,3.14,false,false,false,EXCLUDED,,
Bluebird Bowl Co. - Main St,400000889,90,09/24/2026 05:54 PM,09/24/2026 05:54 PM,700000889,Server A,,Counter,Dinner,Dine In,900000889,136997,,,,Fountain Drink,,Beverages,Main Menu,Beverage,2.75,0.00,2.75,1,0.23,false,false,false,EXCLUDED,,
Bluebird Bowl Co. - Main St,400000890,91,09/24/2026 06:03 PM,09/24/2026 06:03 PM,700000890,Server B,,Counter,Dinner,Dine In,900000890,191961,,,,Chicken Bowl,,Bowls,Main Menu,Food,12.00,0.00,12.00,1,0.99,false,false,false,EXCLUDED,,
Bluebird Bowl Co. - Main St,400000891,92,09/24/2026 06:09 PM,09/24/2026 06:09 PM,700000891,Server A,,Counter,Dinner,Take Out,900000891,158126,,,,Salmon Plate,,Plates,Main Menu,Food,19.00,0.00,19.00,1,1.57,false,false,false,EXCLUDED,,
Bluebird Bowl Co. - Main St,400000892,93,09/24/2026 06:22 PM,09/24/2026 06:22 PM,700000892,Server B,,Counter,Dinner,Take Out,900000892,191961,,,,Chicken Bowl,,Bowls,Main Menu,Food,24.00,0.00,24.00,2,1.98,false,false,false,EXCLUDED,,
Bluebird Bowl Co. - Main St,400000893,94,09/24/2026 06:50 PM,09/24/2026 06:50 PM,700000893,Server A,,Counter,Dinner,Dine In,900000893,191961,,,,Chicken Bowl,,Bowls,Main Menu,Food,12.00,0.00,12.00,1,0.99,false,false,false,EXCLUDED,,
Bluebird Bowl Co. - Main St,400000894,95,09/24/2026 07:12 PM,09/24/2026 07:12 PM,700000894,Server B,,Counter,Dinner,Take Out,900000894,158126,,,,Salmon Plate,,Plates,Main Menu,Food,38.00,0.00,38.00,2,3.14,false,false,false,EXCLUDED,,
Bluebird Bowl Co. - Main St,400000895,96,09/24/2026 07:15 PM,09/24/2026 07:15 PM,700000895,Server A,,Counter,Dinner,Take Out,900000895,158126,,,,Salmon Plate,,Plates,Main Menu,Food,38.00,0.00,38.00,2,3.14,false,false,false,EXCLUDED,,
Bluebird Bowl Co. - Main St,400000896,97,09/24/2026 07:48 PM,09/24/2026 07:48 PM,700000896,Server B,,Counter,Dinner,Dine In,900000896,191961,,,,Chicken Bowl,,Bowls,Main Menu,Food,24.00,0.00,24.00,2,1.98,false,false,false,EXCLUDED,,
Bluebird Bowl Co. - Main St,400000897,98,09/24/2026 07:55 PM,09/24/2026 07:55 PM,700000897,Server A,,Counter,Dinner,Dine In,900000897,136997,,,,Fountain Drink,,Beverages,Main Menu,Beverage,5.50,0.00,5.50,2,0.45,false,false,false,EXCLUDED,,
Bluebird Bowl Co. - Main St,400000898,99,09/24/2026 08:44 PM,09/24/2026 08:44 PM,700000898,Server B,,Counter,Dinner,Dine In,900000898,136997,,,,Fountain Drink,,Beverages,Main Menu,Beverage,2.75,0.00,2.75,1,0.23,false,false,false,EXCLUDED,,
Bluebird Bowl Co. - Main St,400000899,100,09/25/2026 11:02 AM,09/25/2026 11:02 AM,700000899,Server A,,Counter,Lunch,Take Out,900000899,191961,,,,Chicken Bowl,,Bowls,Main Menu,Food,12.00,0.00,12.00,1,0.99,false,false,false,EXCLUDED,,
Bluebird Bowl Co. - Main St,400000900,101,09/25/2026 11:40 AM,09/25/2026 11:40 AM,700000900,Server B,,Counter,Lunch,Dine In,900000900,136997,,,,Fountain Drink,,Beverages,Main Menu,Beverage,2.75,0.00,2.75,1,0.23,false,false,false,EXCLUDED,,
Bluebird Bowl Co. - Main St,400000901,102,09/25/2026 12:02 PM,09/25/2026 12:02 PM,700000901,Server A,,Counter,Lunch,Take Out,900000901,110096,,,,Veggie Bowl,,Bowls,Main Menu,Food,27.00,0.00,27.00,2,2.23,false,false,false,EXCLUDED,,
Bluebird Bowl Co. - Main St,400000902,103,09/25/2026 12:23 PM,09/25/2026 12:23 PM,700000902,Server B,,Counter,Lunch,Take Out,900000902,191961,,,,Chicken Bowl,,Bowls,Main Menu,Food,12.00,0.00,12.00,1,0.99,false,false,false,EXCLUDED,,
Bluebird Bowl Co. - Main St,400000903,104,09/25/2026 12:32 PM,09/25/2026 12:32 PM,700000903,Server A,,Counter,Lunch,Dine In,900000903,177015,,,,Steak Bowl,,Bowls,Main Menu,Food,16.00,0.00,16.00,1,1.32,false,false,false,EXCLUDED,,
Bluebird Bowl Co. - Main St,400000904,105,09/25/2026 01:27 PM,09/25/2026 01:27 PM,700000904,Server B,,Counter,Lunch,Take Out,900000904,175402,,,,Kids Tenders Plate,,Kids,Main Menu,Food,7.00,0.00,7.00,1,0.58,false,false,false,EXCLUDED,,
Bluebird Bowl Co. - Main St,400000905,106,09/25/2026 01:43 PM,09/25/2026 01:43 PM,700000905,Server A,,Counter,Lunch,Take Out,900000905,136997,,,,Fountain Drink,,Beverages,Main Menu,Beverage,2.75,0.00,2.75,1,0.23,false,false,false,EXCLUDED,,
Bluebird Bowl Co. - Main St,400000906,107,09/25/2026 02:05 PM,09/25/2026 02:05 PM,700000906,Server B,,Counter,Lunch,Dine In,900000906,191961,,,,Chicken Bowl,,Bowls,Main Menu,Food,12.00,0.00,12.00,1,0.99,false,false,false,EXCLUDED,,
Bluebird Bowl Co. - Main St,400000907,108,09/25/2026 02:21 PM,09/25/2026 02:21 PM,700000907,Server A,,Counter,Lunch,Take Out,900000907,191961,,,,Chicken Bowl,,Bowls,Main Menu,Food,12.00,0.00,12.00,1,0.99,false,false,false,EXCLUDED,,
Bluebird Bowl Co. - Main St,400000908,109,09/25/2026 02:26 PM,09/25/2026 02:26 PM,700000908,Server B,,Counter,Lunch,Dine In,900000908,191961,,,,Chicken Bowl,,Bowls,Main Menu,Food,24.00,0.00,24.00,2,1.98,false,false,false,EXCLUDED,,
Bluebird Bowl Co. - Main St,400000909,110,09/25/2026 03:05 PM,09/25/2026 03:05 PM,700000909,Server A,,Counter,Lunch,Dine In,900000909,136997,,,,Fountain Drink,,Beverages,Main Menu,Beverage,2.75,0.00,2.75,1,0.23,false,false,false,EXCLUDED,,
Bluebird Bowl Co. - Main St,400000910,111,09/25/2026 03:05 PM,09/25/2026 03:05 PM,700000910,Server B,,Counter,Lunch,Dine In,900000910,191961,,,,Chicken Bowl,,Bowls,Main Menu,Food,12.00,0.00,12.00,1,0.99,false,false,false,EXCLUDED,,
Bluebird Bowl Co. - Main St,400000911,112,09/25/2026 03:13 PM,09/25/2026 03:13 PM,700000911,Server A,,Counter,Lunch,Dine In,900000911,191961,,,,Chicken Bowl,,Bowls,Main Menu,Food,12.00,0.00,12.00,1,0.99,false,false,false,EXCLUDED,,
Bluebird Bowl Co. - Main St,400000912,113,09/25/2026 03:53 PM,09/25/2026 03:53 PM,700000912,Server B,,Counter,Lunch,Dine In,900000912,175402,,,,Kids Tenders Plate,,Kids,Main Menu,Food,7.00,0.00,7.00,1,0.58,false,false,false,EXCLUDED,,
Bluebird Bowl Co. - Main St,400000913,114,09/25/2026 04:41 PM,09/25/2026 04:41 PM,700000913,Server A,,Counter,Dinner,Dine In,900000913,177015,,,,Steak Bowl,,Bowls,Main Menu,Food,16.00,0.00,16.00,1,1.32,false,false,false,EXCLUDED,,
Bluebird Bowl Co. - Main St,400000914,115,09/25/2026 05:04 PM,09/25/2026 05:04 PM,700000914,Server B,,Counter,Dinner,Take Out,900000914,136997,,,,Fountain Drink,,Beverages,Main Menu,Beverage,2.75,0.00,2.75,1,0.23,false,false,false,EXCLUDED,,
Bluebird Bowl Co. - Main St,400000915,116,09/25/2026 05:29 PM,09/25/2026 05:29 PM,700000915,Server A,,Counter,Dinner,Take Out,900000915,136997,,,,Fountain Drink,,Beverages,Main Menu,Beverage,5.50,0.00,5.50,2,0.45,false,false,false,EXCLUDED,,
Bluebird Bowl Co. - Main St,400000916,117,09/25/2026 05:52 PM,09/25/2026 05:52 PM,700000916,Server B,,Counter,Dinner,Dine In,900000916,191961,,,,Chicken Bowl,,Bowls,Main Menu,Food,12.00,0.00,12.00,1,0.99,false,false,false,EXCLUDED,,
Bluebird Bowl Co. - Main St,400000917,118,09/25/2026 06:06 PM,09/25/2026 06:06 PM,700000917,Server A,,Counter,Dinner,Take Out,900000917,110096,,,,Veggie Bowl,,Bowls,Main Menu,Food,27.00,0.00,27.00,2,2.23,false,false,false,EXCLUDED,,
Bluebird Bowl Co. - Main St,400000918,119,09/25/2026 06:16 PM,09/25/2026 06:16 PM,700000918,Server B,,Counter,Dinner,Take Out,900000918,110096,,,,Veggie Bowl,,Bowls,Main Menu,Food,13.50,0.00,13.50,1,1.11,false,false,false,EXCLUDED,,
Bluebird Bowl Co. - Main St,400000919,120,09/25/2026 06:50 PM,09/25/2026 06:50 PM,700000919,Server A,,Counter,Dinner,Take Out,900000919,177015,,,,Steak Bowl,,Bowls,Main Menu,Food,16.00,0.00,16.00,1,1.32,false,false,false,EXCLUDED,,
Bluebird Bowl Co. - Main St,400000920,121,09/25/2026 07:00 PM,09/25/2026 07:00 PM,700000920,Server B,,Counter,Dinner,Dine In,900000920,191961,,,,Chicken Bowl,,Bowls,Main Menu,Food,12.00,0.00,12.00,1,0.99,false,false,false,EXCLUDED,,
Bluebird Bowl Co. - Main St,400000921,122,09/25/2026 07:14 PM,09/25/2026 07:14 PM,700000921,Server A,,Counter,Dinner,Dine In,900000921,191961,,,,Chicken Bowl,,Bowls,Main Menu,Food,12.00,0.00,12.00,1,0.99,false,false,false,EXCLUDED,,
Bluebird Bowl Co. - Main St,400000922,123,09/25/2026 07:28 PM,09/25/2026 07:28 PM,700000922,Server B,,Counter,Dinner,Take Out,900000922,177015,,,,Steak Bowl,,Bowls,Main Menu,Food,16.00,0.00,16.00,1,1.32,false,false,false,EXCLUDED,,
Bluebird Bowl Co. - Main St,400000923,124,09/25/2026 07:29 PM,09/25/2026 07:29 PM,700000923,Server A,,Counter,Dinner,Dine In,900000923,191961,,,,Chicken Bowl,,Bowls,Main Menu,Food,24.00,0.00,24.00,2,1.98,false,false,false,EXCLUDED,,
Bluebird Bowl Co. - Main St,400000924,125,09/25/2026 07:39 PM,09/25/2026 07:39 PM,700000924,Server B,,Counter,Dinner,Take Out,900000924,191961,,,,Chicken Bowl,,Bowls,Main Menu,Food,12.00,0.00,12.00,1,0.99,false,false,false,EXCLUDED,,
Bluebird Bowl Co. - Main St,400000925,126,09/25/2026 07:44 PM,09/25/2026 07:44 PM,700000925,Server A,,Counter,Dinner,Dine In,900000925,136997,,,,Fountain Drink,,Beverages,Main Menu,Beverage,2.75,0.00,2.75,1,0.23,false,false,false,EXCLUDED,,
Bluebird Bowl Co. - Main St,400000926,127,09/25/2026 07:55 PM,09/25/2026 07:55 PM,700000926,Server B,,Counter,Dinner,Take Out,900000926,191961,,,,Chicken Bowl,,Bowls,Main Menu,Food,12.00,0.00,12.00,1,0.99,false,false,false,EXCLUDED,,
Bluebird Bowl Co. - Main St,400000927,128,09/25/2026 08:07 PM,09/25/2026 08:07 PM,700000927,Server A,,Counter,Dinner,Dine In,900000927,136997,,,,Fountain Drink,,Beverages,Main Menu,Beverage,2.75,0.00,2.75,1,0.23,false,false,false,EXCLUDED,,
Bluebird Bowl Co. - Main St,400000928,129,09/25/2026 08:32 PM,09/25/2026 08:32 PM,700000928,Server B,,Counter,Dinner,Dine In,900000928,136997,,,,Fountain Drink,,Beverages,Main Menu,Beverage,2.75,0.00,2.75,1,0.23,false,false,false,EXCLUDED,,
Bluebird Bowl Co. - Main St,400000929,130,09/25/2026 08:38 PM,09/25/2026 08:38 PM,700000929,Server A,,Counter,Dinner,Take Out,900000929,191961,,,,Chicken Bowl,,Bowls,Main Menu,Food,24.00,0.00,24.00,2,1.98,false,false,false,EXCLUDED,,
Bluebird Bowl Co. - Main St,400000930,131,09/25/2026 08:40 PM,09/25/2026 08:40 PM,700000930,Server B,,Counter,Dinner,Dine In,900000930,191961,,,,Chicken Bowl,,Bowls,Main Menu,Food,12.00,0.00,12.00,1,0.99,false,false,false,EXCLUDED,,
Bluebird Bowl Co. - Main St,400000931,132,09/25/2026 08:43 PM,09/25/2026 08:43 PM,700000931,Server A,,Counter,Dinner,Dine In,900000931,136997,,,,Fountain Drink,,Beverages,Main Menu,Beverage,2.75,0.00,2.75,1,0.23,false,false,false,EXCLUDED,,
Bluebird Bowl Co. - Main St,400000932,133,09/26/2026 11:15 AM,09/26/2026 11:15 AM,700000932,Server B,,Counter,Lunch,Dine In,900000932,175402,,,,Kids Tenders Plate,,Kids,Main Menu,Food,7.00,0.00,7.00,1,0.58,false,false,false,EXCLUDED,,
Bluebird Bowl Co. - Main St,400000933,134,09/26/2026 11:32 AM,09/26/2026 11:32 AM,700000933,Server A,,Counter,Lunch,Dine In,900000933,191961,,,,Chicken Bowl,,Bowls,Main Menu,Food,24.00,0.00,24.00,2,1.98,false,false,false,EXCLUDED,,
Bluebird Bowl Co. - Main St,400000934,135,09/26/2026 11:50 AM,09/26/2026 11:50 AM,700000934,Server B,,Counter,Lunch,Dine In,900000934,136997,,,,Fountain Drink,,Beverages,Main Menu,Beverage,2.75,0.00,2.75,1,0.23,false,false,false,EXCLUDED,,
Bluebird Bowl Co. - Main St,400000935,136,09/26/2026 12:59 PM,09/26/2026 12:59 PM,700000935,Server A,,Counter,Lunch,Take Out,900000935,136997,,,,Fountain Drink,,Beverages,Main Menu,Beverage,2.75,0.00,2.75,1,0.23,false,false,false,EXCLUDED,,
Bluebird Bowl Co. - Main St,400000936,137,09/26/2026 01:07 PM,09/26/2026 01:07 PM,700000936,Server B,,Counter,Lunch,Dine In,900000936,191961,,,,Chicken Bowl,,Bowls,Main Menu,Food,12.00,0.00,12.00,1,0.99,false,false,false,EXCLUDED,,
Bluebird Bowl Co. - Main St,400000937,138,09/26/2026 01:35 PM,09/26/2026 01:35 PM,700000937,Server A,,Counter,Lunch,Take Out,900000937,191961,,,,Chicken Bowl,,Bowls,Main Menu,Food,24.00,0.00,24.00,2,1.98,false,false,false,EXCLUDED,,
Bluebird Bowl Co. - Main St,400000938,139,09/26/2026 01:39 PM,09/26/2026 01:39 PM,700000938,Server B,,Counter,Lunch,Dine In,900000938,191961,,,,Chicken Bowl,,Bowls,Main Menu,Food,12.00,0.00,12.00,1,0.99,false,false,false,EXCLUDED,,
Bluebird Bowl Co. - Main St,400000939,140,09/26/2026 01:59 PM,09/26/2026 01:59 PM,700000939,Server A,,Counter,Lunch,Dine In,900000939,136997,,,,Fountain Drink,,Beverages,Main Menu,Beverage,5.50,0.00,5.50,2,0.45,false,false,false,EXCLUDED,,
Bluebird Bowl Co. - Main St,400000940,141,09/26/2026 02:03 PM,09/26/2026 02:03 PM,700000940,Server B,,Counter,Lunch,Dine In,900000940,110096,,,,Veggie Bowl,,Bowls,Main Menu,Food,13.50,0.00,13.50,1,1.11,false,false,false,EXCLUDED,,
Bluebird Bowl Co. - Main St,400000941,142,09/26/2026 02:05 PM,09/26/2026 02:05 PM,700000941,Server A,,Counter,Lunch,Dine In,900000941,191961,,,,Chicken Bowl,,Bowls,Main Menu,Food,24.00,0.00,24.00,2,1.98,false,false,false,EXCLUDED,,
Bluebird Bowl Co. - Main St,400000942,143,09/26/2026 02:14 PM,09/26/2026 02:14 PM,700000942,Server B,,Counter,Lunch,Dine In,900000942,191961,,,,Chicken Bowl,,Bowls,Main Menu,Food,24.00,0.00,24.00,2,1.98,false,false,false,EXCLUDED,,
Bluebird Bowl Co. - Main St,400000943,144,09/26/2026 02:44 PM,09/26/2026 02:44 PM,700000943,Server A,,Counter,Lunch,Dine In,900000943,110096,,,,Veggie Bowl,,Bowls,Main Menu,Food,27.00,0.00,27.00,2,2.23,false,false,false,EXCLUDED,,
Bluebird Bowl Co. - Main St,400000944,145,09/26/2026 02:45 PM,09/26/2026 02:45 PM,700000944,Server B,,Counter,Lunch,Take Out,900000944,175402,,,,Kids Tenders Plate,,Kids,Main Menu,Food,7.00,0.00,7.00,1,0.58,false,false,false,EXCLUDED,,
Bluebird Bowl Co. - Main St,400000945,146,09/26/2026 02:57 PM,09/26/2026 02:57 PM,700000945,Server A,,Counter,Lunch,Dine In,900000945,136997,,,,Fountain Drink,,Beverages,Main Menu,Beverage,2.75,0.00,2.75,1,0.23,false,false,false,EXCLUDED,,
Bluebird Bowl Co. - Main St,400000946,147,09/26/2026 03:05 PM,09/26/2026 03:05 PM,700000946,Server B,,Counter,Lunch,Take Out,900000946,158126,,,,Salmon Plate,,Plates,Main Menu,Food,19.00,0.00,19.00,1,1.57,false,false,false,EXCLUDED,,
Bluebird Bowl Co. - Main St,400000947,148,09/26/2026 04:01 PM,09/26/2026 04:01 PM,700000947,Server A,,Counter,Dinner,Dine In,900000947,191961,,,,Chicken Bowl,,Bowls,Main Menu,Food,12.00,0.00,12.00,1,0.99,false,false,false,EXCLUDED,,
Bluebird Bowl Co. - Main St,400000948,149,09/26/2026 04:41 PM,09/26/2026 04:41 PM,700000948,Server B,,Counter,Dinner,Dine In,900000948,191961,,,,Chicken Bowl,,Bowls,Main Menu,Food,12.00,0.00,12.00,1,0.99,false,false,false,EXCLUDED,,
Bluebird Bowl Co. - Main St,400000949,150,09/26/2026 05:17 PM,09/26/2026 05:17 PM,700000949,Server A,,Counter,Dinner,Dine In,900000949,136997,,,,Fountain Drink,,Beverages,Main Menu,Beverage,2.75,0.00,2.75,1,0.23,false,false,false,EXCLUDED,,
Bluebird Bowl Co. - Main St,400000950,151,09/26/2026 05:19 PM,09/26/2026 05:19 PM,700000950,Server B,,Counter,Dinner,Dine In,900000950,177015,,,,Steak Bowl,,Bowls,Main Menu,Food,32.00,0.00,32.00,2,2.64,false,false,false,EXCLUDED,,
Bluebird Bowl Co. - Main St,400000951,152,09/26/2026 05:36 PM,09/26/2026 05:36 PM,700000951,Server A,,Counter,Dinner,Take Out,900000951,158126,,,,Salmon Plate,,Plates,Main Menu,Food,19.00,0.00,19.00,1,1.57,false,false,false,EXCLUDED,,
Bluebird Bowl Co. - Main St,400000952,153,09/26/2026 05:37 PM,09/26/2026 05:37 PM,700000952,Server B,,Counter,Dinner,Dine In,900000952,177015,,,,Steak Bowl,,Bowls,Main Menu,Food,16.00,0.00,16.00,1,1.32,false,false,false,EXCLUDED,,
Bluebird Bowl Co. - Main St,400000953,154,09/26/2026 05:39 PM,09/26/2026 05:39 PM,700000953,Server A,,Counter,Dinner,Dine In,900000953,110096,,,,Veggie Bowl,,Bowls,Main Menu,Food,27.00,0.00,27.00,2,2.23,false,false,false,EXCLUDED,,
Bluebird Bowl Co. - Main St,400000954,155,09/26/2026 06:01 PM,09/26/2026 06:01 PM,700000954,Server B,,Counter,Dinner,Dine In,900000954,191961,,,,Chicken Bowl,,Bowls,Main Menu,Food,12.00,0.00,12.00,1,0.99,false,false,false,EXCLUDED,,
Bluebird Bowl Co. - Main St,400000955,156,09/26/2026 06:19 PM,09/26/2026 06:19 PM,700000955,Server A,,Counter,Dinner,Take Out,900000955,158126,,,,Salmon Plate,,Plates,Main Menu,Food,19.00,0.00,19.00,1,1.57,false,false,false,EXCLUDED,,
Bluebird Bowl Co. - Main St,400000956,157,09/26/2026 06:29 PM,09/26/2026 06:29 PM,700000956,Server B,,Counter,Dinner,Take Out,900000956,136997,,,,Fountain Drink,,Beverages,Main Menu,Beverage,2.75,0.00,2.75,1,0.23,false,false,false,EXCLUDED,,
Bluebird Bowl Co. - Main St,400000957,158,09/26/2026 06:51 PM,09/26/2026 06:51 PM,700000957,Server A,,Counter,Dinner,Take Out,900000957,191961,,,,Chicken Bowl,,Bowls,Main Menu,Food,12.00,0.00,12.00,1,0.99,false,false,false,EXCLUDED,,
Bluebird Bowl Co. - Main St,400000958,159,09/26/2026 06:51 PM,09/26/2026 06:51 PM,700000958,Server B,,Counter,Dinner,Take Out,900000958,136997,,,,Fountain Drink,,Beverages,Main Menu,Beverage,5.50,0.00,5.50,2,0.45,false,false,false,EXCLUDED,,
Bluebird Bowl Co. - Main St,400000959,160,09/26/2026 07:20 PM,09/26/2026 07:20 PM,700000959,Server A,,Counter,Dinner,Dine In,900000959,136997,,,,Fountain Drink,,Beverages,Main Menu,Beverage,2.75,0.00,2.75,1,0.23,false,false,false,EXCLUDED,,
Bluebird Bowl Co. - Main St,400000960,161,09/26/2026 07:24 PM,09/26/2026 07:24 PM,700000960,Server B,,Counter,Dinner,Dine In,900000960,158126,,,,Salmon Plate,,Plates,Main Menu,Food,19.00,0.00,19.00,1,1.57,false,false,false,EXCLUDED,,
Bluebird Bowl Co. - Main St,400000961,162,09/26/2026 08:07 PM,09/26/2026 08:07 PM,700000961,Server A,,Counter,Dinner,Take Out,900000961,136997,,,,Fountain Drink,,Beverages,Main Menu,Beverage,2.75,0.00,2.75,1,0.23,false,false,false,EXCLUDED,,
Bluebird Bowl Co. - Main St,400000962,163,09/26/2026 08:30 PM,09/26/2026 08:30 PM,700000962,Server B,,Counter,Dinner,Dine In,900000962,136997,,,,Fountain Drink,,Beverages,Main Menu,Beverage,5.50,0.00,5.50,2,0.45,false,false,false,EXCLUDED,,
Bluebird Bowl Co. - Main St,400000963,164,09/26/2026 08:41 PM,09/26/2026 08:41 PM,700000963,Server A,,Counter,Dinner,Dine In,900000963,191961,,,,Chicken Bowl,,Bowls,Main Menu,Food,12.00,0.00,12.00,1,0.99,false,false,false,EXCLUDED,,
Bluebird Bowl Co. - Main St,400000964,165,09/26/2026 08:58 PM,09/26/2026 08:58 PM,700000964,Server B,,Counter,Dinner,Dine In,900000964,158126,,,,Salmon Plate,,Plates,Main Menu,Food,19.00,0.00,19.00,1,1.57,false,false,false,EXCLUDED,,
Bluebird Bowl Co. - Main St,400000965,166,09/27/2026 11:15 AM,09/27/2026 11:15 AM,700000965,Server A,,Counter,Lunch,Take Out,900000965,177015,,,,Steak Bowl,,Bowls,Main Menu,Food,32.00,0.00,32.00,2,2.64,false,false,false,EXCLUDED,,
Bluebird Bowl Co. - Main St,400000966,167,09/27/2026 11:20 AM,09/27/2026 11:20 AM,700000966,Server B,,Counter,Lunch,Dine In,900000966,158126,,,,Salmon Plate,,Plates,Main Menu,Food,19.00,0.00,19.00,1,1.57,false,false,false,EXCLUDED,,
Bluebird Bowl Co. - Main St,400000967,168,09/27/2026 11:45 AM,09/27/2026 11:45 AM,700000967,Server A,,Counter,Lunch,Dine In,900000967,191961,,,,Chicken Bowl,,Bowls,Main Menu,Food,12.00,0.00,12.00,1,0.99,false,false,false,EXCLUDED,,
Bluebird Bowl Co. - Main St,400000968,169,09/27/2026 11:53 AM,09/27/2026 11:53 AM,700000968,Server B,,Counter,Lunch,Take Out,900000968,136997,,,,Fountain Drink,,Beverages,Main Menu,Beverage,2.75,0.00,2.75,1,0.23,false,false,false,EXCLUDED,,
Bluebird Bowl Co. - Main St,400000969,170,09/27/2026 12:08 PM,09/27/2026 12:08 PM,700000969,Server A,,Counter,Lunch,Dine In,900000969,136997,,,,Fountain Drink,,Beverages,Main Menu,Beverage,2.75,0.00,2.75,1,0.23,false,false,false,EXCLUDED,,
Bluebird Bowl Co. - Main St,400000970,171,09/27/2026 12:23 PM,09/27/2026 12:23 PM,700000970,Server B,,Counter,Lunch,Take Out,900000970,136997,,,,Fountain Drink,,Beverages,Main Menu,Beverage,2.75,0.00,2.75,1,0.23,false,false,false,EXCLUDED,,
Bluebird Bowl Co. - Main St,400000971,172,09/27/2026 12:32 PM,09/27/2026 12:32 PM,700000971,Server A,,Counter,Lunch,Dine In,900000971,136997,,,,Fountain Drink,,Beverages,Main Menu,Beverage,2.75,0.00,2.75,1,0.23,false,false,false,EXCLUDED,,
Bluebird Bowl Co. - Main St,400000972,173,09/27/2026 12:50 PM,09/27/2026 12:50 PM,700000972,Server B,,Counter,Lunch,Take Out,900000972,110096,,,,Veggie Bowl,,Bowls,Main Menu,Food,27.00,0.00,27.00,2,2.23,false,false,false,EXCLUDED,,
Bluebird Bowl Co. - Main St,400000973,174,09/27/2026 01:04 PM,09/27/2026 01:04 PM,700000973,Server A,,Counter,Lunch,Dine In,900000973,191961,,,,Chicken Bowl,,Bowls,Main Menu,Food,12.00,0.00,12.00,1,0.99,false,false,false,EXCLUDED,,
Bluebird Bowl Co. - Main St,400000974,175,09/27/2026 01:07 PM,09/27/2026 01:07 PM,700000974,Server B,,Counter,Lunch,Take Out,900000974,191961,,,,Chicken Bowl,,Bowls,Main Menu,Food,12.00,0.00,12.00,1,0.99,false,false,false,EXCLUDED,,
Bluebird Bowl Co. - Main St,400000975,176,09/27/2026 01:28 PM,09/27/2026 01:28 PM,700000975,Server A,,Counter,Lunch,Dine In,900000975,136997,,,,Fountain Drink,,Beverages,Main Menu,Beverage,2.75,0.00,2.75,1,0.23,false,false,false,EXCLUDED,,
Bluebird Bowl Co. - Main St,400000976,177,09/27/2026 02:10 PM,09/27/2026 02:10 PM,700000976,Server B,,Counter,Lunch,Dine In,900000976,177015,,,,Steak Bowl,,Bowls,Main Menu,Food,16.00,0.00,16.00,1,1.32,false,false,false,EXCLUDED,,
Bluebird Bowl Co. - Main St,400000977,178,09/27/2026 02:22 PM,09/27/2026 02:22 PM,700000977,Server A,,Counter,Lunch,Dine In,900000977,110096,,,,Veggie Bowl,,Bowls,Main Menu,Food,27.00,0.00,27.00,2,2.23,false,false,false,EXCLUDED,,
Bluebird Bowl Co. - Main St,400000978,179,09/27/2026 02:31 PM,09/27/2026 02:31 PM,700000978,Server B,,Counter,Lunch,Dine In,900000978,158126,,,,Salmon Plate,,Plates,Main Menu,Food,19.00,0.00,19.00,1,1.57,false,false,false,EXCLUDED,,
Bluebird Bowl Co. - Main St,400000979,180,09/27/2026 02:33 PM,09/27/2026 02:33 PM,700000979,Server A,,Counter,Lunch,Take Out,900000979,177015,,,,Steak Bowl,,Bowls,Main Menu,Food,16.00,0.00,16.00,1,1.32,false,false,false,EXCLUDED,,
Bluebird Bowl Co. - Main St,400000980,181,09/27/2026 02:52 PM,09/27/2026 02:52 PM,700000980,Server B,,Counter,Lunch,Dine In,900000980,158126,,,,Salmon Plate,,Plates,Main Menu,Food,19.00,0.00,19.00,1,1.57,false,false,false,EXCLUDED,,
Bluebird Bowl Co. - Main St,400000981,182,09/27/2026 03:43 PM,09/27/2026 03:43 PM,700000981,Server A,,Counter,Lunch,Dine In,900000981,158126,,,,Salmon Plate,,Plates,Main Menu,Food,19.00,0.00,19.00,1,1.57,false,false,false,EXCLUDED,,
Bluebird Bowl Co. - Main St,400000982,183,09/27/2026 03:50 PM,09/27/2026 03:50 PM,700000982,Server B,,Counter,Lunch,Take Out,900000982,191961,,,,Chicken Bowl,,Bowls,Main Menu,Food,12.00,0.00,12.00,1,0.99,false,false,false,EXCLUDED,,
Bluebird Bowl Co. - Main St,400000983,184,09/27/2026 04:05 PM,09/27/2026 04:05 PM,700000983,Server A,,Counter,Dinner,Dine In,900000983,191961,,,,Chicken Bowl,,Bowls,Main Menu,Food,12.00,0.00,12.00,1,0.99,false,false,false,EXCLUDED,,
Bluebird Bowl Co. - Main St,400000984,185,09/27/2026 04:19 PM,09/27/2026 04:19 PM,700000984,Server B,,Counter,Dinner,Dine In,900000984,177015,,,,Steak Bowl,,Bowls,Main Menu,Food,32.00,0.00,32.00,2,2.64,false,false,false,EXCLUDED,,
Bluebird Bowl Co. - Main St,400000985,186,09/27/2026 04:19 PM,09/27/2026 04:19 PM,700000985,Server A,,Counter,Dinner,Dine In,900000985,191961,,,,Chicken Bowl,,Bowls,Main Menu,Food,24.00,0.00,24.00,2,1.98,false,false,false,EXCLUDED,,
Bluebird Bowl Co. - Main St,400000986,187,09/27/2026 04:56 PM,09/27/2026 04:56 PM,700000986,Server B,,Counter,Dinner,Dine In,900000986,158126,,,,Salmon Plate,,Plates,Main Menu,Food,19.00,0.00,19.00,1,1.57,false,false,false,EXCLUDED,,
Bluebird Bowl Co. - Main St,400000987,188,09/27/2026 05:21 PM,09/27/2026 05:21 PM,700000987,Server A,,Counter,Dinner,Dine In,900000987,191961,,,,Chicken Bowl,,Bowls,Main Menu,Food,12.00,0.00,12.00,1,0.99,false,false,false,EXCLUDED,,
Bluebird Bowl Co. - Main St,400000988,189,09/27/2026 05:34 PM,09/27/2026 05:34 PM,700000988,Server B,,Counter,Dinner,Take Out,900000988,110096,,,,Veggie Bowl,,Bowls,Main Menu,Food,27.00,0.00,27.00,2,2.23,false,false,false,EXCLUDED,,
Bluebird Bowl Co. - Main St,400000989,190,09/27/2026 05:42 PM,09/27/2026 05:42 PM,700000989,Server A,,Counter,Dinner,Take Out,900000989,191961,,,,Chicken Bowl,,Bowls,Main Menu,Food,24.00,0.00,24.00,2,1.98,false,false,false,EXCLUDED,,
Bluebird Bowl Co. - Main St,400000990,191,09/27/2026 06:05 PM,09/27/2026 06:05 PM,700000990,Server B,,Counter,Dinner,Take Out,900000990,191961,,,,Chicken Bowl,,Bowls,Main Menu,Food,12.00,0.00,12.00,1,0.99,false,false,false,EXCLUDED,,
Bluebird Bowl Co. - Main St,400000991,192,09/27/2026 06:05 PM,09/27/2026 06:05 PM,700000991,Server A,,Counter,Dinner,Dine In,900000991,191961,,,,Chicken Bowl,,Bowls,Main Menu,Food,12.00,0.00,12.00,1,0.99,false,false,false,EXCLUDED,,
Bluebird Bowl Co. - Main St,400000992,193,09/27/2026 06:18 PM,09/27/2026 06:18 PM,700000992,Server B,,Counter,Dinner,Dine In,900000992,136997,,,,Fountain Drink,,Beverages,Main Menu,Beverage,2.75,0.00,2.75,1,0.23,false,false,false,EXCLUDED,,
Bluebird Bowl Co. - Main St,400000993,194,09/27/2026 06:23 PM,09/27/2026 06:23 PM,700000993,Server A,,Counter,Dinner,Dine In,900000993,175402,,,,Kids Tenders Plate,,Kids,Main Menu,Food,7.00,0.00,7.00,1,0.58,false,false,false,EXCLUDED,,
Bluebird Bowl Co. - Main St,400000994,195,09/27/2026 07:26 PM,09/27/2026 07:26 PM,700000994,Server B,,Counter,Dinner,Take Out,900000994,191961,,,,Chicken Bowl,,Bowls,Main Menu,Food,24.00,0.00,24.00,2,1.98,false,false,false,EXCLUDED,,
Bluebird Bowl Co. - Main St,400000995,196,09/27/2026 07:52 PM,09/27/2026 07:52 PM,700000995,Server A,,Counter,Dinner,Take Out,900000995,191961,,,,Chicken Bowl,,Bowls,Main Menu,Food,12.00,0.00,12.00,1,0.99,false,false,false,EXCLUDED,,
Bluebird Bowl Co. - Main St,400000996,197,09/27/2026 08:32 PM,09/27/2026 08:32 PM,700000996,Server B,,Counter,Dinner,Take Out,900000996,191961,,,,Chicken Bowl,,Bowls,Main Menu,Food,12.00,0.00,12.00,1,0.99,false,false,false,EXCLUDED,,
Bluebird Bowl Co. - Main St,400000997,198,09/27/2026 08:37 PM,09/27/2026 08:37 PM,700000997,Server A,,Counter,Dinner,Dine In,900000997,158126,,,,Salmon Plate,,Plates,Main Menu,Food,19.00,0.00,19.00,1,1.57,false,false,false,EXCLUDED,,
Bluebird Bowl Co. - Main St,400000998,199,09/12/2026 06:30 PM,09/12/2026 06:30 PM,700000998,Server B,,Counter,Dinner,Dine In,900000998,177015,,,,Steak Bowl,,Bowls,Main Menu,Food,16.00,0.00,16.00,1,1.32,true,false,false,EXCLUDED,,
